incident_id,facility_id,event_date,event_ts,acuity_code,severity_band,length_of_stay_hrs,_source_file,_landing_ts
INC-20250814-F-001-000,F-001,2025-08-14,2025-08-14T08:00:00,B2,MED,12.1,ehr_2025-08-14_F-001.csv,2025-08-14T02:00:00Z
INC-20250814-F-001-001,F-001,2025-08-14,2025-08-14T08:03:00,A1,HIGH,35.7,ehr_2025-08-14_F-001.csv,2025-08-14T02:01:00Z
INC-20250814-F-001-002,F-001,2025-08-14,2025-08-14T08:06:00,B1,MED,2.0,ehr_2025-08-14_F-001.csv,2025-08-14T02:02:00Z
INC-20250814-F-001-003,F-001,2025-08-14,2025-08-14T08:09:00,A2,HIGH,29.1,ehr_2025-08-14_F-001.csv,2025-08-14T02:03:00Z
INC-20250814-F-001-004,F-001,2025-08-14,2025-08-14T08:12:00,B2,HIGH,33.8,ehr_2025-08-14_F-001.csv,2025-08-14T02:04:00Z
INC-20250814-F-001-005,F-001,2025-08-14,2025-08-14T08:15:00,A4,HIGH,13.7,ehr_2025-08-14_F-001.csv,2025-08-14T02:05:00Z
INC-20250814-F-001-006,F-001,2025-08-14,2025-08-14T08:18:00,A2,HIGH,20.6,ehr_2025-08-14_F-001.csv,2025-08-14T02:06:00Z
INC-20250814-F-001-007,F-001,2025-08-14,2025-08-14T08:21:00,A2,MED,5.4,ehr_2025-08-14_F-001.csv,2025-08-14T02:07:00Z
INC-20250814-F-001-008,F-001,2025-08-14,2025-08-14T08:24:00,A3,MED,29.2,ehr_2025-08-14_F-001.csv,2025-08-14T02:08:00Z
INC-20250814-F-001-009,F-001,2025-08-14,2025-08-14T08:27:00,B2,MED,26.0,ehr_2025-08-14_F-001.csv,2025-08-14T02:09:00Z
INC-20250814-F-001-010,F-001,2025-08-14,2025-08-14T08:30:00,A4,LOW,26.7,ehr_2025-08-14_F-001.csv,2025-08-14T02:10:00Z
INC-20250814-F-001-011,F-001,2025-08-14,2025-08-14T08:33:00,B1,MED,27.9,ehr_2025-08-14_F-001.csv,2025-08-14T02:11:00Z
INC-20250814-F-001-012,F-001,2025-08-14,2025-08-14T08:36:00,A1,HIGH,11.3,ehr_2025-08-14_F-001.csv,2025-08-14T02:12:00Z
INC-20250814-F-001-013,F-001,2025-08-14,2025-08-14T08:39:00,A1,LOW,41.7,ehr_2025-08-14_F-001.csv,2025-08-14T02:13:00Z
INC-20250814-F-001-014,F-001,2025-08-14,2025-08-14T08:42:00,A4,HIGH,40.1,ehr_2025-08-14_F-001.csv,2025-08-14T02:14:00Z
INC-20250814-F-001-015,F-001,2025-08-14,2025-08-14T08:45:00,A3,LOW,32.3,ehr_2025-08-14_F-001.csv,2025-08-14T02:15:00Z
INC-20250814-F-001-016,F-001,2025-08-14,2025-08-14T08:48:00,B2,HIGH,3.9,ehr_2025-08-14_F-001.csv,2025-08-14T02:16:00Z
INC-20250814-F-001-017,F-001,2025-08-14,2025-08-14T08:51:00,B1,HIGH,12.1,ehr_2025-08-14_F-001.csv,2025-08-14T02:17:00Z
INC-20250814-F-002-000,F-002,2025-08-14,2025-08-14T08:00:00,B2,HIGH,27.0,ehr_2025-08-14_F-002.csv,2025-08-14T02:00:00Z
INC-20250814-F-002-001,F-002,2025-08-14,2025-08-14T08:03:00,A1,LOW,39.5,ehr_2025-08-14_F-002.csv,2025-08-14T02:01:00Z
INC-20250814-F-002-002,F-002,2025-08-14,2025-08-14T08:06:00,A4,MED,3.6,ehr_2025-08-14_F-002.csv,2025-08-14T02:02:00Z
INC-20250814-F-002-003,F-002,2025-08-14,2025-08-14T08:09:00,B1,HIGH,15.4,ehr_2025-08-14_F-002.csv,2025-08-14T02:03:00Z
INC-20250814-F-002-004,F-002,2025-08-14,2025-08-14T08:12:00,A4,HIGH,22.3,ehr_2025-08-14_F-002.csv,2025-08-14T02:04:00Z
INC-20250814-F-002-005,F-002,2025-08-14,2025-08-14T08:15:00,A2,HIGH,27.2,ehr_2025-08-14_F-002.csv,2025-08-14T02:05:00Z
INC-20250814-F-002-006,F-002,2025-08-14,2025-08-14T08:18:00,B1,MED,43.1,ehr_2025-08-14_F-002.csv,2025-08-14T02:06:00Z
INC-20250814-F-002-007,F-002,2025-08-14,2025-08-14T08:21:00,A2,LOW,24.7,ehr_2025-08-14_F-002.csv,2025-08-14T02:07:00Z
INC-20250814-F-002-008,F-002,2025-08-14,2025-08-14T08:24:00,A1,LOW,7.8,ehr_2025-08-14_F-002.csv,2025-08-14T02:08:00Z
INC-20250814-F-002-009,F-002,2025-08-14,2025-08-14T08:27:00,B2,MED,28.8,ehr_2025-08-14_F-002.csv,2025-08-14T02:09:00Z
INC-20250814-F-002-010,F-002,2025-08-14,2025-08-14T08:30:00,B1,MED,25.6,ehr_2025-08-14_F-002.csv,2025-08-14T02:10:00Z
INC-20250814-F-002-011,F-002,2025-08-14,2025-08-14T08:33:00,A1,HIGH,34.7,ehr_2025-08-14_F-002.csv,2025-08-14T02:11:00Z
INC-20250814-F-002-012,F-002,2025-08-14,2025-08-14T08:36:00,B1,MED,37.0,ehr_2025-08-14_F-002.csv,2025-08-14T02:12:00Z
INC-20250814-F-002-013,F-002,2025-08-14,2025-08-14T08:39:00,A3,MED,8.0,ehr_2025-08-14_F-002.csv,2025-08-14T02:13:00Z
INC-20250814-F-002-014,F-002,2025-08-14,2025-08-14T08:42:00,Z9,HIGH,13.0,ehr_2025-08-14_F-002.csv,2025-08-14T02:14:00Z
INC-20250814-F-003-000,F-003,2025-08-14,2025-08-14T08:00:00,B1,LOW,41.8,ehr_2025-08-14_F-003.csv,2025-08-14T02:00:00Z
INC-20250814-F-003-001,F-003,2025-08-14,2025-08-14T08:03:00,B2,HIGH,29.4,ehr_2025-08-14_F-003.csv,2025-08-14T02:01:00Z
INC-20250814-F-003-002,F-003,2025-08-14,2025-08-14T08:06:00,A2,HIGH,45.8,ehr_2025-08-14_F-003.csv,2025-08-14T02:02:00Z
INC-20250814-F-003-003,F-003,2025-08-14,2025-08-14T08:09:00,A1,HIGH,15.9,ehr_2025-08-14_F-003.csv,2025-08-14T02:03:00Z
INC-20250814-F-003-004,F-003,2025-08-14,2025-08-14T08:12:00,??,MED,11.9,ehr_2025-08-14_F-003.csv,2025-08-14T02:04:00Z
INC-20250814-F-003-005,F-003,2025-08-14,2025-08-14T08:15:00,B1,LOW,4.6,ehr_2025-08-14_F-003.csv,2025-08-14T02:05:00Z
INC-20250814-F-003-006,F-003,2025-08-14,2025-08-14T08:18:00,A1,HIGH,36.9,ehr_2025-08-14_F-003.csv,2025-08-14T02:06:00Z
INC-20250814-F-003-007,F-003,2025-08-14,2025-08-14T08:21:00,A4,HIGH,8.3,ehr_2025-08-14_F-003.csv,2025-08-14T02:07:00Z
INC-20250814-F-003-008,F-003,2025-08-14,2025-08-14T08:24:00,B1,MED,46.3,ehr_2025-08-14_F-003.csv,2025-08-14T02:08:00Z
INC-20250814-F-003-009,F-003,2025-08-14,2025-08-14T08:27:00,B2,HIGH,10.1,ehr_2025-08-14_F-003.csv,2025-08-14T02:09:00Z
INC-20250814-F-003-010,F-003,2025-08-14,2025-08-14T08:30:00,B2,HIGH,18.2,ehr_2025-08-14_F-003.csv,2025-08-14T02:10:00Z
INC-20250814-F-003-011,F-003,2025-08-14,2025-08-14T08:33:00,A4,LOW,12.3,ehr_2025-08-14_F-003.csv,2025-08-14T02:11:00Z
INC-20250814-F-003-012,F-003,2025-08-14,2025-08-14T08:36:00,A1,HIGH,26.8,ehr_2025-08-14_F-003.csv,2025-08-14T02:12:00Z
INC-20250814-F-003-013,F-003,2025-08-14,2025-08-14T08:39:00,A1,LOW,34.1,ehr_2025-08-14_F-003.csv,2025-08-14T02:13:00Z
INC-20250814-F-003-014,F-003,2025-08-14,2025-08-14T08:42:00,A1,LOW,41.3,ehr_2025-08-14_F-003.csv,2025-08-14T02:14:00Z
INC-20250814-F-003-015,F-003,2025-08-14,2025-08-14T08:45:00,A2,MED,32.3,ehr_2025-08-14_F-003.csv,2025-08-14T02:15:00Z
INC-20250814-F-004-000,F-004,2025-08-14,2025-08-14T08:00:00,B2,HIGH,27.9,ehr_2025-08-14_F-004.csv,2025-08-14T02:00:00Z
INC-20250814-F-004-001,F-004,2025-08-14,2025-08-14T08:03:00,A4,MED,9.5,ehr_2025-08-14_F-004.csv,2025-08-14T02:01:00Z
INC-20250814-F-004-002,F-004,2025-08-14,2025-08-14T08:06:00,A4,MED,20.6,ehr_2025-08-14_F-004.csv,2025-08-14T02:02:00Z
INC-20250814-F-004-003,F-004,2025-08-14,2025-08-14T08:09:00,B2,LOW,32.5,ehr_2025-08-14_F-004.csv,2025-08-14T02:03:00Z
INC-20250814-F-004-004,F-004,2025-08-14,2025-08-14T08:12:00,A1,LOW,19.6,ehr_2025-08-14_F-004.csv,2025-08-14T02:04:00Z
INC-20250814-F-004-005,F-004,2025-08-14,2025-08-14T08:15:00,A1,LOW,9.6,ehr_2025-08-14_F-004.csv,2025-08-14T02:05:00Z
INC-20250814-F-004-006,F-004,2025-08-14,2025-08-14T08:18:00,A2,MED,9.2,ehr_2025-08-14_F-004.csv,2025-08-14T02:06:00Z
INC-20250814-F-004-007,F-004,2025-08-14,2025-08-14T08:21:00,A1,MED,38.9,ehr_2025-08-14_F-004.csv,2025-08-14T02:07:00Z
INC-20250814-F-004-008,F-004,2025-08-14,2025-08-14T08:24:00,A1,LOW,31.5,ehr_2025-08-14_F-004.csv,2025-08-14T02:08:00Z
INC-20250814-F-004-009,F-004,2025-08-14,2025-08-14T08:27:00,A1,LOW,44.5,ehr_2025-08-14_F-004.csv,2025-08-14T02:09:00Z
INC-20250814-F-004-010,F-004,2025-08-14,2025-08-14T08:30:00,A2,MED,23.6,ehr_2025-08-14_F-004.csv,2025-08-14T02:10:00Z
INC-20250814-F-005-000,F-005,2025-08-14,2025-08-14T08:00:00,A1,LOW,18.5,ehr_2025-08-14_F-005.csv,2025-08-14T02:00:00Z
INC-20250814-F-005-001,F-005,2025-08-14,2025-08-14T08:03:00,A3,MED,14.0,ehr_2025-08-14_F-005.csv,2025-08-14T02:01:00Z
INC-20250814-F-005-002,F-005,2025-08-14,2025-08-14T08:06:00,B2,HIGH,31.9,ehr_2025-08-14_F-005.csv,2025-08-14T02:02:00Z
INC-20250814-F-005-003,F-005,2025-08-14,2025-08-14T08:09:00,A2,MED,10.8,ehr_2025-08-14_F-005.csv,2025-08-14T02:03:00Z
INC-20250814-F-005-004,F-005,2025-08-14,2025-08-14T08:12:00,B2,HIGH,3.4,ehr_2025-08-14_F-005.csv,2025-08-14T02:04:00Z
INC-20250814-F-005-005,F-005,2025-08-14,2025-08-14T08:15:00,A1,HIGH,23.1,ehr_2025-08-14_F-005.csv,2025-08-14T02:05:00Z
INC-20250814-F-005-006,F-005,2025-08-14,2025-08-14T08:18:00,B1,LOW,3.2,ehr_2025-08-14_F-005.csv,2025-08-14T02:06:00Z
INC-20250814-F-005-007,F-005,2025-08-14,2025-08-14T08:21:00,A2,LOW,28.8,ehr_2025-08-14_F-005.csv,2025-08-14T02:07:00Z
INC-20250814-F-005-008,F-005,2025-08-14,2025-08-14T08:24:00,A2,MED,6.2,ehr_2025-08-14_F-005.csv,2025-08-14T02:08:00Z
INC-20250814-F-005-009,F-005,2025-08-14,2025-08-14T08:27:00,A2,HIGH,28.7,ehr_2025-08-14_F-005.csv,2025-08-14T02:09:00Z
INC-20250814-F-005-010,F-005,2025-08-14,2025-08-14T08:30:00,A4,HIGH,28.2,ehr_2025-08-14_F-005.csv,2025-08-14T02:10:00Z
INC-20250814-F-006-000,F-006,2025-08-14,2025-08-14T08:00:00,A3,LOW,32.3,ehr_2025-08-14_F-006.csv,2025-08-14T02:00:00Z
INC-20250814-F-006-001,F-006,2025-08-14,2025-08-14T08:03:00,A3,MED,6.7,ehr_2025-08-14_F-006.csv,2025-08-14T02:01:00Z
INC-20250814-F-006-002,F-006,2025-08-14,2025-08-14T08:06:00,A4,MED,44.6,ehr_2025-08-14_F-006.csv,2025-08-14T02:02:00Z
INC-20250814-F-006-003,F-006,2025-08-14,2025-08-14T08:09:00,A1,MED,30.0,ehr_2025-08-14_F-006.csv,2025-08-14T02:03:00Z
INC-20250814-F-006-004,F-006,2025-08-14,2025-08-14T08:12:00,A1,LOW,26.0,ehr_2025-08-14_F-006.csv,2025-08-14T02:04:00Z
INC-20250814-F-006-005,F-006,2025-08-14,2025-08-14T08:15:00,A2,MED,42.3,ehr_2025-08-14_F-006.csv,2025-08-14T02:05:00Z
INC-20250814-F-006-006,F-006,2025-08-14,2025-08-14T08:18:00,A3,MED,8.0,ehr_2025-08-14_F-006.csv,2025-08-14T02:06:00Z
INC-20250814-F-006-007,F-006,2025-08-14,2025-08-14T08:21:00,B2,MED,29.6,ehr_2025-08-14_F-006.csv,2025-08-14T02:07:00Z
INC-20250814-F-006-008,F-006,2025-08-14,2025-08-14T08:24:00,B2,HIGH,0.9,ehr_2025-08-14_F-006.csv,2025-08-14T02:08:00Z
INC-20250814-F-006-009,F-006,2025-08-14,2025-08-14T08:27:00,A3,HIGH,5.4,ehr_2025-08-14_F-006.csv,2025-08-14T02:09:00Z
INC-20250814-F-006-010,F-006,2025-08-14,2025-08-14T08:30:00,A3,LOW,42.8,ehr_2025-08-14_F-006.csv,2025-08-14T02:10:00Z
INC-20250814-F-006-011,F-006,2025-08-14,2025-08-14T08:33:00,A2,MED,13.9,ehr_2025-08-14_F-006.csv,2025-08-14T02:11:00Z
INC-20250814-F-006-012,F-006,2025-08-14,2025-08-14T08:36:00,A3,LOW,33.2,ehr_2025-08-14_F-006.csv,2025-08-14T02:12:00Z
INC-20250814-F-006-013,F-006,2025-08-14,2025-08-14T08:39:00,B1,MED,12.4,ehr_2025-08-14_F-006.csv,2025-08-14T02:13:00Z
INC-20250814-F-006-014,F-006,2025-08-14,2025-08-14T08:42:00,A1,LOW,30.6,ehr_2025-08-14_F-006.csv,2025-08-14T02:14:00Z
INC-20250814-F-006-015,F-006,2025-08-14,2025-08-14T08:45:00,A1,LOW,16.3,ehr_2025-08-14_F-006.csv,2025-08-14T02:15:00Z
INC-20250814-F-007-000,F-007,2025-08-14,2025-08-14T08:00:00,A3,LOW,35.7,ehr_2025-08-14_F-007.csv,2025-08-14T02:00:00Z
INC-20250814-F-007-001,F-007,2025-08-14,2025-08-14T08:03:00,A4,HIGH,1.0,ehr_2025-08-14_F-007.csv,2025-08-14T02:01:00Z
INC-20250814-F-007-002,F-007,2025-08-14,2025-08-14T08:06:00,B2,LOW,26.4,ehr_2025-08-14_F-007.csv,2025-08-14T02:02:00Z
INC-20250814-F-007-003,F-007,2025-08-14,2025-08-14T08:09:00,B1,HIGH,7.5,ehr_2025-08-14_F-007.csv,2025-08-14T02:03:00Z
INC-20250814-F-007-004,F-007,2025-08-14,2025-08-14T08:12:00,A3,MED,43.2,ehr_2025-08-14_F-007.csv,2025-08-14T02:04:00Z
INC-20250814-F-007-005,F-007,2025-08-14,2025-08-14T08:15:00,A1,MED,10.5,ehr_2025-08-14_F-007.csv,2025-08-14T02:05:00Z
INC-20250814-F-007-006,F-007,2025-08-14,2025-08-14T08:18:00,A1,MED,37.6,ehr_2025-08-14_F-007.csv,2025-08-14T02:06:00Z
INC-20250814-F-007-007,F-007,2025-08-14,2025-08-14T08:21:00,A4,HIGH,36.1,ehr_2025-08-14_F-007.csv,2025-08-14T02:07:00Z
INC-20250814-F-007-008,F-007,2025-08-14,2025-08-14T08:24:00,A2,LOW,46.9,ehr_2025-08-14_F-007.csv,2025-08-14T02:08:00Z
INC-20250814-F-007-009,F-007,2025-08-14,2025-08-14T08:27:00,A4,LOW,9.0,ehr_2025-08-14_F-007.csv,2025-08-14T02:09:00Z
INC-20250814-F-008-000,F-008,2025-08-14,2025-08-14T08:00:00,A4,HIGH,41.5,ehr_2025-08-14_F-008.csv,2025-08-14T02:00:00Z
INC-20250814-F-008-001,F-008,2025-08-14,2025-08-14T08:03:00,A3,LOW,37.9,ehr_2025-08-14_F-008.csv,2025-08-14T02:01:00Z
INC-20250814-F-008-002,F-008,2025-08-14,2025-08-14T08:06:00,A1,MED,11.1,ehr_2025-08-14_F-008.csv,2025-08-14T02:02:00Z
INC-20250814-F-008-003,F-008,2025-08-14,2025-08-14T08:09:00,A4,MED,15.0,ehr_2025-08-14_F-008.csv,2025-08-14T02:03:00Z
INC-20250814-F-008-004,F-008,2025-08-14,2025-08-14T08:12:00,A2,LOW,1.6,ehr_2025-08-14_F-008.csv,2025-08-14T02:04:00Z
INC-20250814-F-008-005,F-008,2025-08-14,2025-08-14T08:15:00,A3,MED,41.6,ehr_2025-08-14_F-008.csv,2025-08-14T02:05:00Z
INC-20250814-F-008-006,F-008,2025-08-14,2025-08-14T08:18:00,A3,MED,31.0,ehr_2025-08-14_F-008.csv,2025-08-14T02:06:00Z
INC-20250814-F-008-007,F-008,2025-08-14,2025-08-14T08:21:00,B1,MED,45.1,ehr_2025-08-14_F-008.csv,2025-08-14T02:07:00Z
INC-20250814-F-008-008,F-008,2025-08-14,2025-08-14T08:24:00,A3,LOW,28.1,ehr_2025-08-14_F-008.csv,2025-08-14T02:08:00Z
INC-20250814-F-008-009,F-008,2025-08-14,2025-08-14T08:27:00,A1,LOW,28.8,ehr_2025-08-14_F-008.csv,2025-08-14T02:09:00Z
INC-20250814-F-008-010,F-008,2025-08-14,2025-08-14T08:30:00,A3,MED,29.3,ehr_2025-08-14_F-008.csv,2025-08-14T02:10:00Z
INC-20250814-F-008-011,F-008,2025-08-14,2025-08-14T08:33:00,A4,HIGH,9.5,ehr_2025-08-14_F-008.csv,2025-08-14T02:11:00Z
INC-20250814-F-008-012,F-008,2025-08-14,2025-08-14T08:36:00,A4,LOW,25.2,ehr_2025-08-14_F-008.csv,2025-08-14T02:12:00Z
INC-20250814-F-008-013,F-008,2025-08-14,2025-08-14T08:39:00,B2,HIGH,45.2,ehr_2025-08-14_F-008.csv,2025-08-14T02:13:00Z
INC-20250814-F-008-014,F-008,2025-08-14,2025-08-14T08:42:00,A2,MED,21.0,ehr_2025-08-14_F-008.csv,2025-08-14T02:14:00Z
INC-20250814-F-008-015,F-008,2025-08-14,2025-08-14T08:45:00,A3,HIGH,15.4,ehr_2025-08-14_F-008.csv,2025-08-14T02:15:00Z
INC-20250814-F-008-016,F-008,2025-08-14,2025-08-14T08:48:00,B2,MED,24.6,ehr_2025-08-14_F-008.csv,2025-08-14T02:16:00Z
INC-20250814-F-008-017,F-008,2025-08-14,2025-08-14T08:51:00,A3,MED,33.6,ehr_2025-08-14_F-008.csv,2025-08-14T02:17:00Z
INC-20250814-F-008-018,F-008,2025-08-14,2025-08-14T08:54:00,A2,MED,32.1,ehr_2025-08-14_F-008.csv,2025-08-14T02:18:00Z
INC-20250814-F-008-019,F-008,2025-08-14,2025-08-14T08:57:00,B2,LOW,29.7,ehr_2025-08-14_F-008.csv,2025-08-14T02:19:00Z
INC-20250814-F-008-020,F-008,2025-08-14,2025-08-14T09:00:00,B1,LOW,14.9,ehr_2025-08-14_F-008.csv,2025-08-14T02:20:00Z
INC-20250814-F-008-021,F-008,2025-08-14,2025-08-14T09:03:00,B1,HIGH,31.6,ehr_2025-08-14_F-008.csv,2025-08-14T02:21:00Z
INC-20250814-F-009-000,F-009,2025-08-14,2025-08-14T08:00:00,B2,LOW,24.8,ehr_2025-08-14_F-009.csv,2025-08-14T02:00:00Z
INC-20250814-F-009-001,F-009,2025-08-14,2025-08-14T08:03:00,B2,LOW,31.8,ehr_2025-08-14_F-009.csv,2025-08-14T02:01:00Z
INC-20250814-F-009-002,F-009,2025-08-14,2025-08-14T08:06:00,B2,HIGH,29.9,ehr_2025-08-14_F-009.csv,2025-08-14T02:02:00Z
INC-20250814-F-009-003,F-009,2025-08-14,2025-08-14T08:09:00,A2,HIGH,15.2,ehr_2025-08-14_F-009.csv,2025-08-14T02:03:00Z
INC-20250814-F-009-004,F-009,2025-08-14,2025-08-14T08:12:00,A2,LOW,2.7,ehr_2025-08-14_F-009.csv,2025-08-14T02:04:00Z
INC-20250814-F-009-005,F-009,2025-08-14,2025-08-14T08:15:00,B1,LOW,22.1,ehr_2025-08-14_F-009.csv,2025-08-14T02:05:00Z
INC-20250814-F-009-006,F-009,2025-08-14,2025-08-14T08:18:00,B1,LOW,34.6,ehr_2025-08-14_F-009.csv,2025-08-14T02:06:00Z
INC-20250814-F-009-007,F-009,2025-08-14,2025-08-14T08:21:00,A4,LOW,7.5,ehr_2025-08-14_F-009.csv,2025-08-14T02:07:00Z
INC-20250814-F-009-008,F-009,2025-08-14,2025-08-14T08:24:00,A1,MED,10.9,ehr_2025-08-14_F-009.csv,2025-08-14T02:08:00Z
INC-20250814-F-009-009,F-009,2025-08-14,2025-08-14T08:27:00,B2,HIGH,22.6,ehr_2025-08-14_F-009.csv,2025-08-14T02:09:00Z
INC-20250814-F-009-010,F-009,2025-08-14,2025-08-14T08:30:00,A1,MED,6.8,ehr_2025-08-14_F-009.csv,2025-08-14T02:10:00Z
INC-20250814-F-009-011,F-009,2025-08-14,2025-08-14T08:33:00,B1,HIGH,28.8,ehr_2025-08-14_F-009.csv,2025-08-14T02:11:00Z
INC-20250814-F-009-012,F-009,2025-08-14,2025-08-14T08:36:00,A4,HIGH,39.2,ehr_2025-08-14_F-009.csv,2025-08-14T02:12:00Z
INC-20250814-F-009-013,F-009,2025-08-14,2025-08-14T08:39:00,A4,HIGH,21.7,ehr_2025-08-14_F-009.csv,2025-08-14T02:13:00Z
INC-20250814-F-009-014,F-009,2025-08-14,2025-08-14T08:42:00,A4,MED,12.8,ehr_2025-08-14_F-009.csv,2025-08-14T02:14:00Z
INC-20250814-F-010-000,F-010,2025-08-14,2025-08-14T08:00:00,A3,HIGH,23.5,ehr_2025-08-14_F-010.csv,2025-08-14T02:00:00Z
INC-20250814-F-010-001,F-010,2025-08-14,2025-08-14T08:03:00,A4,LOW,34.4,ehr_2025-08-14_F-010.csv,2025-08-14T02:01:00Z
INC-20250814-F-010-002,F-010,2025-08-14,2025-08-14T08:06:00,A3,MED,42.9,ehr_2025-08-14_F-010.csv,2025-08-14T02:02:00Z
INC-20250814-F-010-003,F-010,2025-08-14,2025-08-14T08:09:00,A2,LOW,18.7,ehr_2025-08-14_F-010.csv,2025-08-14T02:03:00Z
INC-20250814-F-010-004,F-010,2025-08-14,2025-08-14T08:12:00,A2,LOW,20.2,ehr_2025-08-14_F-010.csv,2025-08-14T02:04:00Z
INC-20250814-F-010-005,F-010,2025-08-14,2025-08-14T08:15:00,A4,MED,3.5,ehr_2025-08-14_F-010.csv,2025-08-14T02:05:00Z
INC-20250814-F-010-006,F-010,2025-08-14,2025-08-14T08:18:00,A4,HIGH,45.4,ehr_2025-08-14_F-010.csv,2025-08-14T02:06:00Z
INC-20250814-F-010-007,F-010,2025-08-14,2025-08-14T08:21:00,Z9,MED,23.2,ehr_2025-08-14_F-010.csv,2025-08-14T02:07:00Z
INC-20250814-F-010-008,F-010,2025-08-14,2025-08-14T08:24:00,A3,MED,41.0,ehr_2025-08-14_F-010.csv,2025-08-14T02:08:00Z
INC-20250814-F-010-009,F-010,2025-08-14,2025-08-14T08:27:00,A4,HIGH,36.0,ehr_2025-08-14_F-010.csv,2025-08-14T02:09:00Z
INC-20250814-F-010-010,F-010,2025-08-14,2025-08-14T08:30:00,B1,LOW,23.7,ehr_2025-08-14_F-010.csv,2025-08-14T02:10:00Z
INC-20250814-F-011-000,F-011,2025-08-14,2025-08-14T08:00:00,A1,MED,16.5,ehr_2025-08-14_F-011.csv,2025-08-14T02:00:00Z
INC-20250814-F-011-001,F-011,2025-08-14,2025-08-14T08:03:00,A4,HIGH,8.3,ehr_2025-08-14_F-011.csv,2025-08-14T02:01:00Z
INC-20250814-F-011-002,F-011,2025-08-14,2025-08-14T08:06:00,A2,HIGH,25.9,ehr_2025-08-14_F-011.csv,2025-08-14T02:02:00Z
INC-20250814-F-011-003,F-011,2025-08-14,2025-08-14T08:09:00,B1,HIGH,32.0,ehr_2025-08-14_F-011.csv,2025-08-14T02:03:00Z
INC-20250814-F-011-004,F-011,2025-08-14,2025-08-14T08:12:00,A4,LOW,41.7,ehr_2025-08-14_F-011.csv,2025-08-14T02:04:00Z
INC-20250814-F-011-005,F-011,2025-08-14,2025-08-14T08:15:00,A3,MED,16.0,ehr_2025-08-14_F-011.csv,2025-08-14T02:05:00Z
INC-20250814-F-011-006,F-011,2025-08-14,2025-08-14T08:18:00,A3,MED,13.7,ehr_2025-08-14_F-011.csv,2025-08-14T02:06:00Z
INC-20250814-F-011-007,F-011,2025-08-14,2025-08-14T08:21:00,A4,MED,40.2,ehr_2025-08-14_F-011.csv,2025-08-14T02:07:00Z
INC-20250814-F-011-008,F-011,2025-08-14,2025-08-14T08:24:00,B2,HIGH,3.0,ehr_2025-08-14_F-011.csv,2025-08-14T02:08:00Z
INC-20250814-F-011-009,F-011,2025-08-14,2025-08-14T08:27:00,A2,HIGH,3.8,ehr_2025-08-14_F-011.csv,2025-08-14T02:09:00Z
INC-20250814-F-011-010,F-011,2025-08-14,2025-08-14T08:30:00,A1,LOW,45.6,ehr_2025-08-14_F-011.csv,2025-08-14T02:10:00Z
INC-20250814-F-011-011,F-011,2025-08-14,2025-08-14T08:33:00,A1,HIGH,7.7,ehr_2025-08-14_F-011.csv,2025-08-14T02:11:00Z
INC-20250814-F-012-000,F-012,2025-08-14,2025-08-14T08:00:00,A1,HIGH,45.5,ehr_2025-08-14_F-012.csv,2025-08-14T02:00:00Z
INC-20250814-F-012-001,F-012,2025-08-14,2025-08-14T08:03:00,A3,MED,8.5,ehr_2025-08-14_F-012.csv,2025-08-14T02:01:00Z
INC-20250814-F-012-002,F-012,2025-08-14,2025-08-14T08:06:00,B2,HIGH,5.9,ehr_2025-08-14_F-012.csv,2025-08-14T02:02:00Z
INC-20250814-F-012-003,F-012,2025-08-14,2025-08-14T08:09:00,A3,LOW,28.0,ehr_2025-08-14_F-012.csv,2025-08-14T02:03:00Z
INC-20250814-F-012-004,F-012,2025-08-14,2025-08-14T08:12:00,B1,HIGH,43.6,ehr_2025-08-14_F-012.csv,2025-08-14T02:04:00Z
INC-20250814-F-012-005,F-012,2025-08-14,2025-08-14T08:15:00,B2,LOW,4.1,ehr_2025-08-14_F-012.csv,2025-08-14T02:05:00Z
INC-20250814-F-012-006,F-012,2025-08-14,2025-08-14T08:18:00,B2,LOW,5.3,ehr_2025-08-14_F-012.csv,2025-08-14T02:06:00Z
INC-20250814-F-012-007,F-012,2025-08-14,2025-08-14T08:21:00,B2,HIGH,38.8,ehr_2025-08-14_F-012.csv,2025-08-14T02:07:00Z
INC-20250814-F-012-008,F-012,2025-08-14,2025-08-14T08:24:00,B1,LOW,17.0,ehr_2025-08-14_F-012.csv,2025-08-14T02:08:00Z
INC-20250814-F-012-009,F-012,2025-08-14,2025-08-14T08:27:00,A3,LOW,24.5,ehr_2025-08-14_F-012.csv,2025-08-14T02:09:00Z
INC-20250814-F-013-000,F-013,2025-08-14,2025-08-14T08:00:00,??,MED,5.5,ehr_2025-08-14_F-013.csv,2025-08-14T02:00:00Z
INC-20250814-F-013-001,F-013,2025-08-14,2025-08-14T08:03:00,B2,MED,34.1,ehr_2025-08-14_F-013.csv,2025-08-14T02:01:00Z
INC-20250814-F-013-002,F-013,2025-08-14,2025-08-14T08:06:00,B2,HIGH,46.4,ehr_2025-08-14_F-013.csv,2025-08-14T02:02:00Z
INC-20250814-F-013-003,F-013,2025-08-14,2025-08-14T08:09:00,B1,MED,22.6,ehr_2025-08-14_F-013.csv,2025-08-14T02:03:00Z
INC-20250814-F-013-004,F-013,2025-08-14,2025-08-14T08:12:00,B1,MED,15.8,ehr_2025-08-14_F-013.csv,2025-08-14T02:04:00Z
INC-20250814-F-013-005,F-013,2025-08-14,2025-08-14T08:15:00,A1,MED,42.4,ehr_2025-08-14_F-013.csv,2025-08-14T02:05:00Z
INC-20250814-F-013-006,F-013,2025-08-14,2025-08-14T08:18:00,A4,HIGH,29.5,ehr_2025-08-14_F-013.csv,2025-08-14T02:06:00Z
INC-20250814-F-013-007,F-013,2025-08-14,2025-08-14T08:21:00,A1,MED,40.9,ehr_2025-08-14_F-013.csv,2025-08-14T02:07:00Z
INC-20250814-F-013-008,F-013,2025-08-14,2025-08-14T08:24:00,A2,MED,38.4,ehr_2025-08-14_F-013.csv,2025-08-14T02:08:00Z
INC-20250814-F-013-009,F-013,2025-08-14,2025-08-14T08:27:00,B1,HIGH,42.3,ehr_2025-08-14_F-013.csv,2025-08-14T02:09:00Z
INC-20250814-F-013-010,F-013,2025-08-14,2025-08-14T08:30:00,B1,LOW,4.6,ehr_2025-08-14_F-013.csv,2025-08-14T02:10:00Z
INC-20250814-F-013-011,F-013,2025-08-14,2025-08-14T08:33:00,A4,HIGH,36.5,ehr_2025-08-14_F-013.csv,2025-08-14T02:11:00Z
INC-20250814-F-013-012,F-013,2025-08-14,2025-08-14T08:36:00,B2,HIGH,23.8,ehr_2025-08-14_F-013.csv,2025-08-14T02:12:00Z
INC-20250814-F-014-000,F-014,2025-08-14,2025-08-14T08:00:00,??,LOW,19.7,ehr_2025-08-14_F-014.csv,2025-08-14T02:00:00Z
INC-20250814-F-014-001,F-014,2025-08-14,2025-08-14T08:03:00,B2,HIGH,18.0,ehr_2025-08-14_F-014.csv,2025-08-14T02:01:00Z
INC-20250814-F-014-002,F-014,2025-08-14,2025-08-14T08:06:00,A3,MED,47.8,ehr_2025-08-14_F-014.csv,2025-08-14T02:02:00Z
INC-20250814-F-014-003,F-014,2025-08-14,2025-08-14T08:09:00,A3,HIGH,22.1,ehr_2025-08-14_F-014.csv,2025-08-14T02:03:00Z
INC-20250814-F-014-004,F-014,2025-08-14,2025-08-14T08:12:00,A2,LOW,34.8,ehr_2025-08-14_F-014.csv,2025-08-14T02:04:00Z
INC-20250814-F-014-005,F-014,2025-08-14,2025-08-14T08:15:00,B2,HIGH,45.7,ehr_2025-08-14_F-014.csv,2025-08-14T02:05:00Z
INC-20250814-F-014-006,F-014,2025-08-14,2025-08-14T08:18:00,A2,LOW,35.6,ehr_2025-08-14_F-014.csv,2025-08-14T02:06:00Z
INC-20250814-F-014-007,F-014,2025-08-14,2025-08-14T08:21:00,B1,HIGH,28.8,ehr_2025-08-14_F-014.csv,2025-08-14T02:07:00Z
INC-20250814-F-014-008,F-014,2025-08-14,2025-08-14T08:24:00,A2,MED,11.3,ehr_2025-08-14_F-014.csv,2025-08-14T02:08:00Z
INC-20250814-F-014-009,F-014,2025-08-14,2025-08-14T08:27:00,A1,HIGH,25.9,ehr_2025-08-14_F-014.csv,2025-08-14T02:09:00Z
INC-20250814-F-014-010,F-014,2025-08-14,2025-08-14T08:30:00,A1,HIGH,14.4,ehr_2025-08-14_F-014.csv,2025-08-14T02:10:00Z
INC-20250814-F-014-011,F-014,2025-08-14,2025-08-14T08:33:00,B2,MED,5.4,ehr_2025-08-14_F-014.csv,2025-08-14T02:11:00Z
INC-20250814-F-014-012,F-014,2025-08-14,2025-08-14T08:36:00,??,MED,23.2,ehr_2025-08-14_F-014.csv,2025-08-14T02:12:00Z
INC-20250814-F-014-013,F-014,2025-08-14,2025-08-14T08:39:00,A1,MED,45.2,ehr_2025-08-14_F-014.csv,2025-08-14T02:13:00Z
INC-20250814-F-014-014,F-014,2025-08-14,2025-08-14T08:42:00,A1,MED,23.9,ehr_2025-08-14_F-014.csv,2025-08-14T02:14:00Z
INC-20250814-F-014-015,F-014,2025-08-14,2025-08-14T08:45:00,B2,LOW,7.7,ehr_2025-08-14_F-014.csv,2025-08-14T02:15:00Z
INC-20250814-F-014-016,F-014,2025-08-14,2025-08-14T08:48:00,A3,LOW,47.7,ehr_2025-08-14_F-014.csv,2025-08-14T02:16:00Z
INC-20250814-F-014-017,F-014,2025-08-14,2025-08-14T08:51:00,A4,HIGH,28.8,ehr_2025-08-14_F-014.csv,2025-08-14T02:17:00Z
INC-20250814-F-014-018,F-014,2025-08-14,2025-08-14T08:54:00,B1,MED,21.9,ehr_2025-08-14_F-014.csv,2025-08-14T02:18:00Z
INC-20250814-F-014-019,F-014,2025-08-14,2025-08-14T08:57:00,B1,MED,15.0,ehr_2025-08-14_F-014.csv,2025-08-14T02:19:00Z
INC-20250814-F-015-000,F-015,2025-08-14,2025-08-14T08:00:00,B2,LOW,45.5,ehr_2025-08-14_F-015.csv,2025-08-14T02:00:00Z
INC-20250814-F-015-001,F-015,2025-08-14,2025-08-14T08:03:00,A2,MED,31.9,ehr_2025-08-14_F-015.csv,2025-08-14T02:01:00Z
INC-20250814-F-015-002,F-015,2025-08-14,2025-08-14T08:06:00,A2,HIGH,4.1,ehr_2025-08-14_F-015.csv,2025-08-14T02:02:00Z
INC-20250814-F-015-003,F-015,2025-08-14,2025-08-14T08:09:00,??,HIGH,28.7,ehr_2025-08-14_F-015.csv,2025-08-14T02:03:00Z
INC-20250814-F-015-004,F-015,2025-08-14,2025-08-14T08:12:00,A2,MED,34.1,ehr_2025-08-14_F-015.csv,2025-08-14T02:04:00Z
INC-20250814-F-015-005,F-015,2025-08-14,2025-08-14T08:15:00,A4,LOW,33.2,ehr_2025-08-14_F-015.csv,2025-08-14T02:05:00Z
INC-20250814-F-015-006,F-015,2025-08-14,2025-08-14T08:18:00,B2,HIGH,31.9,ehr_2025-08-14_F-015.csv,2025-08-14T02:06:00Z
INC-20250814-F-015-007,F-015,2025-08-14,2025-08-14T08:21:00,A4,LOW,26.4,ehr_2025-08-14_F-015.csv,2025-08-14T02:07:00Z
INC-20250814-F-015-008,F-015,2025-08-14,2025-08-14T08:24:00,A3,LOW,3.9,ehr_2025-08-14_F-015.csv,2025-08-14T02:08:00Z
INC-20250814-F-015-009,F-015,2025-08-14,2025-08-14T08:27:00,A3,HIGH,36.1,ehr_2025-08-14_F-015.csv,2025-08-14T02:09:00Z
INC-20250814-F-015-010,F-015,2025-08-14,2025-08-14T08:30:00,A3,MED,6.4,ehr_2025-08-14_F-015.csv,2025-08-14T02:10:00Z
INC-20250814-F-015-011,F-015,2025-08-14,2025-08-14T08:33:00,B2,MED,45.3,ehr_2025-08-14_F-015.csv,2025-08-14T02:11:00Z
INC-20250814-F-015-012,F-015,2025-08-14,2025-08-14T08:36:00,A4,MED,4.3,ehr_2025-08-14_F-015.csv,2025-08-14T02:12:00Z
INC-20250814-F-015-013,F-015,2025-08-14,2025-08-14T08:39:00,A4,HIGH,15.8,ehr_2025-08-14_F-015.csv,2025-08-14T02:13:00Z
INC-20250814-F-015-014,F-015,2025-08-14,2025-08-14T08:42:00,A1,LOW,46.2,ehr_2025-08-14_F-015.csv,2025-08-14T02:14:00Z
INC-20250814-F-015-015,F-015,2025-08-14,2025-08-14T08:45:00,B1,HIGH,45.7,ehr_2025-08-14_F-015.csv,2025-08-14T02:15:00Z
INC-20250814-F-015-016,F-015,2025-08-14,2025-08-14T08:48:00,B2,MED,27.9,ehr_2025-08-14_F-015.csv,2025-08-14T02:16:00Z
INC-20250814-F-016-000,F-016,2025-08-14,2025-08-14T08:00:00,A4,HIGH,31.4,ehr_2025-08-14_F-016.csv,2025-08-14T02:00:00Z
INC-20250814-F-016-001,F-016,2025-08-14,2025-08-14T08:03:00,A2,HIGH,21.2,ehr_2025-08-14_F-016.csv,2025-08-14T02:01:00Z
INC-20250814-F-016-002,F-016,2025-08-14,2025-08-14T08:06:00,A1,MED,17.0,ehr_2025-08-14_F-016.csv,2025-08-14T02:02:00Z
INC-20250814-F-016-003,F-016,2025-08-14,2025-08-14T08:09:00,B2,LOW,41.2,ehr_2025-08-14_F-016.csv,2025-08-14T02:03:00Z
INC-20250814-F-016-004,F-016,2025-08-14,2025-08-14T08:12:00,B2,MED,14.2,ehr_2025-08-14_F-016.csv,2025-08-14T02:04:00Z
INC-20250814-F-016-005,F-016,2025-08-14,2025-08-14T08:15:00,B1,LOW,22.1,ehr_2025-08-14_F-016.csv,2025-08-14T02:05:00Z
INC-20250814-F-016-006,F-016,2025-08-14,2025-08-14T08:18:00,A3,LOW,46.6,ehr_2025-08-14_F-016.csv,2025-08-14T02:06:00Z
INC-20250814-F-016-007,F-016,2025-08-14,2025-08-14T08:21:00,B1,LOW,31.7,ehr_2025-08-14_F-016.csv,2025-08-14T02:07:00Z
INC-20250814-F-016-008,F-016,2025-08-14,2025-08-14T08:24:00,A4,LOW,9.4,ehr_2025-08-14_F-016.csv,2025-08-14T02:08:00Z
INC-20250814-F-016-009,F-016,2025-08-14,2025-08-14T08:27:00,A4,HIGH,21.5,ehr_2025-08-14_F-016.csv,2025-08-14T02:09:00Z
INC-20250814-F-016-010,F-016,2025-08-14,2025-08-14T08:30:00,A3,HIGH,6.7,ehr_2025-08-14_F-016.csv,2025-08-14T02:10:00Z
INC-20250814-F-016-011,F-016,2025-08-14,2025-08-14T08:33:00,B2,MED,6.3,ehr_2025-08-14_F-016.csv,2025-08-14T02:11:00Z
INC-20250814-F-016-012,F-016,2025-08-14,2025-08-14T08:36:00,B1,LOW,34.2,ehr_2025-08-14_F-016.csv,2025-08-14T02:12:00Z
INC-20250814-F-016-013,F-016,2025-08-14,2025-08-14T08:39:00,A1,HIGH,19.9,ehr_2025-08-14_F-016.csv,2025-08-14T02:13:00Z
INC-20250814-F-016-014,F-016,2025-08-14,2025-08-14T08:42:00,A1,MED,45.5,ehr_2025-08-14_F-016.csv,2025-08-14T02:14:00Z
INC-20250814-F-016-015,F-016,2025-08-14,2025-08-14T08:45:00,A2,MED,44.8,ehr_2025-08-14_F-016.csv,2025-08-14T02:15:00Z
INC-20250814-F-016-016,F-016,2025-08-14,2025-08-14T08:48:00,B2,MED,20.2,ehr_2025-08-14_F-016.csv,2025-08-14T02:16:00Z
INC-20250814-F-016-017,F-016,2025-08-14,2025-08-14T08:51:00,A4,LOW,22.2,ehr_2025-08-14_F-016.csv,2025-08-14T02:17:00Z
INC-20250814-F-016-018,F-016,2025-08-14,2025-08-14T08:54:00,A2,HIGH,24.6,ehr_2025-08-14_F-016.csv,2025-08-14T02:18:00Z
INC-20250814-F-016-019,F-016,2025-08-14,2025-08-14T08:57:00,A1,MED,37.2,ehr_2025-08-14_F-016.csv,2025-08-14T02:19:00Z
INC-20250814-F-017-000,F-017,2025-08-14,2025-08-14T08:00:00,B1,MED,39.5,ehr_2025-08-14_F-017.csv,2025-08-14T02:00:00Z
INC-20250814-F-017-001,F-017,2025-08-14,2025-08-14T08:03:00,A3,HIGH,28.0,ehr_2025-08-14_F-017.csv,2025-08-14T02:01:00Z
INC-20250814-F-017-002,F-017,2025-08-14,2025-08-14T08:06:00,A2,MED,26.1,ehr_2025-08-14_F-017.csv,2025-08-14T02:02:00Z
INC-20250814-F-017-003,F-017,2025-08-14,2025-08-14T08:09:00,B1,HIGH,18.4,ehr_2025-08-14_F-017.csv,2025-08-14T02:03:00Z
INC-20250814-F-017-004,F-017,2025-08-14,2025-08-14T08:12:00,A2,HIGH,11.8,ehr_2025-08-14_F-017.csv,2025-08-14T02:04:00Z
INC-20250814-F-017-005,F-017,2025-08-14,2025-08-14T08:15:00,A4,LOW,15.6,ehr_2025-08-14_F-017.csv,2025-08-14T02:05:00Z
INC-20250814-F-017-006,F-017,2025-08-14,2025-08-14T08:18:00,A4,MED,47.4,ehr_2025-08-14_F-017.csv,2025-08-14T02:06:00Z
INC-20250814-F-017-007,F-017,2025-08-14,2025-08-14T08:21:00,B2,LOW,24.0,ehr_2025-08-14_F-017.csv,2025-08-14T02:07:00Z
INC-20250814-F-017-008,F-017,2025-08-14,2025-08-14T08:24:00,B1,HIGH,16.3,ehr_2025-08-14_F-017.csv,2025-08-14T02:08:00Z
INC-20250814-F-017-009,F-017,2025-08-14,2025-08-14T08:27:00,A4,LOW,25.5,ehr_2025-08-14_F-017.csv,2025-08-14T02:09:00Z
INC-20250814-F-017-010,F-017,2025-08-14,2025-08-14T08:30:00,B2,LOW,20.0,ehr_2025-08-14_F-017.csv,2025-08-14T02:10:00Z
INC-20250814-F-017-011,F-017,2025-08-14,2025-08-14T08:33:00,A2,LOW,22.8,ehr_2025-08-14_F-017.csv,2025-08-14T02:11:00Z
INC-20250814-F-017-012,F-017,2025-08-14,2025-08-14T08:36:00,A3,HIGH,33.4,ehr_2025-08-14_F-017.csv,2025-08-14T02:12:00Z
INC-20250814-F-017-013,F-017,2025-08-14,2025-08-14T08:39:00,A3,HIGH,41.3,ehr_2025-08-14_F-017.csv,2025-08-14T02:13:00Z
INC-20250814-F-017-014,F-017,2025-08-14,2025-08-14T08:42:00,A3,HIGH,34.6,ehr_2025-08-14_F-017.csv,2025-08-14T02:14:00Z
INC-20250814-F-017-015,F-017,2025-08-14,2025-08-14T08:45:00,B1,LOW,29.8,ehr_2025-08-14_F-017.csv,2025-08-14T02:15:00Z
INC-20250814-F-017-016,F-017,2025-08-14,2025-08-14T08:48:00,B2,MED,47.9,ehr_2025-08-14_F-017.csv,2025-08-14T02:16:00Z
INC-20250814-F-017-017,F-017,2025-08-14,2025-08-14T08:51:00,A4,LOW,36.6,ehr_2025-08-14_F-017.csv,2025-08-14T02:17:00Z
INC-20250814-F-017-018,F-017,2025-08-14,2025-08-14T08:54:00,A1,MED,8.4,ehr_2025-08-14_F-017.csv,2025-08-14T02:18:00Z
INC-20250814-F-017-019,F-017,2025-08-14,2025-08-14T08:57:00,A1,LOW,15.9,ehr_2025-08-14_F-017.csv,2025-08-14T02:19:00Z
INC-20250814-F-017-020,F-017,2025-08-14,2025-08-14T09:00:00,A3,MED,21.0,ehr_2025-08-14_F-017.csv,2025-08-14T02:20:00Z
INC-20250814-F-018-000,F-018,2025-08-14,2025-08-14T08:00:00,B1,HIGH,38.1,ehr_2025-08-14_F-018.csv,2025-08-14T02:00:00Z
INC-20250814-F-018-001,F-018,2025-08-14,2025-08-14T08:03:00,A1,HIGH,41.9,ehr_2025-08-14_F-018.csv,2025-08-14T02:01:00Z
INC-20250814-F-018-002,F-018,2025-08-14,2025-08-14T08:06:00,A2,MED,43.9,ehr_2025-08-14_F-018.csv,2025-08-14T02:02:00Z
INC-20250814-F-018-003,F-018,2025-08-14,2025-08-14T08:09:00,A4,HIGH,12.6,ehr_2025-08-14_F-018.csv,2025-08-14T02:03:00Z
INC-20250814-F-018-004,F-018,2025-08-14,2025-08-14T08:12:00,A1,MED,43.3,ehr_2025-08-14_F-018.csv,2025-08-14T02:04:00Z
INC-20250814-F-018-005,F-018,2025-08-14,2025-08-14T08:15:00,A2,LOW,21.5,ehr_2025-08-14_F-018.csv,2025-08-14T02:05:00Z
INC-20250814-F-018-006,F-018,2025-08-14,2025-08-14T08:18:00,B1,MED,30.8,ehr_2025-08-14_F-018.csv,2025-08-14T02:06:00Z
INC-20250814-F-018-007,F-018,2025-08-14,2025-08-14T08:21:00,A3,MED,40.7,ehr_2025-08-14_F-018.csv,2025-08-14T02:07:00Z
INC-20250814-F-018-008,F-018,2025-08-14,2025-08-14T08:24:00,A4,MED,5.6,ehr_2025-08-14_F-018.csv,2025-08-14T02:08:00Z
INC-20250814-F-018-009,F-018,2025-08-14,2025-08-14T08:27:00,A3,HIGH,14.6,ehr_2025-08-14_F-018.csv,2025-08-14T02:09:00Z
INC-20250814-F-018-010,F-018,2025-08-14,2025-08-14T08:30:00,A1,HIGH,19.3,ehr_2025-08-14_F-018.csv,2025-08-14T02:10:00Z
INC-20250814-F-019-000,F-019,2025-08-14,2025-08-14T08:00:00,B2,HIGH,46.7,ehr_2025-08-14_F-019.csv,2025-08-14T02:00:00Z
INC-20250814-F-019-001,F-019,2025-08-14,2025-08-14T08:03:00,B2,MED,40.1,ehr_2025-08-14_F-019.csv,2025-08-14T02:01:00Z
INC-20250814-F-019-002,F-019,2025-08-14,2025-08-14T08:06:00,A2,HIGH,38.6,ehr_2025-08-14_F-019.csv,2025-08-14T02:02:00Z
INC-20250814-F-019-003,F-019,2025-08-14,2025-08-14T08:09:00,A2,HIGH,12.4,ehr_2025-08-14_F-019.csv,2025-08-14T02:03:00Z
INC-20250814-F-019-004,F-019,2025-08-14,2025-08-14T08:12:00,B2,HIGH,40.3,ehr_2025-08-14_F-019.csv,2025-08-14T02:04:00Z
INC-20250814-F-019-005,F-019,2025-08-14,2025-08-14T08:15:00,B2,HIGH,2.4,ehr_2025-08-14_F-019.csv,2025-08-14T02:05:00Z
INC-20250814-F-019-006,F-019,2025-08-14,2025-08-14T08:18:00,A1,HIGH,17.8,ehr_2025-08-14_F-019.csv,2025-08-14T02:06:00Z
INC-20250814-F-019-007,F-019,2025-08-14,2025-08-14T08:21:00,A3,MED,36.0,ehr_2025-08-14_F-019.csv,2025-08-14T02:07:00Z
INC-20250814-F-020-000,F-020,2025-08-14,2025-08-14T08:00:00,B1,MED,25.7,ehr_2025-08-14_F-020.csv,2025-08-14T02:00:00Z
INC-20250814-F-020-001,F-020,2025-08-14,2025-08-14T08:03:00,A2,MED,43.9,ehr_2025-08-14_F-020.csv,2025-08-14T02:01:00Z
INC-20250814-F-020-002,F-020,2025-08-14,2025-08-14T08:06:00,A3,HIGH,41.8,ehr_2025-08-14_F-020.csv,2025-08-14T02:02:00Z
INC-20250814-F-020-003,F-020,2025-08-14,2025-08-14T08:09:00,A4,LOW,7.2,ehr_2025-08-14_F-020.csv,2025-08-14T02:03:00Z
INC-20250814-F-020-004,F-020,2025-08-14,2025-08-14T08:12:00,B2,HIGH,32.5,ehr_2025-08-14_F-020.csv,2025-08-14T02:04:00Z
INC-20250814-F-020-005,F-020,2025-08-14,2025-08-14T08:15:00,B1,MED,4.8,ehr_2025-08-14_F-020.csv,2025-08-14T02:05:00Z
INC-20250814-F-020-006,F-020,2025-08-14,2025-08-14T08:18:00,A3,HIGH,6.4,ehr_2025-08-14_F-020.csv,2025-08-14T02:06:00Z
INC-20250814-F-020-007,F-020,2025-08-14,2025-08-14T08:21:00,B2,HIGH,13.0,ehr_2025-08-14_F-020.csv,2025-08-14T02:07:00Z
INC-20250814-F-020-008,F-020,2025-08-14,2025-08-14T08:24:00,B2,MED,5.6,ehr_2025-08-14_F-020.csv,2025-08-14T02:08:00Z
INC-20250814-F-020-009,F-020,2025-08-14,2025-08-14T08:27:00,A1,HIGH,42.5,ehr_2025-08-14_F-020.csv,2025-08-14T02:09:00Z
INC-20250814-F-021-000,F-021,2025-08-14,2025-08-14T08:00:00,B1,LOW,31.3,ehr_2025-08-14_F-021.csv,2025-08-14T02:00:00Z
INC-20250814-F-021-001,F-021,2025-08-14,2025-08-14T08:03:00,A4,HIGH,14.9,ehr_2025-08-14_F-021.csv,2025-08-14T02:01:00Z
INC-20250814-F-021-002,F-021,2025-08-14,2025-08-14T08:06:00,A2,LOW,45.4,ehr_2025-08-14_F-021.csv,2025-08-14T02:02:00Z
INC-20250814-F-021-003,F-021,2025-08-14,2025-08-14T08:09:00,A4,LOW,5.1,ehr_2025-08-14_F-021.csv,2025-08-14T02:03:00Z
INC-20250814-F-021-004,F-021,2025-08-14,2025-08-14T08:12:00,A2,MED,22.0,ehr_2025-08-14_F-021.csv,2025-08-14T02:04:00Z
INC-20250814-F-021-005,F-021,2025-08-14,2025-08-14T08:15:00,B2,HIGH,45.4,ehr_2025-08-14_F-021.csv,2025-08-14T02:05:00Z
INC-20250814-F-021-006,F-021,2025-08-14,2025-08-14T08:18:00,B2,HIGH,7.8,ehr_2025-08-14_F-021.csv,2025-08-14T02:06:00Z
INC-20250814-F-021-007,F-021,2025-08-14,2025-08-14T08:21:00,A1,MED,29.7,ehr_2025-08-14_F-021.csv,2025-08-14T02:07:00Z
INC-20250814-F-021-008,F-021,2025-08-14,2025-08-14T08:24:00,A3,LOW,33.3,ehr_2025-08-14_F-021.csv,2025-08-14T02:08:00Z
INC-20250814-F-021-009,F-021,2025-08-14,2025-08-14T08:27:00,A4,LOW,41.1,ehr_2025-08-14_F-021.csv,2025-08-14T02:09:00Z
INC-20250814-F-021-010,F-021,2025-08-14,2025-08-14T08:30:00,B2,MED,26.4,ehr_2025-08-14_F-021.csv,2025-08-14T02:10:00Z
INC-20250814-F-021-011,F-021,2025-08-14,2025-08-14T08:33:00,A3,LOW,19.4,ehr_2025-08-14_F-021.csv,2025-08-14T02:11:00Z
INC-20250814-F-021-012,F-021,2025-08-14,2025-08-14T08:36:00,A1,MED,4.9,ehr_2025-08-14_F-021.csv,2025-08-14T02:12:00Z
INC-20250814-F-021-013,F-021,2025-08-14,2025-08-14T08:39:00,B2,HIGH,46.6,ehr_2025-08-14_F-021.csv,2025-08-14T02:13:00Z
INC-20250814-F-021-014,F-021,2025-08-14,2025-08-14T08:42:00,A3,LOW,47.5,ehr_2025-08-14_F-021.csv,2025-08-14T02:14:00Z
INC-20250814-F-021-015,F-021,2025-08-14,2025-08-14T08:45:00,A2,LOW,39.9,ehr_2025-08-14_F-021.csv,2025-08-14T02:15:00Z
INC-20250814-F-022-000,F-022,2025-08-14,2025-08-14T08:00:00,A2,LOW,16.1,ehr_2025-08-14_F-022.csv,2025-08-14T02:00:00Z
INC-20250814-F-022-001,F-022,2025-08-14,2025-08-14T08:03:00,B1,LOW,13.7,ehr_2025-08-14_F-022.csv,2025-08-14T02:01:00Z
INC-20250814-F-022-002,F-022,2025-08-14,2025-08-14T08:06:00,A2,HIGH,12.4,ehr_2025-08-14_F-022.csv,2025-08-14T02:02:00Z
INC-20250814-F-022-003,F-022,2025-08-14,2025-08-14T08:09:00,B2,LOW,6.8,ehr_2025-08-14_F-022.csv,2025-08-14T02:03:00Z
INC-20250814-F-022-004,F-022,2025-08-14,2025-08-14T08:12:00,A2,HIGH,15.9,ehr_2025-08-14_F-022.csv,2025-08-14T02:04:00Z
INC-20250814-F-022-005,F-022,2025-08-14,2025-08-14T08:15:00,A1,LOW,35.7,ehr_2025-08-14_F-022.csv,2025-08-14T02:05:00Z
INC-20250814-F-022-006,F-022,2025-08-14,2025-08-14T08:18:00,B2,LOW,23.1,ehr_2025-08-14_F-022.csv,2025-08-14T02:06:00Z
INC-20250814-F-022-007,F-022,2025-08-14,2025-08-14T08:21:00,B1,HIGH,5.7,ehr_2025-08-14_F-022.csv,2025-08-14T02:07:00Z
INC-20250814-F-022-008,F-022,2025-08-14,2025-08-14T08:24:00,B1,LOW,35.0,ehr_2025-08-14_F-022.csv,2025-08-14T02:08:00Z
INC-20250814-F-022-009,F-022,2025-08-14,2025-08-14T08:27:00,B2,HIGH,14.8,ehr_2025-08-14_F-022.csv,2025-08-14T02:09:00Z
INC-20250814-F-022-010,F-022,2025-08-14,2025-08-14T08:30:00,A1,LOW,47.9,ehr_2025-08-14_F-022.csv,2025-08-14T02:10:00Z
INC-20250814-F-022-011,F-022,2025-08-14,2025-08-14T08:33:00,A4,HIGH,5.6,ehr_2025-08-14_F-022.csv,2025-08-14T02:11:00Z
INC-20250814-F-022-012,F-022,2025-08-14,2025-08-14T08:36:00,A4,LOW,43.2,ehr_2025-08-14_F-022.csv,2025-08-14T02:12:00Z
INC-20250814-F-022-013,F-022,2025-08-14,2025-08-14T08:39:00,A2,LOW,6.5,ehr_2025-08-14_F-022.csv,2025-08-14T02:13:00Z
INC-20250814-F-022-014,F-022,2025-08-14,2025-08-14T08:42:00,B1,HIGH,34.3,ehr_2025-08-14_F-022.csv,2025-08-14T02:14:00Z
INC-20250814-F-022-015,F-022,2025-08-14,2025-08-14T08:45:00,B1,HIGH,14.5,ehr_2025-08-14_F-022.csv,2025-08-14T02:15:00Z
INC-20250814-F-023-000,F-023,2025-08-14,2025-08-14T08:00:00,A1,HIGH,5.9,ehr_2025-08-14_F-023.csv,2025-08-14T02:00:00Z
INC-20250814-F-023-001,F-023,2025-08-14,2025-08-14T08:03:00,B1,HIGH,41.6,ehr_2025-08-14_F-023.csv,2025-08-14T02:01:00Z
INC-20250814-F-023-002,F-023,2025-08-14,2025-08-14T08:06:00,A2,MED,16.6,ehr_2025-08-14_F-023.csv,2025-08-14T02:02:00Z
INC-20250814-F-023-003,F-023,2025-08-14,2025-08-14T08:09:00,A4,HIGH,5.0,ehr_2025-08-14_F-023.csv,2025-08-14T02:03:00Z
INC-20250814-F-023-004,F-023,2025-08-14,2025-08-14T08:12:00,B2,MED,18.3,ehr_2025-08-14_F-023.csv,2025-08-14T02:04:00Z
INC-20250814-F-023-005,F-023,2025-08-14,2025-08-14T08:15:00,A4,LOW,4.8,ehr_2025-08-14_F-023.csv,2025-08-14T02:05:00Z
INC-20250814-F-023-006,F-023,2025-08-14,2025-08-14T08:18:00,A4,LOW,35.9,ehr_2025-08-14_F-023.csv,2025-08-14T02:06:00Z
INC-20250814-F-023-007,F-023,2025-08-14,2025-08-14T08:21:00,A2,HIGH,3.3,ehr_2025-08-14_F-023.csv,2025-08-14T02:07:00Z
INC-20250814-F-023-008,F-023,2025-08-14,2025-08-14T08:24:00,B1,MED,32.3,ehr_2025-08-14_F-023.csv,2025-08-14T02:08:00Z
INC-20250814-F-023-009,F-023,2025-08-14,2025-08-14T08:27:00,B2,MED,41.7,ehr_2025-08-14_F-023.csv,2025-08-14T02:09:00Z
INC-20250814-F-023-010,F-023,2025-08-14,2025-08-14T08:30:00,A3,HIGH,15.3,ehr_2025-08-14_F-023.csv,2025-08-14T02:10:00Z
INC-20250814-F-023-011,F-023,2025-08-14,2025-08-14T08:33:00,B1,LOW,7.8,ehr_2025-08-14_F-023.csv,2025-08-14T02:11:00Z
INC-20250814-F-023-012,F-023,2025-08-14,2025-08-14T08:36:00,A1,MED,40.7,ehr_2025-08-14_F-023.csv,2025-08-14T02:12:00Z
INC-20250814-F-023-013,F-023,2025-08-14,2025-08-14T08:39:00,A3,HIGH,11.2,ehr_2025-08-14_F-023.csv,2025-08-14T02:13:00Z
INC-20250814-F-023-014,F-023,2025-08-14,2025-08-14T08:42:00,B1,HIGH,29.6,ehr_2025-08-14_F-023.csv,2025-08-14T02:14:00Z
INC-20250814-F-023-015,F-023,2025-08-14,2025-08-14T08:45:00,A1,HIGH,44.6,ehr_2025-08-14_F-023.csv,2025-08-14T02:15:00Z
INC-20250814-F-024-000,F-024,2025-08-14,2025-08-14T08:00:00,A1,LOW,13.5,ehr_2025-08-14_F-024.csv,2025-08-14T02:00:00Z
INC-20250814-F-024-001,F-024,2025-08-14,2025-08-14T08:03:00,A3,MED,0.8,ehr_2025-08-14_F-024.csv,2025-08-14T02:01:00Z
INC-20250814-F-024-002,F-024,2025-08-14,2025-08-14T08:06:00,B1,HIGH,19.5,ehr_2025-08-14_F-024.csv,2025-08-14T02:02:00Z
INC-20250814-F-024-003,F-024,2025-08-14,2025-08-14T08:09:00,B2,LOW,4.9,ehr_2025-08-14_F-024.csv,2025-08-14T02:03:00Z
INC-20250814-F-024-004,F-024,2025-08-14,2025-08-14T08:12:00,A4,MED,22.0,ehr_2025-08-14_F-024.csv,2025-08-14T02:04:00Z
INC-20250814-F-024-005,F-024,2025-08-14,2025-08-14T08:15:00,A3,HIGH,15.9,ehr_2025-08-14_F-024.csv,2025-08-14T02:05:00Z
INC-20250814-F-024-006,F-024,2025-08-14,2025-08-14T08:18:00,B1,LOW,42.5,ehr_2025-08-14_F-024.csv,2025-08-14T02:06:00Z
INC-20250814-F-024-007,F-024,2025-08-14,2025-08-14T08:21:00,B1,LOW,32.5,ehr_2025-08-14_F-024.csv,2025-08-14T02:07:00Z
INC-20250814-F-024-008,F-024,2025-08-14,2025-08-14T08:24:00,B2,MED,23.6,ehr_2025-08-14_F-024.csv,2025-08-14T02:08:00Z
INC-20250814-F-024-009,F-024,2025-08-14,2025-08-14T08:27:00,A3,LOW,36.4,ehr_2025-08-14_F-024.csv,2025-08-14T02:09:00Z
INC-20250814-F-024-010,F-024,2025-08-14,2025-08-14T08:30:00,A4,LOW,14.0,ehr_2025-08-14_F-024.csv,2025-08-14T02:10:00Z
INC-20250814-F-024-011,F-024,2025-08-14,2025-08-14T08:33:00,A4,HIGH,32.2,ehr_2025-08-14_F-024.csv,2025-08-14T02:11:00Z
INC-20250814-F-024-012,F-024,2025-08-14,2025-08-14T08:36:00,A4,HIGH,3.1,ehr_2025-08-14_F-024.csv,2025-08-14T02:12:00Z
INC-20250814-F-024-013,F-024,2025-08-14,2025-08-14T08:39:00,A2,LOW,36.8,ehr_2025-08-14_F-024.csv,2025-08-14T02:13:00Z
INC-20250814-F-024-014,F-024,2025-08-14,2025-08-14T08:42:00,A1,LOW,24.1,ehr_2025-08-14_F-024.csv,2025-08-14T02:14:00Z
INC-20250814-F-024-015,F-024,2025-08-14,2025-08-14T08:45:00,A2,MED,25.8,ehr_2025-08-14_F-024.csv,2025-08-14T02:15:00Z
INC-20250814-F-024-016,F-024,2025-08-14,2025-08-14T08:48:00,B1,HIGH,38.8,ehr_2025-08-14_F-024.csv,2025-08-14T02:16:00Z
INC-20250814-F-024-017,F-024,2025-08-14,2025-08-14T08:51:00,B2,LOW,21.2,ehr_2025-08-14_F-024.csv,2025-08-14T02:17:00Z
INC-20250814-F-024-018,F-024,2025-08-14,2025-08-14T08:54:00,A1,MED,27.8,ehr_2025-08-14_F-024.csv,2025-08-14T02:18:00Z
INC-20250814-F-024-019,F-024,2025-08-14,2025-08-14T08:57:00,B2,HIGH,20.3,ehr_2025-08-14_F-024.csv,2025-08-14T02:19:00Z
INC-20250814-F-024-020,F-024,2025-08-14,2025-08-14T09:00:00,A1,MED,8.7,ehr_2025-08-14_F-024.csv,2025-08-14T02:20:00Z
INC-20250814-F-025-000,F-025,2025-08-14,2025-08-14T08:00:00,B2,MED,4.7,ehr_2025-08-14_F-025.csv,2025-08-14T02:00:00Z
INC-20250814-F-025-001,F-025,2025-08-14,2025-08-14T08:03:00,A2,MED,28.5,ehr_2025-08-14_F-025.csv,2025-08-14T02:01:00Z
INC-20250814-F-025-002,F-025,2025-08-14,2025-08-14T08:06:00,A4,MED,35.9,ehr_2025-08-14_F-025.csv,2025-08-14T02:02:00Z
INC-20250814-F-025-003,F-025,2025-08-14,2025-08-14T08:09:00,A2,LOW,24.7,ehr_2025-08-14_F-025.csv,2025-08-14T02:03:00Z
INC-20250814-F-025-004,F-025,2025-08-14,2025-08-14T08:12:00,B1,LOW,43.5,ehr_2025-08-14_F-025.csv,2025-08-14T02:04:00Z
INC-20250814-F-025-005,F-025,2025-08-14,2025-08-14T08:15:00,B2,HIGH,39.2,ehr_2025-08-14_F-025.csv,2025-08-14T02:05:00Z
INC-20250814-F-025-006,F-025,2025-08-14,2025-08-14T08:18:00,A2,MED,9.9,ehr_2025-08-14_F-025.csv,2025-08-14T02:06:00Z
INC-20250814-F-025-007,F-025,2025-08-14,2025-08-14T08:21:00,B2,LOW,8.9,ehr_2025-08-14_F-025.csv,2025-08-14T02:07:00Z
INC-20250814-F-025-008,F-025,2025-08-14,2025-08-14T08:24:00,A4,MED,36.3,ehr_2025-08-14_F-025.csv,2025-08-14T02:08:00Z
INC-20250814-F-025-009,F-025,2025-08-14,2025-08-14T08:27:00,A4,HIGH,44.4,ehr_2025-08-14_F-025.csv,2025-08-14T02:09:00Z
INC-20250814-F-025-010,F-025,2025-08-14,2025-08-14T08:30:00,B2,HIGH,15.9,ehr_2025-08-14_F-025.csv,2025-08-14T02:10:00Z
INC-20250814-F-025-011,F-025,2025-08-14,2025-08-14T08:33:00,A3,LOW,21.4,ehr_2025-08-14_F-025.csv,2025-08-14T02:11:00Z
INC-20250814-F-025-012,F-025,2025-08-14,2025-08-14T08:36:00,B2,MED,38.3,ehr_2025-08-14_F-025.csv,2025-08-14T02:12:00Z
INC-20250814-F-025-013,F-025,2025-08-14,2025-08-14T08:39:00,A3,HIGH,4.0,ehr_2025-08-14_F-025.csv,2025-08-14T02:13:00Z
INC-20250814-F-025-014,F-025,2025-08-14,2025-08-14T08:42:00,A1,LOW,18.0,ehr_2025-08-14_F-025.csv,2025-08-14T02:14:00Z
INC-20250814-F-025-015,F-025,2025-08-14,2025-08-14T08:45:00,B2,LOW,29.7,ehr_2025-08-14_F-025.csv,2025-08-14T02:15:00Z
INC-20250814-F-025-016,F-025,2025-08-14,2025-08-14T08:48:00,A4,HIGH,26.8,ehr_2025-08-14_F-025.csv,2025-08-14T02:16:00Z
INC-20250814-F-026-000,F-026,2025-08-14,2025-08-14T08:00:00,A1,MED,43.7,ehr_2025-08-14_F-026.csv,2025-08-14T02:00:00Z
INC-20250814-F-026-001,F-026,2025-08-14,2025-08-14T08:03:00,A2,MED,29.2,ehr_2025-08-14_F-026.csv,2025-08-14T02:01:00Z
INC-20250814-F-026-002,F-026,2025-08-14,2025-08-14T08:06:00,A1,MED,5.4,ehr_2025-08-14_F-026.csv,2025-08-14T02:02:00Z
INC-20250814-F-026-003,F-026,2025-08-14,2025-08-14T08:09:00,A3,HIGH,4.5,ehr_2025-08-14_F-026.csv,2025-08-14T02:03:00Z
INC-20250814-F-026-004,F-026,2025-08-14,2025-08-14T08:12:00,A1,LOW,34.1,ehr_2025-08-14_F-026.csv,2025-08-14T02:04:00Z
INC-20250814-F-026-005,F-026,2025-08-14,2025-08-14T08:15:00,B1,HIGH,29.5,ehr_2025-08-14_F-026.csv,2025-08-14T02:05:00Z
INC-20250814-F-026-006,F-026,2025-08-14,2025-08-14T08:18:00,A3,MED,19.9,ehr_2025-08-14_F-026.csv,2025-08-14T02:06:00Z
INC-20250814-F-026-007,F-026,2025-08-14,2025-08-14T08:21:00,B1,LOW,38.0,ehr_2025-08-14_F-026.csv,2025-08-14T02:07:00Z
INC-20250814-F-026-008,F-026,2025-08-14,2025-08-14T08:24:00,A1,MED,5.0,ehr_2025-08-14_F-026.csv,2025-08-14T02:08:00Z
INC-20250814-F-026-009,F-026,2025-08-14,2025-08-14T08:27:00,A3,MED,34.9,ehr_2025-08-14_F-026.csv,2025-08-14T02:09:00Z
INC-20250814-F-026-010,F-026,2025-08-14,2025-08-14T08:30:00,B1,LOW,16.3,ehr_2025-08-14_F-026.csv,2025-08-14T02:10:00Z
INC-20250814-F-026-011,F-026,2025-08-14,2025-08-14T08:33:00,A2,MED,15.2,ehr_2025-08-14_F-026.csv,2025-08-14T02:11:00Z
INC-20250814-F-026-012,F-026,2025-08-14,2025-08-14T08:36:00,B2,MED,6.6,ehr_2025-08-14_F-026.csv,2025-08-14T02:12:00Z
INC-20250814-F-026-013,F-026,2025-08-14,2025-08-14T08:39:00,A1,MED,27.0,ehr_2025-08-14_F-026.csv,2025-08-14T02:13:00Z
INC-20250814-F-026-014,F-026,2025-08-14,2025-08-14T08:42:00,A3,LOW,32.3,ehr_2025-08-14_F-026.csv,2025-08-14T02:14:00Z
INC-20250814-F-026-015,F-026,2025-08-14,2025-08-14T08:45:00,B2,HIGH,43.8,ehr_2025-08-14_F-026.csv,2025-08-14T02:15:00Z
INC-20250814-F-026-016,F-026,2025-08-14,2025-08-14T08:48:00,B2,MED,24.7,ehr_2025-08-14_F-026.csv,2025-08-14T02:16:00Z
INC-20250814-F-026-017,F-026,2025-08-14,2025-08-14T08:51:00,??,LOW,45.7,ehr_2025-08-14_F-026.csv,2025-08-14T02:17:00Z
INC-20250814-F-026-018,F-026,2025-08-14,2025-08-14T08:54:00,A4,LOW,11.3,ehr_2025-08-14_F-026.csv,2025-08-14T02:18:00Z
INC-20250814-F-026-019,F-026,2025-08-14,2025-08-14T08:57:00,A1,MED,40.6,ehr_2025-08-14_F-026.csv,2025-08-14T02:19:00Z
INC-20250814-F-027-000,F-027,2025-08-14,2025-08-14T08:00:00,B1,HIGH,42.5,ehr_2025-08-14_F-027.csv,2025-08-14T02:00:00Z
INC-20250814-F-027-001,F-027,2025-08-14,2025-08-14T08:03:00,A3,HIGH,6.7,ehr_2025-08-14_F-027.csv,2025-08-14T02:01:00Z
INC-20250814-F-027-002,F-027,2025-08-14,2025-08-14T08:06:00,A2,LOW,40.0,ehr_2025-08-14_F-027.csv,2025-08-14T02:02:00Z
INC-20250814-F-027-003,F-027,2025-08-14,2025-08-14T08:09:00,A2,HIGH,21.3,ehr_2025-08-14_F-027.csv,2025-08-14T02:03:00Z
INC-20250814-F-027-004,F-027,2025-08-14,2025-08-14T08:12:00,B2,HIGH,11.8,ehr_2025-08-14_F-027.csv,2025-08-14T02:04:00Z
INC-20250814-F-027-005,F-027,2025-08-14,2025-08-14T08:15:00,A3,HIGH,37.7,ehr_2025-08-14_F-027.csv,2025-08-14T02:05:00Z
INC-20250814-F-027-006,F-027,2025-08-14,2025-08-14T08:18:00,A2,MED,46.4,ehr_2025-08-14_F-027.csv,2025-08-14T02:06:00Z
INC-20250814-F-027-007,F-027,2025-08-14,2025-08-14T08:21:00,A2,MED,32.7,ehr_2025-08-14_F-027.csv,2025-08-14T02:07:00Z
INC-20250814-F-027-008,F-027,2025-08-14,2025-08-14T08:24:00,A4,MED,37.0,ehr_2025-08-14_F-027.csv,2025-08-14T02:08:00Z
INC-20250814-F-028-000,F-028,2025-08-14,2025-08-14T08:00:00,B1,MED,46.4,ehr_2025-08-14_F-028.csv,2025-08-14T02:00:00Z
INC-20250814-F-028-001,F-028,2025-08-14,2025-08-14T08:03:00,B1,LOW,42.0,ehr_2025-08-14_F-028.csv,2025-08-14T02:01:00Z
INC-20250814-F-028-002,F-028,2025-08-14,2025-08-14T08:06:00,A4,MED,26.8,ehr_2025-08-14_F-028.csv,2025-08-14T02:02:00Z
INC-20250814-F-028-003,F-028,2025-08-14,2025-08-14T08:09:00,B1,LOW,14.0,ehr_2025-08-14_F-028.csv,2025-08-14T02:03:00Z
INC-20250814-F-028-004,F-028,2025-08-14,2025-08-14T08:12:00,A3,MED,43.5,ehr_2025-08-14_F-028.csv,2025-08-14T02:04:00Z
INC-20250814-F-028-005,F-028,2025-08-14,2025-08-14T08:15:00,A4,LOW,45.5,ehr_2025-08-14_F-028.csv,2025-08-14T02:05:00Z
INC-20250814-F-028-006,F-028,2025-08-14,2025-08-14T08:18:00,A4,MED,44.7,ehr_2025-08-14_F-028.csv,2025-08-14T02:06:00Z
INC-20250814-F-028-007,F-028,2025-08-14,2025-08-14T08:21:00,A4,HIGH,18.3,ehr_2025-08-14_F-028.csv,2025-08-14T02:07:00Z
INC-20250814-F-028-008,F-028,2025-08-14,2025-08-14T08:24:00,A1,MED,11.2,ehr_2025-08-14_F-028.csv,2025-08-14T02:08:00Z
INC-20250814-F-028-009,F-028,2025-08-14,2025-08-14T08:27:00,A1,HIGH,31.4,ehr_2025-08-14_F-028.csv,2025-08-14T02:09:00Z
INC-20250814-F-028-010,F-028,2025-08-14,2025-08-14T08:30:00,A2,LOW,14.1,ehr_2025-08-14_F-028.csv,2025-08-14T02:10:00Z
INC-20250814-F-028-011,F-028,2025-08-14,2025-08-14T08:33:00,B2,LOW,36.5,ehr_2025-08-14_F-028.csv,2025-08-14T02:11:00Z
INC-20250814-F-028-012,F-028,2025-08-14,2025-08-14T08:36:00,B1,LOW,43.5,ehr_2025-08-14_F-028.csv,2025-08-14T02:12:00Z
INC-20250814-F-028-013,F-028,2025-08-14,2025-08-14T08:39:00,XX,LOW,26.6,ehr_2025-08-14_F-028.csv,2025-08-14T02:13:00Z
INC-20250814-F-028-014,F-028,2025-08-14,2025-08-14T08:42:00,B1,MED,5.8,ehr_2025-08-14_F-028.csv,2025-08-14T02:14:00Z
INC-20250814-F-028-015,F-028,2025-08-14,2025-08-14T08:45:00,A3,LOW,2.8,ehr_2025-08-14_F-028.csv,2025-08-14T02:15:00Z
INC-20250814-F-028-016,F-028,2025-08-14,2025-08-14T08:48:00,B1,MED,3.5,ehr_2025-08-14_F-028.csv,2025-08-14T02:16:00Z
INC-20250814-F-028-017,F-028,2025-08-14,2025-08-14T08:51:00,A4,HIGH,26.0,ehr_2025-08-14_F-028.csv,2025-08-14T02:17:00Z
INC-20250814-F-028-018,F-028,2025-08-14,2025-08-14T08:54:00,B1,LOW,34.6,ehr_2025-08-14_F-028.csv,2025-08-14T02:18:00Z
INC-20250814-F-028-019,F-028,2025-08-14,2025-08-14T08:57:00,A1,HIGH,17.3,ehr_2025-08-14_F-028.csv,2025-08-14T02:19:00Z
INC-20250814-F-029-000,F-029,2025-08-14,2025-08-14T08:00:00,B2,HIGH,4.6,ehr_2025-08-14_F-029.csv,2025-08-14T02:00:00Z
INC-20250814-F-029-001,F-029,2025-08-14,2025-08-14T08:03:00,A1,HIGH,26.3,ehr_2025-08-14_F-029.csv,2025-08-14T02:01:00Z
INC-20250814-F-029-002,F-029,2025-08-14,2025-08-14T08:06:00,B1,HIGH,1.5,ehr_2025-08-14_F-029.csv,2025-08-14T02:02:00Z
INC-20250814-F-029-003,F-029,2025-08-14,2025-08-14T08:09:00,A1,HIGH,18.9,ehr_2025-08-14_F-029.csv,2025-08-14T02:03:00Z
INC-20250814-F-029-004,F-029,2025-08-14,2025-08-14T08:12:00,B2,LOW,17.5,ehr_2025-08-14_F-029.csv,2025-08-14T02:04:00Z
INC-20250814-F-029-005,F-029,2025-08-14,2025-08-14T08:15:00,A2,HIGH,31.7,ehr_2025-08-14_F-029.csv,2025-08-14T02:05:00Z
INC-20250814-F-029-006,F-029,2025-08-14,2025-08-14T08:18:00,B1,HIGH,36.4,ehr_2025-08-14_F-029.csv,2025-08-14T02:06:00Z
INC-20250814-F-029-007,F-029,2025-08-14,2025-08-14T08:21:00,A3,HIGH,16.6,ehr_2025-08-14_F-029.csv,2025-08-14T02:07:00Z
INC-20250814-F-029-008,F-029,2025-08-14,2025-08-14T08:24:00,B2,MED,47.1,ehr_2025-08-14_F-029.csv,2025-08-14T02:08:00Z
INC-20250814-F-029-009,F-029,2025-08-14,2025-08-14T08:27:00,A2,LOW,3.5,ehr_2025-08-14_F-029.csv,2025-08-14T02:09:00Z
INC-20250814-F-029-010,F-029,2025-08-14,2025-08-14T08:30:00,A4,LOW,14.4,ehr_2025-08-14_F-029.csv,2025-08-14T02:10:00Z
INC-20250814-F-029-011,F-029,2025-08-14,2025-08-14T08:33:00,A2,LOW,15.5,ehr_2025-08-14_F-029.csv,2025-08-14T02:11:00Z
INC-20250814-F-029-012,F-029,2025-08-14,2025-08-14T08:36:00,A4,HIGH,23.0,ehr_2025-08-14_F-029.csv,2025-08-14T02:12:00Z
INC-20250814-F-029-013,F-029,2025-08-14,2025-08-14T08:39:00,B2,LOW,14.1,ehr_2025-08-14_F-029.csv,2025-08-14T02:13:00Z
INC-20250814-F-029-014,F-029,2025-08-14,2025-08-14T08:42:00,A1,HIGH,16.3,ehr_2025-08-14_F-029.csv,2025-08-14T02:14:00Z
INC-20250814-F-029-015,F-029,2025-08-14,2025-08-14T08:45:00,A3,MED,42.8,ehr_2025-08-14_F-029.csv,2025-08-14T02:15:00Z
INC-20250814-F-029-016,F-029,2025-08-14,2025-08-14T08:48:00,A4,MED,46.8,ehr_2025-08-14_F-029.csv,2025-08-14T02:16:00Z
INC-20250814-F-030-000,F-030,2025-08-14,2025-08-14T08:00:00,A3,HIGH,13.2,ehr_2025-08-14_F-030.csv,2025-08-14T02:00:00Z
INC-20250814-F-030-001,F-030,2025-08-14,2025-08-14T08:03:00,A4,LOW,21.0,ehr_2025-08-14_F-030.csv,2025-08-14T02:01:00Z
INC-20250814-F-030-002,F-030,2025-08-14,2025-08-14T08:06:00,A2,HIGH,14.5,ehr_2025-08-14_F-030.csv,2025-08-14T02:02:00Z
INC-20250814-F-030-003,F-030,2025-08-14,2025-08-14T08:09:00,A3,HIGH,14.5,ehr_2025-08-14_F-030.csv,2025-08-14T02:03:00Z
INC-20250814-F-030-004,F-030,2025-08-14,2025-08-14T08:12:00,B2,MED,8.4,ehr_2025-08-14_F-030.csv,2025-08-14T02:04:00Z
INC-20250814-F-030-005,F-030,2025-08-14,2025-08-14T08:15:00,A4,LOW,35.0,ehr_2025-08-14_F-030.csv,2025-08-14T02:05:00Z
INC-20250814-F-030-006,F-030,2025-08-14,2025-08-14T08:18:00,B1,MED,13.5,ehr_2025-08-14_F-030.csv,2025-08-14T02:06:00Z
INC-20250814-F-030-007,F-030,2025-08-14,2025-08-14T08:21:00,A1,LOW,32.4,ehr_2025-08-14_F-030.csv,2025-08-14T02:07:00Z
INC-20250814-F-030-008,F-030,2025-08-14,2025-08-14T08:24:00,B1,HIGH,32.8,ehr_2025-08-14_F-030.csv,2025-08-14T02:08:00Z
INC-20250814-F-030-009,F-030,2025-08-14,2025-08-14T08:27:00,A2,HIGH,32.7,ehr_2025-08-14_F-030.csv,2025-08-14T02:09:00Z
INC-20250814-F-030-010,F-030,2025-08-14,2025-08-14T08:30:00,A2,LOW,11.7,ehr_2025-08-14_F-030.csv,2025-08-14T02:10:00Z
INC-20250814-F-030-011,F-030,2025-08-14,2025-08-14T08:33:00,A3,MED,45.6,ehr_2025-08-14_F-030.csv,2025-08-14T02:11:00Z
INC-20250814-F-030-012,F-030,2025-08-14,2025-08-14T08:36:00,A2,HIGH,21.9,ehr_2025-08-14_F-030.csv,2025-08-14T02:12:00Z
INC-20250814-F-030-013,F-030,2025-08-14,2025-08-14T08:39:00,A4,LOW,27.8,ehr_2025-08-14_F-030.csv,2025-08-14T02:13:00Z
INC-20250814-F-030-014,F-030,2025-08-14,2025-08-14T08:42:00,A4,MED,31.4,ehr_2025-08-14_F-030.csv,2025-08-14T02:14:00Z
INC-20250815-F-001-000,F-001,2025-08-15,2025-08-15T08:00:00,A1,HIGH,9.3,ehr_2025-08-15_F-001.csv,2025-08-15T02:00:00Z
INC-20250815-F-001-001,F-001,2025-08-15,2025-08-15T08:03:00,B1,LOW,12.9,ehr_2025-08-15_F-001.csv,2025-08-15T02:01:00Z
INC-20250815-F-001-002,F-001,2025-08-15,2025-08-15T08:06:00,A4,LOW,47.8,ehr_2025-08-15_F-001.csv,2025-08-15T02:02:00Z
INC-20250815-F-001-003,F-001,2025-08-15,2025-08-15T08:09:00,A4,LOW,6.3,ehr_2025-08-15_F-001.csv,2025-08-15T02:03:00Z
INC-20250815-F-001-004,F-001,2025-08-15,2025-08-15T08:12:00,A4,LOW,43.2,ehr_2025-08-15_F-001.csv,2025-08-15T02:04:00Z
INC-20250815-F-001-005,F-001,2025-08-15,2025-08-15T08:15:00,A1,HIGH,46.5,ehr_2025-08-15_F-001.csv,2025-08-15T02:05:00Z
INC-20250815-F-001-006,F-001,2025-08-15,2025-08-15T08:18:00,B2,MED,34.2,ehr_2025-08-15_F-001.csv,2025-08-15T02:06:00Z
INC-20250815-F-001-007,F-001,2025-08-15,2025-08-15T08:21:00,A3,MED,40.9,ehr_2025-08-15_F-001.csv,2025-08-15T02:07:00Z
INC-20250815-F-001-008,F-001,2025-08-15,2025-08-15T08:24:00,B2,HIGH,8.8,ehr_2025-08-15_F-001.csv,2025-08-15T02:08:00Z
INC-20250815-F-001-009,F-001,2025-08-15,2025-08-15T08:27:00,A2,LOW,47.3,ehr_2025-08-15_F-001.csv,2025-08-15T02:09:00Z
INC-20250815-F-001-010,F-001,2025-08-15,2025-08-15T08:30:00,A2,MED,1.7,ehr_2025-08-15_F-001.csv,2025-08-15T02:10:00Z
INC-20250815-F-002-000,F-002,2025-08-15,2025-08-15T08:00:00,A4,HIGH,6.7,ehr_2025-08-15_F-002.csv,2025-08-15T02:00:00Z
INC-20250815-F-002-001,F-002,2025-08-15,2025-08-15T08:03:00,A1,MED,19.4,ehr_2025-08-15_F-002.csv,2025-08-15T02:01:00Z
INC-20250815-F-002-002,F-002,2025-08-15,2025-08-15T08:06:00,A4,HIGH,20.0,ehr_2025-08-15_F-002.csv,2025-08-15T02:02:00Z
INC-20250815-F-002-003,F-002,2025-08-15,2025-08-15T08:09:00,B1,LOW,6.5,ehr_2025-08-15_F-002.csv,2025-08-15T02:03:00Z
INC-20250815-F-002-004,F-002,2025-08-15,2025-08-15T08:12:00,A1,MED,22.6,ehr_2025-08-15_F-002.csv,2025-08-15T02:04:00Z
INC-20250815-F-002-005,F-002,2025-08-15,2025-08-15T08:15:00,A2,HIGH,30.9,ehr_2025-08-15_F-002.csv,2025-08-15T02:05:00Z
INC-20250815-F-002-006,F-002,2025-08-15,2025-08-15T08:18:00,A2,MED,24.4,ehr_2025-08-15_F-002.csv,2025-08-15T02:06:00Z
INC-20250815-F-002-007,F-002,2025-08-15,2025-08-15T08:21:00,A1,HIGH,7.8,ehr_2025-08-15_F-002.csv,2025-08-15T02:07:00Z
INC-20250815-F-002-008,F-002,2025-08-15,2025-08-15T08:24:00,A3,HIGH,11.2,ehr_2025-08-15_F-002.csv,2025-08-15T02:08:00Z
INC-20250815-F-002-009,F-002,2025-08-15,2025-08-15T08:27:00,B1,MED,40.7,ehr_2025-08-15_F-002.csv,2025-08-15T02:09:00Z
INC-20250815-F-002-010,F-002,2025-08-15,2025-08-15T08:30:00,B2,HIGH,13.5,ehr_2025-08-15_F-002.csv,2025-08-15T02:10:00Z
INC-20250815-F-002-011,F-002,2025-08-15,2025-08-15T08:33:00,B1,HIGH,4.9,ehr_2025-08-15_F-002.csv,2025-08-15T02:11:00Z
INC-20250815-F-002-012,F-002,2025-08-15,2025-08-15T08:36:00,B1,HIGH,7.8,ehr_2025-08-15_F-002.csv,2025-08-15T02:12:00Z
INC-20250815-F-002-013,F-002,2025-08-15,2025-08-15T08:39:00,B2,HIGH,16.5,ehr_2025-08-15_F-002.csv,2025-08-15T02:13:00Z
INC-20250815-F-002-014,F-002,2025-08-15,2025-08-15T08:42:00,A1,LOW,4.4,ehr_2025-08-15_F-002.csv,2025-08-15T02:14:00Z
INC-20250815-F-002-015,F-002,2025-08-15,2025-08-15T08:45:00,B1,MED,31.4,ehr_2025-08-15_F-002.csv,2025-08-15T02:15:00Z
INC-20250815-F-003-000,F-003,2025-08-15,2025-08-15T08:00:00,B1,HIGH,1.9,ehr_2025-08-15_F-003.csv,2025-08-15T02:00:00Z
INC-20250815-F-003-001,F-003,2025-08-15,2025-08-15T08:03:00,B1,MED,31.0,ehr_2025-08-15_F-003.csv,2025-08-15T02:01:00Z
INC-20250815-F-003-002,F-003,2025-08-15,2025-08-15T08:06:00,A2,HIGH,19.8,ehr_2025-08-15_F-003.csv,2025-08-15T02:02:00Z
INC-20250815-F-003-003,F-003,2025-08-15,2025-08-15T08:09:00,B2,LOW,8.0,ehr_2025-08-15_F-003.csv,2025-08-15T02:03:00Z
INC-20250815-F-003-004,F-003,2025-08-15,2025-08-15T08:12:00,A4,LOW,16.7,ehr_2025-08-15_F-003.csv,2025-08-15T02:04:00Z
INC-20250815-F-003-005,F-003,2025-08-15,2025-08-15T08:15:00,B2,MED,35.4,ehr_2025-08-15_F-003.csv,2025-08-15T02:05:00Z
INC-20250815-F-003-006,F-003,2025-08-15,2025-08-15T08:18:00,A4,LOW,36.6,ehr_2025-08-15_F-003.csv,2025-08-15T02:06:00Z
INC-20250815-F-003-007,F-003,2025-08-15,2025-08-15T08:21:00,A1,MED,12.0,ehr_2025-08-15_F-003.csv,2025-08-15T02:07:00Z
INC-20250815-F-003-008,F-003,2025-08-15,2025-08-15T08:24:00,A4,LOW,7.2,ehr_2025-08-15_F-003.csv,2025-08-15T02:08:00Z
INC-20250815-F-003-009,F-003,2025-08-15,2025-08-15T08:27:00,A4,HIGH,20.4,ehr_2025-08-15_F-003.csv,2025-08-15T02:09:00Z
INC-20250815-F-003-010,F-003,2025-08-15,2025-08-15T08:30:00,A2,MED,44.9,ehr_2025-08-15_F-003.csv,2025-08-15T02:10:00Z
INC-20250815-F-003-011,F-003,2025-08-15,2025-08-15T08:33:00,A2,LOW,24.2,ehr_2025-08-15_F-003.csv,2025-08-15T02:11:00Z
INC-20250815-F-003-012,F-003,2025-08-15,2025-08-15T08:36:00,A4,MED,24.1,ehr_2025-08-15_F-003.csv,2025-08-15T02:12:00Z
INC-20250815-F-003-013,F-003,2025-08-15,2025-08-15T08:39:00,A4,HIGH,22.2,ehr_2025-08-15_F-003.csv,2025-08-15T02:13:00Z
INC-20250815-F-003-014,F-003,2025-08-15,2025-08-15T08:42:00,B1,MED,2.8,ehr_2025-08-15_F-003.csv,2025-08-15T02:14:00Z
INC-20250815-F-003-015,F-003,2025-08-15,2025-08-15T08:45:00,B1,HIGH,32.4,ehr_2025-08-15_F-003.csv,2025-08-15T02:15:00Z
INC-20250815-F-003-016,F-003,2025-08-15,2025-08-15T08:48:00,A1,LOW,21.0,ehr_2025-08-15_F-003.csv,2025-08-15T02:16:00Z
INC-20250815-F-003-017,F-003,2025-08-15,2025-08-15T08:51:00,B2,MED,36.8,ehr_2025-08-15_F-003.csv,2025-08-15T02:17:00Z
INC-20250815-F-003-018,F-003,2025-08-15,2025-08-15T08:54:00,A4,LOW,27.6,ehr_2025-08-15_F-003.csv,2025-08-15T02:18:00Z
INC-20250815-F-003-019,F-003,2025-08-15,2025-08-15T08:57:00,B1,MED,4.0,ehr_2025-08-15_F-003.csv,2025-08-15T02:19:00Z
INC-20250815-F-004-000,F-004,2025-08-15,2025-08-15T08:00:00,B1,MED,39.7,ehr_2025-08-15_F-004.csv,2025-08-15T02:00:00Z
INC-20250815-F-004-001,F-004,2025-08-15,2025-08-15T08:03:00,B1,LOW,6.6,ehr_2025-08-15_F-004.csv,2025-08-15T02:01:00Z
INC-20250815-F-004-002,F-004,2025-08-15,2025-08-15T08:06:00,A3,MED,27.0,ehr_2025-08-15_F-004.csv,2025-08-15T02:02:00Z
INC-20250815-F-004-003,F-004,2025-08-15,2025-08-15T08:09:00,A2,LOW,29.1,ehr_2025-08-15_F-004.csv,2025-08-15T02:03:00Z
INC-20250815-F-004-004,F-004,2025-08-15,2025-08-15T08:12:00,A1,LOW,2.3,ehr_2025-08-15_F-004.csv,2025-08-15T02:04:00Z
INC-20250815-F-004-005,F-004,2025-08-15,2025-08-15T08:15:00,A4,HIGH,22.2,ehr_2025-08-15_F-004.csv,2025-08-15T02:05:00Z
INC-20250815-F-004-006,F-004,2025-08-15,2025-08-15T08:18:00,B1,LOW,16.1,ehr_2025-08-15_F-004.csv,2025-08-15T02:06:00Z
INC-20250815-F-004-007,F-004,2025-08-15,2025-08-15T08:21:00,A2,MED,47.6,ehr_2025-08-15_F-004.csv,2025-08-15T02:07:00Z
INC-20250815-F-004-008,F-004,2025-08-15,2025-08-15T08:24:00,A3,HIGH,16.5,ehr_2025-08-15_F-004.csv,2025-08-15T02:08:00Z
INC-20250815-F-004-009,F-004,2025-08-15,2025-08-15T08:27:00,B1,MED,34.2,ehr_2025-08-15_F-004.csv,2025-08-15T02:09:00Z
INC-20250815-F-004-010,F-004,2025-08-15,2025-08-15T08:30:00,A1,MED,16.2,ehr_2025-08-15_F-004.csv,2025-08-15T02:10:00Z
INC-20250815-F-004-011,F-004,2025-08-15,2025-08-15T08:33:00,A4,HIGH,15.1,ehr_2025-08-15_F-004.csv,2025-08-15T02:11:00Z
INC-20250815-F-004-012,F-004,2025-08-15,2025-08-15T08:36:00,B2,HIGH,1.8,ehr_2025-08-15_F-004.csv,2025-08-15T02:12:00Z
INC-20250815-F-004-013,F-004,2025-08-15,2025-08-15T08:39:00,B2,HIGH,27.9,ehr_2025-08-15_F-004.csv,2025-08-15T02:13:00Z
INC-20250815-F-004-014,F-004,2025-08-15,2025-08-15T08:42:00,B1,MED,8.6,ehr_2025-08-15_F-004.csv,2025-08-15T02:14:00Z
INC-20250815-F-004-015,F-004,2025-08-15,2025-08-15T08:45:00,B1,MED,7.5,ehr_2025-08-15_F-004.csv,2025-08-15T02:15:00Z
INC-20250815-F-005-000,F-005,2025-08-15,2025-08-15T08:00:00,B1,HIGH,5.7,ehr_2025-08-15_F-005.csv,2025-08-15T02:00:00Z
INC-20250815-F-005-001,F-005,2025-08-15,2025-08-15T08:03:00,??,MED,7.7,ehr_2025-08-15_F-005.csv,2025-08-15T02:01:00Z
INC-20250815-F-005-002,F-005,2025-08-15,2025-08-15T08:06:00,A4,HIGH,37.3,ehr_2025-08-15_F-005.csv,2025-08-15T02:02:00Z
INC-20250815-F-005-003,F-005,2025-08-15,2025-08-15T08:09:00,B2,HIGH,3.5,ehr_2025-08-15_F-005.csv,2025-08-15T02:03:00Z
INC-20250815-F-005-004,F-005,2025-08-15,2025-08-15T08:12:00,A2,HIGH,15.9,ehr_2025-08-15_F-005.csv,2025-08-15T02:04:00Z
INC-20250815-F-005-005,F-005,2025-08-15,2025-08-15T08:15:00,B1,MED,15.4,ehr_2025-08-15_F-005.csv,2025-08-15T02:05:00Z
INC-20250815-F-005-006,F-005,2025-08-15,2025-08-15T08:18:00,B1,MED,26.4,ehr_2025-08-15_F-005.csv,2025-08-15T02:06:00Z
INC-20250815-F-005-007,F-005,2025-08-15,2025-08-15T08:21:00,B2,HIGH,31.1,ehr_2025-08-15_F-005.csv,2025-08-15T02:07:00Z
INC-20250815-F-005-008,F-005,2025-08-15,2025-08-15T08:24:00,B1,MED,9.6,ehr_2025-08-15_F-005.csv,2025-08-15T02:08:00Z
INC-20250815-F-005-009,F-005,2025-08-15,2025-08-15T08:27:00,B1,MED,11.2,ehr_2025-08-15_F-005.csv,2025-08-15T02:09:00Z
INC-20250815-F-005-010,F-005,2025-08-15,2025-08-15T08:30:00,A3,MED,34.0,ehr_2025-08-15_F-005.csv,2025-08-15T02:10:00Z
INC-20250815-F-005-011,F-005,2025-08-15,2025-08-15T08:33:00,A4,MED,23.3,ehr_2025-08-15_F-005.csv,2025-08-15T02:11:00Z
INC-20250815-F-005-012,F-005,2025-08-15,2025-08-15T08:36:00,B2,MED,14.2,ehr_2025-08-15_F-005.csv,2025-08-15T02:12:00Z
INC-20250815-F-005-013,F-005,2025-08-15,2025-08-15T08:39:00,B1,MED,43.0,ehr_2025-08-15_F-005.csv,2025-08-15T02:13:00Z
INC-20250815-F-005-014,F-005,2025-08-15,2025-08-15T08:42:00,A3,LOW,14.3,ehr_2025-08-15_F-005.csv,2025-08-15T02:14:00Z
INC-20250815-F-005-015,F-005,2025-08-15,2025-08-15T08:45:00,B2,LOW,17.0,ehr_2025-08-15_F-005.csv,2025-08-15T02:15:00Z
INC-20250815-F-005-016,F-005,2025-08-15,2025-08-15T08:48:00,A3,HIGH,23.3,ehr_2025-08-15_F-005.csv,2025-08-15T02:16:00Z
INC-20250815-F-005-017,F-005,2025-08-15,2025-08-15T08:51:00,B1,MED,44.8,ehr_2025-08-15_F-005.csv,2025-08-15T02:17:00Z
INC-20250815-F-006-000,F-006,2025-08-15,2025-08-15T08:00:00,A1,HIGH,35.7,ehr_2025-08-15_F-006.csv,2025-08-15T02:00:00Z
INC-20250815-F-006-001,F-006,2025-08-15,2025-08-15T08:03:00,A1,HIGH,43.5,ehr_2025-08-15_F-006.csv,2025-08-15T02:01:00Z
INC-20250815-F-006-002,F-006,2025-08-15,2025-08-15T08:06:00,A2,LOW,5.3,ehr_2025-08-15_F-006.csv,2025-08-15T02:02:00Z
INC-20250815-F-006-003,F-006,2025-08-15,2025-08-15T08:09:00,A4,LOW,32.9,ehr_2025-08-15_F-006.csv,2025-08-15T02:03:00Z
INC-20250815-F-006-004,F-006,2025-08-15,2025-08-15T08:12:00,B1,LOW,19.8,ehr_2025-08-15_F-006.csv,2025-08-15T02:04:00Z
INC-20250815-F-006-005,F-006,2025-08-15,2025-08-15T08:15:00,A4,MED,31.4,ehr_2025-08-15_F-006.csv,2025-08-15T02:05:00Z
INC-20250815-F-006-006,F-006,2025-08-15,2025-08-15T08:18:00,A3,MED,14.1,ehr_2025-08-15_F-006.csv,2025-08-15T02:06:00Z
INC-20250815-F-006-007,F-006,2025-08-15,2025-08-15T08:21:00,A1,HIGH,27.8,ehr_2025-08-15_F-006.csv,2025-08-15T02:07:00Z
INC-20250815-F-006-008,F-006,2025-08-15,2025-08-15T08:24:00,B2,LOW,43.9,ehr_2025-08-15_F-006.csv,2025-08-15T02:08:00Z
INC-20250815-F-006-009,F-006,2025-08-15,2025-08-15T08:27:00,A2,LOW,47.9,ehr_2025-08-15_F-006.csv,2025-08-15T02:09:00Z
INC-20250815-F-006-010,F-006,2025-08-15,2025-08-15T08:30:00,A4,LOW,45.0,ehr_2025-08-15_F-006.csv,2025-08-15T02:10:00Z
INC-20250815-F-006-011,F-006,2025-08-15,2025-08-15T08:33:00,A3,LOW,0.9,ehr_2025-08-15_F-006.csv,2025-08-15T02:11:00Z
INC-20250815-F-006-012,F-006,2025-08-15,2025-08-15T08:36:00,A1,MED,14.0,ehr_2025-08-15_F-006.csv,2025-08-15T02:12:00Z
INC-20250815-F-006-013,F-006,2025-08-15,2025-08-15T08:39:00,B1,HIGH,24.0,ehr_2025-08-15_F-006.csv,2025-08-15T02:13:00Z
INC-20250815-F-006-014,F-006,2025-08-15,2025-08-15T08:42:00,B1,MED,13.5,ehr_2025-08-15_F-006.csv,2025-08-15T02:14:00Z
INC-20250815-F-006-015,F-006,2025-08-15,2025-08-15T08:45:00,A3,LOW,35.2,ehr_2025-08-15_F-006.csv,2025-08-15T02:15:00Z
INC-20250815-F-006-016,F-006,2025-08-15,2025-08-15T08:48:00,B2,LOW,1.2,ehr_2025-08-15_F-006.csv,2025-08-15T02:16:00Z
INC-20250815-F-006-017,F-006,2025-08-15,2025-08-15T08:51:00,A3,HIGH,32.5,ehr_2025-08-15_F-006.csv,2025-08-15T02:17:00Z
INC-20250815-F-006-018,F-006,2025-08-15,2025-08-15T08:54:00,B1,HIGH,43.1,ehr_2025-08-15_F-006.csv,2025-08-15T02:18:00Z
INC-20250815-F-007-000,F-007,2025-08-15,2025-08-15T08:00:00,A3,LOW,19.5,ehr_2025-08-15_F-007.csv,2025-08-15T02:00:00Z
INC-20250815-F-007-001,F-007,2025-08-15,2025-08-15T08:03:00,A2,MED,15.9,ehr_2025-08-15_F-007.csv,2025-08-15T02:01:00Z
INC-20250815-F-007-002,F-007,2025-08-15,2025-08-15T08:06:00,A3,MED,11.7,ehr_2025-08-15_F-007.csv,2025-08-15T02:02:00Z
INC-20250815-F-007-003,F-007,2025-08-15,2025-08-15T08:09:00,A3,MED,28.2,ehr_2025-08-15_F-007.csv,2025-08-15T02:03:00Z
INC-20250815-F-007-004,F-007,2025-08-15,2025-08-15T08:12:00,A3,HIGH,17.6,ehr_2025-08-15_F-007.csv,2025-08-15T02:04:00Z
INC-20250815-F-007-005,F-007,2025-08-15,2025-08-15T08:15:00,B2,LOW,22.6,ehr_2025-08-15_F-007.csv,2025-08-15T02:05:00Z
INC-20250815-F-007-006,F-007,2025-08-15,2025-08-15T08:18:00,B2,HIGH,44.3,ehr_2025-08-15_F-007.csv,2025-08-15T02:06:00Z
INC-20250815-F-007-007,F-007,2025-08-15,2025-08-15T08:21:00,A3,HIGH,6.1,ehr_2025-08-15_F-007.csv,2025-08-15T02:07:00Z
INC-20250815-F-007-008,F-007,2025-08-15,2025-08-15T08:24:00,A3,MED,29.7,ehr_2025-08-15_F-007.csv,2025-08-15T02:08:00Z
INC-20250815-F-007-009,F-007,2025-08-15,2025-08-15T08:27:00,A2,MED,7.8,ehr_2025-08-15_F-007.csv,2025-08-15T02:09:00Z
INC-20250815-F-007-010,F-007,2025-08-15,2025-08-15T08:30:00,B1,MED,20.3,ehr_2025-08-15_F-007.csv,2025-08-15T02:10:00Z
INC-20250815-F-007-011,F-007,2025-08-15,2025-08-15T08:33:00,A4,HIGH,38.6,ehr_2025-08-15_F-007.csv,2025-08-15T02:11:00Z
INC-20250815-F-007-012,F-007,2025-08-15,2025-08-15T08:36:00,A2,HIGH,36.4,ehr_2025-08-15_F-007.csv,2025-08-15T02:12:00Z
INC-20250815-F-007-013,F-007,2025-08-15,2025-08-15T08:39:00,A1,HIGH,21.7,ehr_2025-08-15_F-007.csv,2025-08-15T02:13:00Z
INC-20250815-F-007-014,F-007,2025-08-15,2025-08-15T08:42:00,A1,HIGH,5.8,ehr_2025-08-15_F-007.csv,2025-08-15T02:14:00Z
INC-20250815-F-007-015,F-007,2025-08-15,2025-08-15T08:45:00,B1,LOW,27.7,ehr_2025-08-15_F-007.csv,2025-08-15T02:15:00Z
INC-20250815-F-007-016,F-007,2025-08-15,2025-08-15T08:48:00,A3,HIGH,21.5,ehr_2025-08-15_F-007.csv,2025-08-15T02:16:00Z
INC-20250815-F-007-017,F-007,2025-08-15,2025-08-15T08:51:00,B2,HIGH,23.7,ehr_2025-08-15_F-007.csv,2025-08-15T02:17:00Z
INC-20250815-F-007-018,F-007,2025-08-15,2025-08-15T08:54:00,A4,LOW,22.0,ehr_2025-08-15_F-007.csv,2025-08-15T02:18:00Z
INC-20250815-F-007-019,F-007,2025-08-15,2025-08-15T08:57:00,A4,HIGH,3.2,ehr_2025-08-15_F-007.csv,2025-08-15T02:19:00Z
INC-20250815-F-007-020,F-007,2025-08-15,2025-08-15T09:00:00,A3,HIGH,1.5,ehr_2025-08-15_F-007.csv,2025-08-15T02:20:00Z
INC-20250815-F-008-000,F-008,2025-08-15,2025-08-15T08:00:00,B2,LOW,28.0,ehr_2025-08-15_F-008.csv,2025-08-15T02:00:00Z
INC-20250815-F-008-001,F-008,2025-08-15,2025-08-15T08:03:00,A3,HIGH,3.5,ehr_2025-08-15_F-008.csv,2025-08-15T02:01:00Z
INC-20250815-F-008-002,F-008,2025-08-15,2025-08-15T08:06:00,A1,MED,2.0,ehr_2025-08-15_F-008.csv,2025-08-15T02:02:00Z
INC-20250815-F-008-003,F-008,2025-08-15,2025-08-15T08:09:00,A2,HIGH,47.0,ehr_2025-08-15_F-008.csv,2025-08-15T02:03:00Z
INC-20250815-F-008-004,F-008,2025-08-15,2025-08-15T08:12:00,A4,MED,47.7,ehr_2025-08-15_F-008.csv,2025-08-15T02:04:00Z
INC-20250815-F-008-005,F-008,2025-08-15,2025-08-15T08:15:00,A4,MED,4.3,ehr_2025-08-15_F-008.csv,2025-08-15T02:05:00Z
INC-20250815-F-008-006,F-008,2025-08-15,2025-08-15T08:18:00,B1,LOW,31.5,ehr_2025-08-15_F-008.csv,2025-08-15T02:06:00Z
INC-20250815-F-008-007,F-008,2025-08-15,2025-08-15T08:21:00,A2,HIGH,19.2,ehr_2025-08-15_F-008.csv,2025-08-15T02:07:00Z
INC-20250815-F-008-008,F-008,2025-08-15,2025-08-15T08:24:00,A2,LOW,36.4,ehr_2025-08-15_F-008.csv,2025-08-15T02:08:00Z
INC-20250815-F-008-009,F-008,2025-08-15,2025-08-15T08:27:00,A4,HIGH,34.7,ehr_2025-08-15_F-008.csv,2025-08-15T02:09:00Z
INC-20250815-F-008-010,F-008,2025-08-15,2025-08-15T08:30:00,A4,LOW,12.3,ehr_2025-08-15_F-008.csv,2025-08-15T02:10:00Z
INC-20250815-F-008-011,F-008,2025-08-15,2025-08-15T08:33:00,A3,LOW,45.0,ehr_2025-08-15_F-008.csv,2025-08-15T02:11:00Z
INC-20250815-F-009-000,F-009,2025-08-15,2025-08-15T08:00:00,A1,HIGH,20.4,ehr_2025-08-15_F-009.csv,2025-08-15T02:00:00Z
INC-20250815-F-009-001,F-009,2025-08-15,2025-08-15T08:03:00,A1,LOW,10.3,ehr_2025-08-15_F-009.csv,2025-08-15T02:01:00Z
INC-20250815-F-009-002,F-009,2025-08-15,2025-08-15T08:06:00,A1,MED,28.9,ehr_2025-08-15_F-009.csv,2025-08-15T02:02:00Z
INC-20250815-F-009-003,F-009,2025-08-15,2025-08-15T08:09:00,A1,LOW,35.7,ehr_2025-08-15_F-009.csv,2025-08-15T02:03:00Z
INC-20250815-F-009-004,F-009,2025-08-15,2025-08-15T08:12:00,A2,HIGH,10.8,ehr_2025-08-15_F-009.csv,2025-08-15T02:04:00Z
INC-20250815-F-009-005,F-009,2025-08-15,2025-08-15T08:15:00,A1,LOW,24.4,ehr_2025-08-15_F-009.csv,2025-08-15T02:05:00Z
INC-20250815-F-009-006,F-009,2025-08-15,2025-08-15T08:18:00,B2,HIGH,15.6,ehr_2025-08-15_F-009.csv,2025-08-15T02:06:00Z
INC-20250815-F-009-007,F-009,2025-08-15,2025-08-15T08:21:00,B2,MED,11.8,ehr_2025-08-15_F-009.csv,2025-08-15T02:07:00Z
INC-20250815-F-009-008,F-009,2025-08-15,2025-08-15T08:24:00,B2,HIGH,11.0,ehr_2025-08-15_F-009.csv,2025-08-15T02:08:00Z
INC-20250815-F-009-009,F-009,2025-08-15,2025-08-15T08:27:00,A1,HIGH,45.6,ehr_2025-08-15_F-009.csv,2025-08-15T02:09:00Z
INC-20250815-F-009-010,F-009,2025-08-15,2025-08-15T08:30:00,A2,HIGH,32.7,ehr_2025-08-15_F-009.csv,2025-08-15T02:10:00Z
INC-20250815-F-009-011,F-009,2025-08-15,2025-08-15T08:33:00,A1,MED,45.2,ehr_2025-08-15_F-009.csv,2025-08-15T02:11:00Z
INC-20250815-F-009-012,F-009,2025-08-15,2025-08-15T08:36:00,B1,MED,33.6,ehr_2025-08-15_F-009.csv,2025-08-15T02:12:00Z
INC-20250815-F-009-013,F-009,2025-08-15,2025-08-15T08:39:00,A3,MED,9.2,ehr_2025-08-15_F-009.csv,2025-08-15T02:13:00Z
INC-20250815-F-009-014,F-009,2025-08-15,2025-08-15T08:42:00,A2,LOW,14.8,ehr_2025-08-15_F-009.csv,2025-08-15T02:14:00Z
INC-20250815-F-009-015,F-009,2025-08-15,2025-08-15T08:45:00,A4,LOW,27.2,ehr_2025-08-15_F-009.csv,2025-08-15T02:15:00Z
INC-20250815-F-009-016,F-009,2025-08-15,2025-08-15T08:48:00,B1,HIGH,6.9,ehr_2025-08-15_F-009.csv,2025-08-15T02:16:00Z
INC-20250815-F-009-017,F-009,2025-08-15,2025-08-15T08:51:00,A2,MED,31.2,ehr_2025-08-15_F-009.csv,2025-08-15T02:17:00Z
INC-20250815-F-009-018,F-009,2025-08-15,2025-08-15T08:54:00,A3,LOW,25.9,ehr_2025-08-15_F-009.csv,2025-08-15T02:18:00Z
INC-20250815-F-010-000,F-010,2025-08-15,2025-08-15T08:00:00,A3,MED,32.5,ehr_2025-08-15_F-010.csv,2025-08-15T02:00:00Z
INC-20250815-F-010-001,F-010,2025-08-15,2025-08-15T08:03:00,A1,LOW,38.7,ehr_2025-08-15_F-010.csv,2025-08-15T02:01:00Z
INC-20250815-F-010-002,F-010,2025-08-15,2025-08-15T08:06:00,B2,HIGH,10.8,ehr_2025-08-15_F-010.csv,2025-08-15T02:02:00Z
INC-20250815-F-010-003,F-010,2025-08-15,2025-08-15T08:09:00,A3,MED,46.0,ehr_2025-08-15_F-010.csv,2025-08-15T02:03:00Z
INC-20250815-F-010-004,F-010,2025-08-15,2025-08-15T08:12:00,XX,HIGH,6.1,ehr_2025-08-15_F-010.csv,2025-08-15T02:04:00Z
INC-20250815-F-010-005,F-010,2025-08-15,2025-08-15T08:15:00,A4,LOW,33.5,ehr_2025-08-15_F-010.csv,2025-08-15T02:05:00Z
INC-20250815-F-010-006,F-010,2025-08-15,2025-08-15T08:18:00,A4,LOW,26.7,ehr_2025-08-15_F-010.csv,2025-08-15T02:06:00Z
INC-20250815-F-010-007,F-010,2025-08-15,2025-08-15T08:21:00,A4,MED,25.8,ehr_2025-08-15_F-010.csv,2025-08-15T02:07:00Z
INC-20250815-F-010-008,F-010,2025-08-15,2025-08-15T08:24:00,A3,MED,24.9,ehr_2025-08-15_F-010.csv,2025-08-15T02:08:00Z
INC-20250815-F-010-009,F-010,2025-08-15,2025-08-15T08:27:00,A1,HIGH,22.8,ehr_2025-08-15_F-010.csv,2025-08-15T02:09:00Z
INC-20250815-F-010-010,F-010,2025-08-15,2025-08-15T08:30:00,A2,MED,15.4,ehr_2025-08-15_F-010.csv,2025-08-15T02:10:00Z
INC-20250815-F-010-011,F-010,2025-08-15,2025-08-15T08:33:00,A2,HIGH,7.4,ehr_2025-08-15_F-010.csv,2025-08-15T02:11:00Z
INC-20250815-F-010-012,F-010,2025-08-15,2025-08-15T08:36:00,B1,HIGH,34.7,ehr_2025-08-15_F-010.csv,2025-08-15T02:12:00Z
INC-20250815-F-010-013,F-010,2025-08-15,2025-08-15T08:39:00,A2,MED,11.4,ehr_2025-08-15_F-010.csv,2025-08-15T02:13:00Z
INC-20250815-F-010-014,F-010,2025-08-15,2025-08-15T08:42:00,A2,MED,26.7,ehr_2025-08-15_F-010.csv,2025-08-15T02:14:00Z
INC-20250815-F-010-015,F-010,2025-08-15,2025-08-15T08:45:00,A3,MED,36.8,ehr_2025-08-15_F-010.csv,2025-08-15T02:15:00Z
INC-20250815-F-010-016,F-010,2025-08-15,2025-08-15T08:48:00,B2,HIGH,35.6,ehr_2025-08-15_F-010.csv,2025-08-15T02:16:00Z
INC-20250815-F-010-017,F-010,2025-08-15,2025-08-15T08:51:00,B2,MED,8.5,ehr_2025-08-15_F-010.csv,2025-08-15T02:17:00Z
INC-20250815-F-010-018,F-010,2025-08-15,2025-08-15T08:54:00,A4,LOW,44.1,ehr_2025-08-15_F-010.csv,2025-08-15T02:18:00Z
INC-20250815-F-010-019,F-010,2025-08-15,2025-08-15T08:57:00,B2,LOW,25.4,ehr_2025-08-15_F-010.csv,2025-08-15T02:19:00Z
INC-20250815-F-010-020,F-010,2025-08-15,2025-08-15T09:00:00,A1,HIGH,2.8,ehr_2025-08-15_F-010.csv,2025-08-15T02:20:00Z
INC-20250815-F-011-000,F-011,2025-08-15,2025-08-15T08:00:00,B2,LOW,3.7,ehr_2025-08-15_F-011.csv,2025-08-15T02:00:00Z
INC-20250815-F-011-001,F-011,2025-08-15,2025-08-15T08:03:00,A2,HIGH,22.2,ehr_2025-08-15_F-011.csv,2025-08-15T02:01:00Z
INC-20250815-F-011-002,F-011,2025-08-15,2025-08-15T08:06:00,B2,HIGH,44.9,ehr_2025-08-15_F-011.csv,2025-08-15T02:02:00Z
INC-20250815-F-011-003,F-011,2025-08-15,2025-08-15T08:09:00,B2,MED,1.2,ehr_2025-08-15_F-011.csv,2025-08-15T02:03:00Z
INC-20250815-F-011-004,F-011,2025-08-15,2025-08-15T08:12:00,A4,LOW,1.3,ehr_2025-08-15_F-011.csv,2025-08-15T02:04:00Z
INC-20250815-F-011-005,F-011,2025-08-15,2025-08-15T08:15:00,B1,MED,1.3,ehr_2025-08-15_F-011.csv,2025-08-15T02:05:00Z
INC-20250815-F-011-006,F-011,2025-08-15,2025-08-15T08:18:00,B2,MED,38.8,ehr_2025-08-15_F-011.csv,2025-08-15T02:06:00Z
INC-20250815-F-011-007,F-011,2025-08-15,2025-08-15T08:21:00,A1,LOW,25.4,ehr_2025-08-15_F-011.csv,2025-08-15T02:07:00Z
INC-20250815-F-012-000,F-012,2025-08-15,2025-08-15T08:00:00,B1,MED,39.2,ehr_2025-08-15_F-012.csv,2025-08-15T02:00:00Z
INC-20250815-F-012-001,F-012,2025-08-15,2025-08-15T08:03:00,A4,LOW,18.2,ehr_2025-08-15_F-012.csv,2025-08-15T02:01:00Z
INC-20250815-F-012-002,F-012,2025-08-15,2025-08-15T08:06:00,B1,LOW,47.5,ehr_2025-08-15_F-012.csv,2025-08-15T02:02:00Z
INC-20250815-F-012-003,F-012,2025-08-15,2025-08-15T08:09:00,B2,LOW,31.6,ehr_2025-08-15_F-012.csv,2025-08-15T02:03:00Z
INC-20250815-F-012-004,F-012,2025-08-15,2025-08-15T08:12:00,A1,LOW,19.8,ehr_2025-08-15_F-012.csv,2025-08-15T02:04:00Z
INC-20250815-F-012-005,F-012,2025-08-15,2025-08-15T08:15:00,A4,LOW,30.7,ehr_2025-08-15_F-012.csv,2025-08-15T02:05:00Z
INC-20250815-F-012-006,F-012,2025-08-15,2025-08-15T08:18:00,A1,MED,40.7,ehr_2025-08-15_F-012.csv,2025-08-15T02:06:00Z
INC-20250815-F-012-007,F-012,2025-08-15,2025-08-15T08:21:00,A3,HIGH,46.9,ehr_2025-08-15_F-012.csv,2025-08-15T02:07:00Z
INC-20250815-F-012-008,F-012,2025-08-15,2025-08-15T08:24:00,B1,LOW,11.4,ehr_2025-08-15_F-012.csv,2025-08-15T02:08:00Z
INC-20250815-F-012-009,F-012,2025-08-15,2025-08-15T08:27:00,B2,HIGH,23.1,ehr_2025-08-15_F-012.csv,2025-08-15T02:09:00Z
INC-20250815-F-012-010,F-012,2025-08-15,2025-08-15T08:30:00,A1,HIGH,44.5,ehr_2025-08-15_F-012.csv,2025-08-15T02:10:00Z
INC-20250815-F-013-000,F-013,2025-08-15,2025-08-15T08:00:00,B2,LOW,9.0,ehr_2025-08-15_F-013.csv,2025-08-15T02:00:00Z
INC-20250815-F-013-001,F-013,2025-08-15,2025-08-15T08:03:00,A1,LOW,28.4,ehr_2025-08-15_F-013.csv,2025-08-15T02:01:00Z
INC-20250815-F-013-002,F-013,2025-08-15,2025-08-15T08:06:00,B2,MED,44.6,ehr_2025-08-15_F-013.csv,2025-08-15T02:02:00Z
INC-20250815-F-013-003,F-013,2025-08-15,2025-08-15T08:09:00,B1,LOW,27.4,ehr_2025-08-15_F-013.csv,2025-08-15T02:03:00Z
INC-20250815-F-013-004,F-013,2025-08-15,2025-08-15T08:12:00,B2,HIGH,16.3,ehr_2025-08-15_F-013.csv,2025-08-15T02:04:00Z
INC-20250815-F-013-005,F-013,2025-08-15,2025-08-15T08:15:00,A2,HIGH,34.9,ehr_2025-08-15_F-013.csv,2025-08-15T02:05:00Z
INC-20250815-F-013-006,F-013,2025-08-15,2025-08-15T08:18:00,A3,LOW,5.1,ehr_2025-08-15_F-013.csv,2025-08-15T02:06:00Z
INC-20250815-F-013-007,F-013,2025-08-15,2025-08-15T08:21:00,A1,MED,29.2,ehr_2025-08-15_F-013.csv,2025-08-15T02:07:00Z
INC-20250815-F-013-008,F-013,2025-08-15,2025-08-15T08:24:00,B1,MED,46.5,ehr_2025-08-15_F-013.csv,2025-08-15T02:08:00Z
INC-20250815-F-013-009,F-013,2025-08-15,2025-08-15T08:27:00,B2,MED,37.7,ehr_2025-08-15_F-013.csv,2025-08-15T02:09:00Z
INC-20250815-F-013-010,F-013,2025-08-15,2025-08-15T08:30:00,A2,MED,26.8,ehr_2025-08-15_F-013.csv,2025-08-15T02:10:00Z
INC-20250815-F-013-011,F-013,2025-08-15,2025-08-15T08:33:00,A2,HIGH,28.3,ehr_2025-08-15_F-013.csv,2025-08-15T02:11:00Z
INC-20250815-F-013-012,F-013,2025-08-15,2025-08-15T08:36:00,B1,MED,38.4,ehr_2025-08-15_F-013.csv,2025-08-15T02:12:00Z
INC-20250815-F-013-013,F-013,2025-08-15,2025-08-15T08:39:00,A1,MED,7.8,ehr_2025-08-15_F-013.csv,2025-08-15T02:13:00Z
INC-20250815-F-013-014,F-013,2025-08-15,2025-08-15T08:42:00,B2,LOW,35.6,ehr_2025-08-15_F-013.csv,2025-08-15T02:14:00Z
INC-20250815-F-013-015,F-013,2025-08-15,2025-08-15T08:45:00,A1,LOW,0.7,ehr_2025-08-15_F-013.csv,2025-08-15T02:15:00Z
INC-20250815-F-013-016,F-013,2025-08-15,2025-08-15T08:48:00,A3,MED,5.4,ehr_2025-08-15_F-013.csv,2025-08-15T02:16:00Z
INC-20250815-F-013-017,F-013,2025-08-15,2025-08-15T08:51:00,A4,MED,27.0,ehr_2025-08-15_F-013.csv,2025-08-15T02:17:00Z
INC-20250815-F-013-018,F-013,2025-08-15,2025-08-15T08:54:00,A1,LOW,4.8,ehr_2025-08-15_F-013.csv,2025-08-15T02:18:00Z
INC-20250815-F-013-019,F-013,2025-08-15,2025-08-15T08:57:00,B1,HIGH,37.8,ehr_2025-08-15_F-013.csv,2025-08-15T02:19:00Z
INC-20250815-F-013-020,F-013,2025-08-15,2025-08-15T09:00:00,A1,MED,20.2,ehr_2025-08-15_F-013.csv,2025-08-15T02:20:00Z
INC-20250815-F-013-021,F-013,2025-08-15,2025-08-15T09:03:00,B2,HIGH,43.5,ehr_2025-08-15_F-013.csv,2025-08-15T02:21:00Z
INC-20250815-F-014-000,F-014,2025-08-15,2025-08-15T08:00:00,A2,HIGH,18.6,ehr_2025-08-15_F-014.csv,2025-08-15T02:00:00Z
INC-20250815-F-014-001,F-014,2025-08-15,2025-08-15T08:03:00,A3,MED,23.9,ehr_2025-08-15_F-014.csv,2025-08-15T02:01:00Z
INC-20250815-F-014-002,F-014,2025-08-15,2025-08-15T08:06:00,A4,MED,20.5,ehr_2025-08-15_F-014.csv,2025-08-15T02:02:00Z
INC-20250815-F-014-003,F-014,2025-08-15,2025-08-15T08:09:00,A1,MED,12.5,ehr_2025-08-15_F-014.csv,2025-08-15T02:03:00Z
INC-20250815-F-014-004,F-014,2025-08-15,2025-08-15T08:12:00,B2,MED,28.7,ehr_2025-08-15_F-014.csv,2025-08-15T02:04:00Z
INC-20250815-F-014-005,F-014,2025-08-15,2025-08-15T08:15:00,A1,LOW,15.0,ehr_2025-08-15_F-014.csv,2025-08-15T02:05:00Z
INC-20250815-F-014-006,F-014,2025-08-15,2025-08-15T08:18:00,A3,HIGH,18.5,ehr_2025-08-15_F-014.csv,2025-08-15T02:06:00Z
INC-20250815-F-014-007,F-014,2025-08-15,2025-08-15T08:21:00,A4,MED,21.0,ehr_2025-08-15_F-014.csv,2025-08-15T02:07:00Z
INC-20250815-F-014-008,F-014,2025-08-15,2025-08-15T08:24:00,B2,HIGH,7.0,ehr_2025-08-15_F-014.csv,2025-08-15T02:08:00Z
INC-20250815-F-014-009,F-014,2025-08-15,2025-08-15T08:27:00,B2,LOW,23.3,ehr_2025-08-15_F-014.csv,2025-08-15T02:09:00Z
INC-20250815-F-014-010,F-014,2025-08-15,2025-08-15T08:30:00,A4,MED,14.3,ehr_2025-08-15_F-014.csv,2025-08-15T02:10:00Z
INC-20250815-F-015-000,F-015,2025-08-15,2025-08-15T08:00:00,B1,LOW,16.0,ehr_2025-08-15_F-015.csv,2025-08-15T02:00:00Z
INC-20250815-F-015-001,F-015,2025-08-15,2025-08-15T08:03:00,A4,MED,5.9,ehr_2025-08-15_F-015.csv,2025-08-15T02:01:00Z
INC-20250815-F-015-002,F-015,2025-08-15,2025-08-15T08:06:00,B1,HIGH,9.0,ehr_2025-08-15_F-015.csv,2025-08-15T02:02:00Z
INC-20250815-F-015-003,F-015,2025-08-15,2025-08-15T08:09:00,A1,HIGH,22.4,ehr_2025-08-15_F-015.csv,2025-08-15T02:03:00Z
INC-20250815-F-015-004,F-015,2025-08-15,2025-08-15T08:12:00,A4,MED,40.0,ehr_2025-08-15_F-015.csv,2025-08-15T02:04:00Z
INC-20250815-F-015-005,F-015,2025-08-15,2025-08-15T08:15:00,A4,HIGH,24.2,ehr_2025-08-15_F-015.csv,2025-08-15T02:05:00Z
INC-20250815-F-015-006,F-015,2025-08-15,2025-08-15T08:18:00,A2,MED,31.8,ehr_2025-08-15_F-015.csv,2025-08-15T02:06:00Z
INC-20250815-F-015-007,F-015,2025-08-15,2025-08-15T08:21:00,A4,LOW,21.8,ehr_2025-08-15_F-015.csv,2025-08-15T02:07:00Z
INC-20250815-F-015-008,F-015,2025-08-15,2025-08-15T08:24:00,B1,MED,25.9,ehr_2025-08-15_F-015.csv,2025-08-15T02:08:00Z
INC-20250815-F-015-009,F-015,2025-08-15,2025-08-15T08:27:00,B2,MED,26.3,ehr_2025-08-15_F-015.csv,2025-08-15T02:09:00Z
INC-20250815-F-015-010,F-015,2025-08-15,2025-08-15T08:30:00,A3,HIGH,43.0,ehr_2025-08-15_F-015.csv,2025-08-15T02:10:00Z
INC-20250815-F-015-011,F-015,2025-08-15,2025-08-15T08:33:00,B2,LOW,5.7,ehr_2025-08-15_F-015.csv,2025-08-15T02:11:00Z
INC-20250815-F-015-012,F-015,2025-08-15,2025-08-15T08:36:00,B2,MED,8.4,ehr_2025-08-15_F-015.csv,2025-08-15T02:12:00Z
INC-20250815-F-015-013,F-015,2025-08-15,2025-08-15T08:39:00,B1,HIGH,32.7,ehr_2025-08-15_F-015.csv,2025-08-15T02:13:00Z
INC-20250815-F-015-014,F-015,2025-08-15,2025-08-15T08:42:00,A3,MED,5.5,ehr_2025-08-15_F-015.csv,2025-08-15T02:14:00Z
INC-20250815-F-015-015,F-015,2025-08-15,2025-08-15T08:45:00,A2,HIGH,36.0,ehr_2025-08-15_F-015.csv,2025-08-15T02:15:00Z
INC-20250815-F-015-016,F-015,2025-08-15,2025-08-15T08:48:00,B2,HIGH,11.0,ehr_2025-08-15_F-015.csv,2025-08-15T02:16:00Z
INC-20250815-F-015-017,F-015,2025-08-15,2025-08-15T08:51:00,A4,HIGH,28.5,ehr_2025-08-15_F-015.csv,2025-08-15T02:17:00Z
INC-20250815-F-015-018,F-015,2025-08-15,2025-08-15T08:54:00,A3,LOW,23.4,ehr_2025-08-15_F-015.csv,2025-08-15T02:18:00Z
INC-20250815-F-016-000,F-016,2025-08-15,2025-08-15T08:00:00,A1,LOW,40.0,ehr_2025-08-15_F-016.csv,2025-08-15T02:00:00Z
INC-20250815-F-016-001,F-016,2025-08-15,2025-08-15T08:03:00,A3,MED,16.8,ehr_2025-08-15_F-016.csv,2025-08-15T02:01:00Z
INC-20250815-F-016-002,F-016,2025-08-15,2025-08-15T08:06:00,B1,MED,17.0,ehr_2025-08-15_F-016.csv,2025-08-15T02:02:00Z
INC-20250815-F-016-003,F-016,2025-08-15,2025-08-15T08:09:00,B2,HIGH,22.0,ehr_2025-08-15_F-016.csv,2025-08-15T02:03:00Z
INC-20250815-F-016-004,F-016,2025-08-15,2025-08-15T08:12:00,A1,HIGH,6.0,ehr_2025-08-15_F-016.csv,2025-08-15T02:04:00Z
INC-20250815-F-016-005,F-016,2025-08-15,2025-08-15T08:15:00,B2,LOW,32.7,ehr_2025-08-15_F-016.csv,2025-08-15T02:05:00Z
INC-20250815-F-016-006,F-016,2025-08-15,2025-08-15T08:18:00,B2,LOW,25.0,ehr_2025-08-15_F-016.csv,2025-08-15T02:06:00Z
INC-20250815-F-016-007,F-016,2025-08-15,2025-08-15T08:21:00,A3,HIGH,20.8,ehr_2025-08-15_F-016.csv,2025-08-15T02:07:00Z
INC-20250815-F-016-008,F-016,2025-08-15,2025-08-15T08:24:00,A4,HIGH,9.3,ehr_2025-08-15_F-016.csv,2025-08-15T02:08:00Z
INC-20250815-F-016-009,F-016,2025-08-15,2025-08-15T08:27:00,A4,MED,1.9,ehr_2025-08-15_F-016.csv,2025-08-15T02:09:00Z
INC-20250815-F-016-010,F-016,2025-08-15,2025-08-15T08:30:00,A2,MED,28.6,ehr_2025-08-15_F-016.csv,2025-08-15T02:10:00Z
INC-20250815-F-016-011,F-016,2025-08-15,2025-08-15T08:33:00,B2,LOW,10.3,ehr_2025-08-15_F-016.csv,2025-08-15T02:11:00Z
INC-20250815-F-017-000,F-017,2025-08-15,2025-08-15T08:00:00,A1,HIGH,5.3,ehr_2025-08-15_F-017.csv,2025-08-15T02:00:00Z
INC-20250815-F-017-001,F-017,2025-08-15,2025-08-15T08:03:00,A2,MED,16.0,ehr_2025-08-15_F-017.csv,2025-08-15T02:01:00Z
INC-20250815-F-017-002,F-017,2025-08-15,2025-08-15T08:06:00,A3,HIGH,41.5,ehr_2025-08-15_F-017.csv,2025-08-15T02:02:00Z
INC-20250815-F-017-003,F-017,2025-08-15,2025-08-15T08:09:00,B2,MED,28.9,ehr_2025-08-15_F-017.csv,2025-08-15T02:03:00Z
INC-20250815-F-017-004,F-017,2025-08-15,2025-08-15T08:12:00,B1,LOW,17.0,ehr_2025-08-15_F-017.csv,2025-08-15T02:04:00Z
INC-20250815-F-017-005,F-017,2025-08-15,2025-08-15T08:15:00,B1,LOW,39.2,ehr_2025-08-15_F-017.csv,2025-08-15T02:05:00Z
INC-20250815-F-017-006,F-017,2025-08-15,2025-08-15T08:18:00,A3,HIGH,28.5,ehr_2025-08-15_F-017.csv,2025-08-15T02:06:00Z
INC-20250815-F-017-007,F-017,2025-08-15,2025-08-15T08:21:00,A3,LOW,11.8,ehr_2025-08-15_F-017.csv,2025-08-15T02:07:00Z
INC-20250815-F-017-008,F-017,2025-08-15,2025-08-15T08:24:00,A3,HIGH,7.2,ehr_2025-08-15_F-017.csv,2025-08-15T02:08:00Z
INC-20250815-F-017-009,F-017,2025-08-15,2025-08-15T08:27:00,B1,LOW,27.8,ehr_2025-08-15_F-017.csv,2025-08-15T02:09:00Z
INC-20250815-F-017-010,F-017,2025-08-15,2025-08-15T08:30:00,A4,HIGH,26.0,ehr_2025-08-15_F-017.csv,2025-08-15T02:10:00Z
INC-20250815-F-017-011,F-017,2025-08-15,2025-08-15T08:33:00,A2,HIGH,8.4,ehr_2025-08-15_F-017.csv,2025-08-15T02:11:00Z
INC-20250815-F-017-012,F-017,2025-08-15,2025-08-15T08:36:00,A2,MED,40.5,ehr_2025-08-15_F-017.csv,2025-08-15T02:12:00Z
INC-20250815-F-017-013,F-017,2025-08-15,2025-08-15T08:39:00,A3,LOW,23.5,ehr_2025-08-15_F-017.csv,2025-08-15T02:13:00Z
INC-20250815-F-017-014,F-017,2025-08-15,2025-08-15T08:42:00,A4,HIGH,24.5,ehr_2025-08-15_F-017.csv,2025-08-15T02:14:00Z
INC-20250815-F-017-015,F-017,2025-08-15,2025-08-15T08:45:00,B2,MED,20.2,ehr_2025-08-15_F-017.csv,2025-08-15T02:15:00Z
INC-20250815-F-017-016,F-017,2025-08-15,2025-08-15T08:48:00,A4,LOW,4.4,ehr_2025-08-15_F-017.csv,2025-08-15T02:16:00Z
INC-20250815-F-017-017,F-017,2025-08-15,2025-08-15T08:51:00,A2,MED,2.1,ehr_2025-08-15_F-017.csv,2025-08-15T02:17:00Z
INC-20250815-F-017-018,F-017,2025-08-15,2025-08-15T08:54:00,A3,LOW,37.6,ehr_2025-08-15_F-017.csv,2025-08-15T02:18:00Z
INC-20250815-F-017-019,F-017,2025-08-15,2025-08-15T08:57:00,A4,HIGH,24.8,ehr_2025-08-15_F-017.csv,2025-08-15T02:19:00Z
INC-20250815-F-018-000,F-018,2025-08-15,2025-08-15T08:00:00,B1,MED,26.2,ehr_2025-08-15_F-018.csv,2025-08-15T02:00:00Z
INC-20250815-F-018-001,F-018,2025-08-15,2025-08-15T08:03:00,B2,MED,26.5,ehr_2025-08-15_F-018.csv,2025-08-15T02:01:00Z
INC-20250815-F-018-002,F-018,2025-08-15,2025-08-15T08:06:00,A1,HIGH,39.9,ehr_2025-08-15_F-018.csv,2025-08-15T02:02:00Z
INC-20250815-F-018-003,F-018,2025-08-15,2025-08-15T08:09:00,A3,LOW,21.9,ehr_2025-08-15_F-018.csv,2025-08-15T02:03:00Z
INC-20250815-F-018-004,F-018,2025-08-15,2025-08-15T08:12:00,A1,MED,41.6,ehr_2025-08-15_F-018.csv,2025-08-15T02:04:00Z
INC-20250815-F-018-005,F-018,2025-08-15,2025-08-15T08:15:00,A2,LOW,39.0,ehr_2025-08-15_F-018.csv,2025-08-15T02:05:00Z
INC-20250815-F-018-006,F-018,2025-08-15,2025-08-15T08:18:00,A3,HIGH,29.5,ehr_2025-08-15_F-018.csv,2025-08-15T02:06:00Z
INC-20250815-F-018-007,F-018,2025-08-15,2025-08-15T08:21:00,B1,LOW,37.8,ehr_2025-08-15_F-018.csv,2025-08-15T02:07:00Z
INC-20250815-F-018-008,F-018,2025-08-15,2025-08-15T08:24:00,A1,HIGH,17.2,ehr_2025-08-15_F-018.csv,2025-08-15T02:08:00Z
INC-20250815-F-018-009,F-018,2025-08-15,2025-08-15T08:27:00,B1,LOW,15.9,ehr_2025-08-15_F-018.csv,2025-08-15T02:09:00Z
INC-20250815-F-018-010,F-018,2025-08-15,2025-08-15T08:30:00,A3,HIGH,13.2,ehr_2025-08-15_F-018.csv,2025-08-15T02:10:00Z
INC-20250815-F-018-011,F-018,2025-08-15,2025-08-15T08:33:00,B2,LOW,6.9,ehr_2025-08-15_F-018.csv,2025-08-15T02:11:00Z
INC-20250815-F-018-012,F-018,2025-08-15,2025-08-15T08:36:00,A4,LOW,47.6,ehr_2025-08-15_F-018.csv,2025-08-15T02:12:00Z
INC-20250815-F-018-013,F-018,2025-08-15,2025-08-15T08:39:00,A2,HIGH,41.6,ehr_2025-08-15_F-018.csv,2025-08-15T02:13:00Z
INC-20250815-F-018-014,F-018,2025-08-15,2025-08-15T08:42:00,B2,MED,39.9,ehr_2025-08-15_F-018.csv,2025-08-15T02:14:00Z
INC-20250815-F-018-015,F-018,2025-08-15,2025-08-15T08:45:00,B2,MED,23.7,ehr_2025-08-15_F-018.csv,2025-08-15T02:15:00Z
INC-20250815-F-018-016,F-018,2025-08-15,2025-08-15T08:48:00,A3,HIGH,20.2,ehr_2025-08-15_F-018.csv,2025-08-15T02:16:00Z
INC-20250815-F-019-000,F-019,2025-08-15,2025-08-15T08:00:00,A1,MED,25.0,ehr_2025-08-15_F-019.csv,2025-08-15T02:00:00Z
INC-20250815-F-019-001,F-019,2025-08-15,2025-08-15T08:03:00,A3,MED,45.6,ehr_2025-08-15_F-019.csv,2025-08-15T02:01:00Z
INC-20250815-F-019-002,F-019,2025-08-15,2025-08-15T08:06:00,A1,HIGH,4.9,ehr_2025-08-15_F-019.csv,2025-08-15T02:02:00Z
INC-20250815-F-019-003,F-019,2025-08-15,2025-08-15T08:09:00,B2,HIGH,33.6,ehr_2025-08-15_F-019.csv,2025-08-15T02:03:00Z
INC-20250815-F-019-004,F-019,2025-08-15,2025-08-15T08:12:00,B1,MED,10.8,ehr_2025-08-15_F-019.csv,2025-08-15T02:04:00Z
INC-20250815-F-019-005,F-019,2025-08-15,2025-08-15T08:15:00,A2,MED,13.3,ehr_2025-08-15_F-019.csv,2025-08-15T02:05:00Z
INC-20250815-F-019-006,F-019,2025-08-15,2025-08-15T08:18:00,A3,HIGH,28.0,ehr_2025-08-15_F-019.csv,2025-08-15T02:06:00Z
INC-20250815-F-019-007,F-019,2025-08-15,2025-08-15T08:21:00,A4,MED,43.0,ehr_2025-08-15_F-019.csv,2025-08-15T02:07:00Z
INC-20250815-F-019-008,F-019,2025-08-15,2025-08-15T08:24:00,A1,LOW,30.2,ehr_2025-08-15_F-019.csv,2025-08-15T02:08:00Z
INC-20250815-F-019-009,F-019,2025-08-15,2025-08-15T08:27:00,A1,LOW,44.6,ehr_2025-08-15_F-019.csv,2025-08-15T02:09:00Z
INC-20250815-F-019-010,F-019,2025-08-15,2025-08-15T08:30:00,A4,LOW,47.6,ehr_2025-08-15_F-019.csv,2025-08-15T02:10:00Z
INC-20250815-F-019-011,F-019,2025-08-15,2025-08-15T08:33:00,B2,LOW,42.4,ehr_2025-08-15_F-019.csv,2025-08-15T02:11:00Z
INC-20250815-F-019-012,F-019,2025-08-15,2025-08-15T08:36:00,A3,LOW,31.6,ehr_2025-08-15_F-019.csv,2025-08-15T02:12:00Z
INC-20250815-F-019-013,F-019,2025-08-15,2025-08-15T08:39:00,A3,HIGH,43.4,ehr_2025-08-15_F-019.csv,2025-08-15T02:13:00Z
INC-20250815-F-019-014,F-019,2025-08-15,2025-08-15T08:42:00,A4,HIGH,15.0,ehr_2025-08-15_F-019.csv,2025-08-15T02:14:00Z
INC-20250815-F-020-000,F-020,2025-08-15,2025-08-15T08:00:00,A4,HIGH,4.8,ehr_2025-08-15_F-020.csv,2025-08-15T02:00:00Z
INC-20250815-F-020-001,F-020,2025-08-15,2025-08-15T08:03:00,A2,MED,4.2,ehr_2025-08-15_F-020.csv,2025-08-15T02:01:00Z
INC-20250815-F-020-002,F-020,2025-08-15,2025-08-15T08:06:00,B1,HIGH,21.6,ehr_2025-08-15_F-020.csv,2025-08-15T02:02:00Z
INC-20250815-F-020-003,F-020,2025-08-15,2025-08-15T08:09:00,??,LOW,47.4,ehr_2025-08-15_F-020.csv,2025-08-15T02:03:00Z
INC-20250815-F-020-004,F-020,2025-08-15,2025-08-15T08:12:00,A2,MED,3.9,ehr_2025-08-15_F-020.csv,2025-08-15T02:04:00Z
INC-20250815-F-020-005,F-020,2025-08-15,2025-08-15T08:15:00,B2,LOW,5.4,ehr_2025-08-15_F-020.csv,2025-08-15T02:05:00Z
INC-20250815-F-020-006,F-020,2025-08-15,2025-08-15T08:18:00,A3,LOW,18.7,ehr_2025-08-15_F-020.csv,2025-08-15T02:06:00Z
INC-20250815-F-020-007,F-020,2025-08-15,2025-08-15T08:21:00,A2,HIGH,47.7,ehr_2025-08-15_F-020.csv,2025-08-15T02:07:00Z
INC-20250815-F-020-008,F-020,2025-08-15,2025-08-15T08:24:00,B1,HIGH,0.9,ehr_2025-08-15_F-020.csv,2025-08-15T02:08:00Z
INC-20250815-F-020-009,F-020,2025-08-15,2025-08-15T08:27:00,A4,MED,34.8,ehr_2025-08-15_F-020.csv,2025-08-15T02:09:00Z
INC-20250815-F-020-010,F-020,2025-08-15,2025-08-15T08:30:00,A2,MED,29.8,ehr_2025-08-15_F-020.csv,2025-08-15T02:10:00Z
INC-20250815-F-020-011,F-020,2025-08-15,2025-08-15T08:33:00,A2,LOW,43.1,ehr_2025-08-15_F-020.csv,2025-08-15T02:11:00Z
INC-20250815-F-020-012,F-020,2025-08-15,2025-08-15T08:36:00,A1,HIGH,35.2,ehr_2025-08-15_F-020.csv,2025-08-15T02:12:00Z
INC-20250815-F-020-013,F-020,2025-08-15,2025-08-15T08:39:00,A4,MED,38.1,ehr_2025-08-15_F-020.csv,2025-08-15T02:13:00Z
INC-20250815-F-020-014,F-020,2025-08-15,2025-08-15T08:42:00,B2,LOW,12.3,ehr_2025-08-15_F-020.csv,2025-08-15T02:14:00Z
INC-20250815-F-020-015,F-020,2025-08-15,2025-08-15T08:45:00,B2,HIGH,14.0,ehr_2025-08-15_F-020.csv,2025-08-15T02:15:00Z
INC-20250815-F-020-016,F-020,2025-08-15,2025-08-15T08:48:00,A1,HIGH,42.1,ehr_2025-08-15_F-020.csv,2025-08-15T02:16:00Z
INC-20250815-F-020-017,F-020,2025-08-15,2025-08-15T08:51:00,B1,HIGH,9.5,ehr_2025-08-15_F-020.csv,2025-08-15T02:17:00Z
INC-20250815-F-020-018,F-020,2025-08-15,2025-08-15T08:54:00,B2,LOW,37.7,ehr_2025-08-15_F-020.csv,2025-08-15T02:18:00Z
INC-20250815-F-021-000,F-021,2025-08-15,2025-08-15T08:00:00,A4,MED,5.9,ehr_2025-08-15_F-021.csv,2025-08-15T02:00:00Z
INC-20250815-F-021-001,F-021,2025-08-15,2025-08-15T08:03:00,B1,LOW,25.6,ehr_2025-08-15_F-021.csv,2025-08-15T02:01:00Z
INC-20250815-F-021-002,F-021,2025-08-15,2025-08-15T08:06:00,A3,MED,6.8,ehr_2025-08-15_F-021.csv,2025-08-15T02:02:00Z
INC-20250815-F-021-003,F-021,2025-08-15,2025-08-15T08:09:00,B1,MED,17.9,ehr_2025-08-15_F-021.csv,2025-08-15T02:03:00Z
INC-20250815-F-021-004,F-021,2025-08-15,2025-08-15T08:12:00,A4,LOW,1.3,ehr_2025-08-15_F-021.csv,2025-08-15T02:04:00Z
INC-20250815-F-021-005,F-021,2025-08-15,2025-08-15T08:15:00,A3,LOW,2.4,ehr_2025-08-15_F-021.csv,2025-08-15T02:05:00Z
INC-20250815-F-021-006,F-021,2025-08-15,2025-08-15T08:18:00,A4,HIGH,14.1,ehr_2025-08-15_F-021.csv,2025-08-15T02:06:00Z
INC-20250815-F-021-007,F-021,2025-08-15,2025-08-15T08:21:00,A4,MED,33.8,ehr_2025-08-15_F-021.csv,2025-08-15T02:07:00Z
INC-20250815-F-021-008,F-021,2025-08-15,2025-08-15T08:24:00,B1,HIGH,29.8,ehr_2025-08-15_F-021.csv,2025-08-15T02:08:00Z
INC-20250815-F-021-009,F-021,2025-08-15,2025-08-15T08:27:00,A3,LOW,24.8,ehr_2025-08-15_F-021.csv,2025-08-15T02:09:00Z
INC-20250815-F-021-010,F-021,2025-08-15,2025-08-15T08:30:00,A2,HIGH,16.0,ehr_2025-08-15_F-021.csv,2025-08-15T02:10:00Z
INC-20250815-F-021-011,F-021,2025-08-15,2025-08-15T08:33:00,B2,HIGH,31.0,ehr_2025-08-15_F-021.csv,2025-08-15T02:11:00Z
INC-20250815-F-021-012,F-021,2025-08-15,2025-08-15T08:36:00,A4,HIGH,45.8,ehr_2025-08-15_F-021.csv,2025-08-15T02:12:00Z
INC-20250815-F-021-013,F-021,2025-08-15,2025-08-15T08:39:00,A2,LOW,44.4,ehr_2025-08-15_F-021.csv,2025-08-15T02:13:00Z
INC-20250815-F-021-014,F-021,2025-08-15,2025-08-15T08:42:00,B1,HIGH,3.1,ehr_2025-08-15_F-021.csv,2025-08-15T02:14:00Z
INC-20250815-F-021-015,F-021,2025-08-15,2025-08-15T08:45:00,B2,HIGH,8.8,ehr_2025-08-15_F-021.csv,2025-08-15T02:15:00Z
INC-20250815-F-021-016,F-021,2025-08-15,2025-08-15T08:48:00,XX,HIGH,1.0,ehr_2025-08-15_F-021.csv,2025-08-15T02:16:00Z
INC-20250815-F-021-017,F-021,2025-08-15,2025-08-15T08:51:00,A3,HIGH,25.1,ehr_2025-08-15_F-021.csv,2025-08-15T02:17:00Z
INC-20250815-F-021-018,F-021,2025-08-15,2025-08-15T08:54:00,A3,LOW,18.2,ehr_2025-08-15_F-021.csv,2025-08-15T02:18:00Z
INC-20250815-F-021-019,F-021,2025-08-15,2025-08-15T08:57:00,A3,HIGH,42.6,ehr_2025-08-15_F-021.csv,2025-08-15T02:19:00Z
INC-20250815-F-022-000,F-022,2025-08-15,2025-08-15T08:00:00,A3,MED,13.4,ehr_2025-08-15_F-022.csv,2025-08-15T02:00:00Z
INC-20250815-F-022-001,F-022,2025-08-15,2025-08-15T08:03:00,B2,HIGH,30.3,ehr_2025-08-15_F-022.csv,2025-08-15T02:01:00Z
INC-20250815-F-022-002,F-022,2025-08-15,2025-08-15T08:06:00,B1,MED,3.1,ehr_2025-08-15_F-022.csv,2025-08-15T02:02:00Z
INC-20250815-F-022-003,F-022,2025-08-15,2025-08-15T08:09:00,A2,MED,8.0,ehr_2025-08-15_F-022.csv,2025-08-15T02:03:00Z
INC-20250815-F-022-004,F-022,2025-08-15,2025-08-15T08:12:00,B1,HIGH,34.8,ehr_2025-08-15_F-022.csv,2025-08-15T02:04:00Z
INC-20250815-F-022-005,F-022,2025-08-15,2025-08-15T08:15:00,B1,LOW,2.6,ehr_2025-08-15_F-022.csv,2025-08-15T02:05:00Z
INC-20250815-F-022-006,F-022,2025-08-15,2025-08-15T08:18:00,A2,LOW,22.9,ehr_2025-08-15_F-022.csv,2025-08-15T02:06:00Z
INC-20250815-F-022-007,F-022,2025-08-15,2025-08-15T08:21:00,A2,LOW,44.7,ehr_2025-08-15_F-022.csv,2025-08-15T02:07:00Z
INC-20250815-F-022-008,F-022,2025-08-15,2025-08-15T08:24:00,B1,HIGH,35.7,ehr_2025-08-15_F-022.csv,2025-08-15T02:08:00Z
INC-20250815-F-022-009,F-022,2025-08-15,2025-08-15T08:27:00,A3,LOW,20.3,ehr_2025-08-15_F-022.csv,2025-08-15T02:09:00Z
INC-20250815-F-022-010,F-022,2025-08-15,2025-08-15T08:30:00,A3,LOW,27.6,ehr_2025-08-15_F-022.csv,2025-08-15T02:10:00Z
INC-20250815-F-022-011,F-022,2025-08-15,2025-08-15T08:33:00,B2,LOW,9.0,ehr_2025-08-15_F-022.csv,2025-08-15T02:11:00Z
INC-20250815-F-022-012,F-022,2025-08-15,2025-08-15T08:36:00,A1,MED,3.8,ehr_2025-08-15_F-022.csv,2025-08-15T02:12:00Z
INC-20250815-F-022-013,F-022,2025-08-15,2025-08-15T08:39:00,A3,MED,16.0,ehr_2025-08-15_F-022.csv,2025-08-15T02:13:00Z
INC-20250815-F-022-014,F-022,2025-08-15,2025-08-15T08:42:00,A1,MED,10.0,ehr_2025-08-15_F-022.csv,2025-08-15T02:14:00Z
INC-20250815-F-022-015,F-022,2025-08-15,2025-08-15T08:45:00,A3,HIGH,30.1,ehr_2025-08-15_F-022.csv,2025-08-15T02:15:00Z
INC-20250815-F-022-016,F-022,2025-08-15,2025-08-15T08:48:00,B1,MED,47.9,ehr_2025-08-15_F-022.csv,2025-08-15T02:16:00Z
INC-20250815-F-022-017,F-022,2025-08-15,2025-08-15T08:51:00,B2,HIGH,36.6,ehr_2025-08-15_F-022.csv,2025-08-15T02:17:00Z
INC-20250815-F-022-018,F-022,2025-08-15,2025-08-15T08:54:00,A1,MED,1.6,ehr_2025-08-15_F-022.csv,2025-08-15T02:18:00Z
INC-20250815-F-022-019,F-022,2025-08-15,2025-08-15T08:57:00,B2,HIGH,42.2,ehr_2025-08-15_F-022.csv,2025-08-15T02:19:00Z
INC-20250815-F-023-000,F-023,2025-08-15,2025-08-15T08:00:00,Z9,MED,40.8,ehr_2025-08-15_F-023.csv,2025-08-15T02:00:00Z
INC-20250815-F-023-001,F-023,2025-08-15,2025-08-15T08:03:00,A1,LOW,25.7,ehr_2025-08-15_F-023.csv,2025-08-15T02:01:00Z
INC-20250815-F-023-002,F-023,2025-08-15,2025-08-15T08:06:00,A4,LOW,46.7,ehr_2025-08-15_F-023.csv,2025-08-15T02:02:00Z
INC-20250815-F-023-003,F-023,2025-08-15,2025-08-15T08:09:00,A3,LOW,2.6,ehr_2025-08-15_F-023.csv,2025-08-15T02:03:00Z
INC-20250815-F-023-004,F-023,2025-08-15,2025-08-15T08:12:00,B1,MED,33.8,ehr_2025-08-15_F-023.csv,2025-08-15T02:04:00Z
INC-20250815-F-023-005,F-023,2025-08-15,2025-08-15T08:15:00,B2,LOW,28.1,ehr_2025-08-15_F-023.csv,2025-08-15T02:05:00Z
INC-20250815-F-023-006,F-023,2025-08-15,2025-08-15T08:18:00,B2,MED,4.1,ehr_2025-08-15_F-023.csv,2025-08-15T02:06:00Z
INC-20250815-F-023-007,F-023,2025-08-15,2025-08-15T08:21:00,A4,HIGH,46.3,ehr_2025-08-15_F-023.csv,2025-08-15T02:07:00Z
INC-20250815-F-023-008,F-023,2025-08-15,2025-08-15T08:24:00,A3,MED,44.5,ehr_2025-08-15_F-023.csv,2025-08-15T02:08:00Z
INC-20250815-F-023-009,F-023,2025-08-15,2025-08-15T08:27:00,B2,MED,15.6,ehr_2025-08-15_F-023.csv,2025-08-15T02:09:00Z
INC-20250815-F-023-010,F-023,2025-08-15,2025-08-15T08:30:00,A1,LOW,7.0,ehr_2025-08-15_F-023.csv,2025-08-15T02:10:00Z
INC-20250815-F-023-011,F-023,2025-08-15,2025-08-15T08:33:00,A1,LOW,5.5,ehr_2025-08-15_F-023.csv,2025-08-15T02:11:00Z
INC-20250815-F-023-012,F-023,2025-08-15,2025-08-15T08:36:00,A3,MED,6.2,ehr_2025-08-15_F-023.csv,2025-08-15T02:12:00Z
INC-20250815-F-024-000,F-024,2025-08-15,2025-08-15T08:00:00,A2,MED,15.1,ehr_2025-08-15_F-024.csv,2025-08-15T02:00:00Z
INC-20250815-F-024-001,F-024,2025-08-15,2025-08-15T08:03:00,A1,LOW,8.0,ehr_2025-08-15_F-024.csv,2025-08-15T02:01:00Z
INC-20250815-F-024-002,F-024,2025-08-15,2025-08-15T08:06:00,B2,HIGH,29.2,ehr_2025-08-15_F-024.csv,2025-08-15T02:02:00Z
INC-20250815-F-024-003,F-024,2025-08-15,2025-08-15T08:09:00,A3,LOW,4.8,ehr_2025-08-15_F-024.csv,2025-08-15T02:03:00Z
INC-20250815-F-024-004,F-024,2025-08-15,2025-08-15T08:12:00,A3,MED,24.9,ehr_2025-08-15_F-024.csv,2025-08-15T02:04:00Z
INC-20250815-F-024-005,F-024,2025-08-15,2025-08-15T08:15:00,A3,LOW,2.0,ehr_2025-08-15_F-024.csv,2025-08-15T02:05:00Z
INC-20250815-F-024-006,F-024,2025-08-15,2025-08-15T08:18:00,A4,HIGH,36.0,ehr_2025-08-15_F-024.csv,2025-08-15T02:06:00Z
INC-20250815-F-024-007,F-024,2025-08-15,2025-08-15T08:21:00,A4,LOW,38.7,ehr_2025-08-15_F-024.csv,2025-08-15T02:07:00Z
INC-20250815-F-024-008,F-024,2025-08-15,2025-08-15T08:24:00,A1,LOW,39.9,ehr_2025-08-15_F-024.csv,2025-08-15T02:08:00Z
INC-20250815-F-024-009,F-024,2025-08-15,2025-08-15T08:27:00,A2,LOW,39.6,ehr_2025-08-15_F-024.csv,2025-08-15T02:09:00Z
INC-20250815-F-024-010,F-024,2025-08-15,2025-08-15T08:30:00,B2,HIGH,4.5,ehr_2025-08-15_F-024.csv,2025-08-15T02:10:00Z
INC-20250815-F-024-011,F-024,2025-08-15,2025-08-15T08:33:00,A1,LOW,47.9,ehr_2025-08-15_F-024.csv,2025-08-15T02:11:00Z
INC-20250815-F-024-012,F-024,2025-08-15,2025-08-15T08:36:00,B2,MED,38.9,ehr_2025-08-15_F-024.csv,2025-08-15T02:12:00Z
INC-20250815-F-025-000,F-025,2025-08-15,2025-08-15T08:00:00,A3,LOW,2.5,ehr_2025-08-15_F-025.csv,2025-08-15T02:00:00Z
INC-20250815-F-025-001,F-025,2025-08-15,2025-08-15T08:03:00,A2,HIGH,21.1,ehr_2025-08-15_F-025.csv,2025-08-15T02:01:00Z
INC-20250815-F-025-002,F-025,2025-08-15,2025-08-15T08:06:00,A4,LOW,18.7,ehr_2025-08-15_F-025.csv,2025-08-15T02:02:00Z
INC-20250815-F-025-003,F-025,2025-08-15,2025-08-15T08:09:00,A3,LOW,43.6,ehr_2025-08-15_F-025.csv,2025-08-15T02:03:00Z
INC-20250815-F-025-004,F-025,2025-08-15,2025-08-15T08:12:00,A4,LOW,2.1,ehr_2025-08-15_F-025.csv,2025-08-15T02:04:00Z
INC-20250815-F-025-005,F-025,2025-08-15,2025-08-15T08:15:00,A2,HIGH,14.5,ehr_2025-08-15_F-025.csv,2025-08-15T02:05:00Z
INC-20250815-F-025-006,F-025,2025-08-15,2025-08-15T08:18:00,B1,MED,3.4,ehr_2025-08-15_F-025.csv,2025-08-15T02:06:00Z
INC-20250815-F-025-007,F-025,2025-08-15,2025-08-15T08:21:00,A2,MED,10.0,ehr_2025-08-15_F-025.csv,2025-08-15T02:07:00Z
INC-20250815-F-025-008,F-025,2025-08-15,2025-08-15T08:24:00,B1,LOW,30.5,ehr_2025-08-15_F-025.csv,2025-08-15T02:08:00Z
INC-20250815-F-026-000,F-026,2025-08-15,2025-08-15T08:00:00,A1,MED,37.6,ehr_2025-08-15_F-026.csv,2025-08-15T02:00:00Z
INC-20250815-F-026-001,F-026,2025-08-15,2025-08-15T08:03:00,B1,MED,16.8,ehr_2025-08-15_F-026.csv,2025-08-15T02:01:00Z
INC-20250815-F-026-002,F-026,2025-08-15,2025-08-15T08:06:00,A3,MED,13.3,ehr_2025-08-15_F-026.csv,2025-08-15T02:02:00Z
INC-20250815-F-026-003,F-026,2025-08-15,2025-08-15T08:09:00,Z9,LOW,1.9,ehr_2025-08-15_F-026.csv,2025-08-15T02:03:00Z
INC-20250815-F-026-004,F-026,2025-08-15,2025-08-15T08:12:00,A3,LOW,38.9,ehr_2025-08-15_F-026.csv,2025-08-15T02:04:00Z
INC-20250815-F-026-005,F-026,2025-08-15,2025-08-15T08:15:00,A3,HIGH,48.0,ehr_2025-08-15_F-026.csv,2025-08-15T02:05:00Z
INC-20250815-F-026-006,F-026,2025-08-15,2025-08-15T08:18:00,A1,LOW,31.7,ehr_2025-08-15_F-026.csv,2025-08-15T02:06:00Z
INC-20250815-F-026-007,F-026,2025-08-15,2025-08-15T08:21:00,B2,LOW,36.8,ehr_2025-08-15_F-026.csv,2025-08-15T02:07:00Z
INC-20250815-F-026-008,F-026,2025-08-15,2025-08-15T08:24:00,B1,MED,17.4,ehr_2025-08-15_F-026.csv,2025-08-15T02:08:00Z
INC-20250815-F-026-009,F-026,2025-08-15,2025-08-15T08:27:00,A2,LOW,11.7,ehr_2025-08-15_F-026.csv,2025-08-15T02:09:00Z
INC-20250815-F-026-010,F-026,2025-08-15,2025-08-15T08:30:00,B2,HIGH,17.5,ehr_2025-08-15_F-026.csv,2025-08-15T02:10:00Z
INC-20250815-F-026-011,F-026,2025-08-15,2025-08-15T08:33:00,B2,HIGH,17.2,ehr_2025-08-15_F-026.csv,2025-08-15T02:11:00Z
INC-20250815-F-026-012,F-026,2025-08-15,2025-08-15T08:36:00,A2,HIGH,45.5,ehr_2025-08-15_F-026.csv,2025-08-15T02:12:00Z
INC-20250815-F-026-013,F-026,2025-08-15,2025-08-15T08:39:00,A4,HIGH,15.2,ehr_2025-08-15_F-026.csv,2025-08-15T02:13:00Z
INC-20250815-F-026-014,F-026,2025-08-15,2025-08-15T08:42:00,A1,LOW,11.5,ehr_2025-08-15_F-026.csv,2025-08-15T02:14:00Z
INC-20250815-F-026-015,F-026,2025-08-15,2025-08-15T08:45:00,B1,MED,0.5,ehr_2025-08-15_F-026.csv,2025-08-15T02:15:00Z
INC-20250815-F-026-016,F-026,2025-08-15,2025-08-15T08:48:00,A2,LOW,16.7,ehr_2025-08-15_F-026.csv,2025-08-15T02:16:00Z
INC-20250815-F-026-017,F-026,2025-08-15,2025-08-15T08:51:00,A3,LOW,1.5,ehr_2025-08-15_F-026.csv,2025-08-15T02:17:00Z
INC-20250815-F-026-018,F-026,2025-08-15,2025-08-15T08:54:00,A2,LOW,40.7,ehr_2025-08-15_F-026.csv,2025-08-15T02:18:00Z
INC-20250815-F-026-019,F-026,2025-08-15,2025-08-15T08:57:00,A1,MED,34.0,ehr_2025-08-15_F-026.csv,2025-08-15T02:19:00Z
INC-20250815-F-027-000,F-027,2025-08-15,2025-08-15T08:00:00,A1,MED,14.8,ehr_2025-08-15_F-027.csv,2025-08-15T02:00:00Z
INC-20250815-F-027-001,F-027,2025-08-15,2025-08-15T08:03:00,A2,HIGH,45.6,ehr_2025-08-15_F-027.csv,2025-08-15T02:01:00Z
INC-20250815-F-027-002,F-027,2025-08-15,2025-08-15T08:06:00,A4,HIGH,15.6,ehr_2025-08-15_F-027.csv,2025-08-15T02:02:00Z
INC-20250815-F-027-003,F-027,2025-08-15,2025-08-15T08:09:00,B1,HIGH,42.8,ehr_2025-08-15_F-027.csv,2025-08-15T02:03:00Z
INC-20250815-F-027-004,F-027,2025-08-15,2025-08-15T08:12:00,A3,LOW,32.1,ehr_2025-08-15_F-027.csv,2025-08-15T02:04:00Z
INC-20250815-F-027-005,F-027,2025-08-15,2025-08-15T08:15:00,A4,MED,35.4,ehr_2025-08-15_F-027.csv,2025-08-15T02:05:00Z
INC-20250815-F-027-006,F-027,2025-08-15,2025-08-15T08:18:00,A2,HIGH,0.6,ehr_2025-08-15_F-027.csv,2025-08-15T02:06:00Z
INC-20250815-F-027-007,F-027,2025-08-15,2025-08-15T08:21:00,B1,MED,40.9,ehr_2025-08-15_F-027.csv,2025-08-15T02:07:00Z
INC-20250815-F-027-008,F-027,2025-08-15,2025-08-15T08:24:00,B1,LOW,9.1,ehr_2025-08-15_F-027.csv,2025-08-15T02:08:00Z
INC-20250815-F-027-009,F-027,2025-08-15,2025-08-15T08:27:00,B1,LOW,30.9,ehr_2025-08-15_F-027.csv,2025-08-15T02:09:00Z
INC-20250815-F-027-010,F-027,2025-08-15,2025-08-15T08:30:00,A4,LOW,16.2,ehr_2025-08-15_F-027.csv,2025-08-15T02:10:00Z
INC-20250815-F-027-011,F-027,2025-08-15,2025-08-15T08:33:00,A3,MED,8.5,ehr_2025-08-15_F-027.csv,2025-08-15T02:11:00Z
INC-20250815-F-027-012,F-027,2025-08-15,2025-08-15T08:36:00,A1,HIGH,32.3,ehr_2025-08-15_F-027.csv,2025-08-15T02:12:00Z
INC-20250815-F-027-013,F-027,2025-08-15,2025-08-15T08:39:00,A3,MED,1.0,ehr_2025-08-15_F-027.csv,2025-08-15T02:13:00Z
INC-20250815-F-027-014,F-027,2025-08-15,2025-08-15T08:42:00,B2,LOW,17.1,ehr_2025-08-15_F-027.csv,2025-08-15T02:14:00Z
INC-20250815-F-027-015,F-027,2025-08-15,2025-08-15T08:45:00,B2,LOW,2.8,ehr_2025-08-15_F-027.csv,2025-08-15T02:15:00Z
INC-20250815-F-027-016,F-027,2025-08-15,2025-08-15T08:48:00,A4,LOW,42.5,ehr_2025-08-15_F-027.csv,2025-08-15T02:16:00Z
INC-20250815-F-027-017,F-027,2025-08-15,2025-08-15T08:51:00,A4,MED,26.4,ehr_2025-08-15_F-027.csv,2025-08-15T02:17:00Z
INC-20250815-F-028-000,F-028,2025-08-15,2025-08-15T08:00:00,B1,HIGH,36.5,ehr_2025-08-15_F-028.csv,2025-08-15T02:00:00Z
INC-20250815-F-028-001,F-028,2025-08-15,2025-08-15T08:03:00,A4,LOW,38.5,ehr_2025-08-15_F-028.csv,2025-08-15T02:01:00Z
INC-20250815-F-028-002,F-028,2025-08-15,2025-08-15T08:06:00,A1,MED,12.9,ehr_2025-08-15_F-028.csv,2025-08-15T02:02:00Z
INC-20250815-F-028-003,F-028,2025-08-15,2025-08-15T08:09:00,A3,LOW,42.7,ehr_2025-08-15_F-028.csv,2025-08-15T02:03:00Z
INC-20250815-F-028-004,F-028,2025-08-15,2025-08-15T08:12:00,A1,HIGH,45.2,ehr_2025-08-15_F-028.csv,2025-08-15T02:04:00Z
INC-20250815-F-028-005,F-028,2025-08-15,2025-08-15T08:15:00,A3,HIGH,47.3,ehr_2025-08-15_F-028.csv,2025-08-15T02:05:00Z
INC-20250815-F-028-006,F-028,2025-08-15,2025-08-15T08:18:00,B2,LOW,21.0,ehr_2025-08-15_F-028.csv,2025-08-15T02:06:00Z
INC-20250815-F-028-007,F-028,2025-08-15,2025-08-15T08:21:00,B1,MED,8.0,ehr_2025-08-15_F-028.csv,2025-08-15T02:07:00Z
INC-20250815-F-028-008,F-028,2025-08-15,2025-08-15T08:24:00,A2,LOW,19.9,ehr_2025-08-15_F-028.csv,2025-08-15T02:08:00Z
INC-20250815-F-029-000,F-029,2025-08-15,2025-08-15T08:00:00,B2,HIGH,13.1,ehr_2025-08-15_F-029.csv,2025-08-15T02:00:00Z
INC-20250815-F-029-001,F-029,2025-08-15,2025-08-15T08:03:00,A2,LOW,2.9,ehr_2025-08-15_F-029.csv,2025-08-15T02:01:00Z
INC-20250815-F-029-002,F-029,2025-08-15,2025-08-15T08:06:00,A4,LOW,3.1,ehr_2025-08-15_F-029.csv,2025-08-15T02:02:00Z
INC-20250815-F-029-003,F-029,2025-08-15,2025-08-15T08:09:00,XX,MED,39.6,ehr_2025-08-15_F-029.csv,2025-08-15T02:03:00Z
INC-20250815-F-029-004,F-029,2025-08-15,2025-08-15T08:12:00,A4,LOW,5.1,ehr_2025-08-15_F-029.csv,2025-08-15T02:04:00Z
INC-20250815-F-029-005,F-029,2025-08-15,2025-08-15T08:15:00,B2,MED,46.9,ehr_2025-08-15_F-029.csv,2025-08-15T02:05:00Z
INC-20250815-F-029-006,F-029,2025-08-15,2025-08-15T08:18:00,A1,MED,37.8,ehr_2025-08-15_F-029.csv,2025-08-15T02:06:00Z
INC-20250815-F-029-007,F-029,2025-08-15,2025-08-15T08:21:00,B2,MED,4.8,ehr_2025-08-15_F-029.csv,2025-08-15T02:07:00Z
INC-20250815-F-029-008,F-029,2025-08-15,2025-08-15T08:24:00,A2,MED,42.6,ehr_2025-08-15_F-029.csv,2025-08-15T02:08:00Z
INC-20250815-F-029-009,F-029,2025-08-15,2025-08-15T08:27:00,A4,LOW,13.0,ehr_2025-08-15_F-029.csv,2025-08-15T02:09:00Z
INC-20250815-F-029-010,F-029,2025-08-15,2025-08-15T08:30:00,A2,MED,27.3,ehr_2025-08-15_F-029.csv,2025-08-15T02:10:00Z
INC-20250815-F-029-011,F-029,2025-08-15,2025-08-15T08:33:00,B2,HIGH,5.1,ehr_2025-08-15_F-029.csv,2025-08-15T02:11:00Z
INC-20250815-F-029-012,F-029,2025-08-15,2025-08-15T08:36:00,B1,MED,46.6,ehr_2025-08-15_F-029.csv,2025-08-15T02:12:00Z
INC-20250815-F-029-013,F-029,2025-08-15,2025-08-15T08:39:00,B1,LOW,40.4,ehr_2025-08-15_F-029.csv,2025-08-15T02:13:00Z
INC-20250815-F-029-014,F-029,2025-08-15,2025-08-15T08:42:00,A4,HIGH,33.1,ehr_2025-08-15_F-029.csv,2025-08-15T02:14:00Z
INC-20250815-F-029-015,F-029,2025-08-15,2025-08-15T08:45:00,B1,LOW,23.1,ehr_2025-08-15_F-029.csv,2025-08-15T02:15:00Z
INC-20250815-F-030-000,F-030,2025-08-15,2025-08-15T08:00:00,B2,LOW,24.3,ehr_2025-08-15_F-030.csv,2025-08-15T02:00:00Z
INC-20250815-F-030-001,F-030,2025-08-15,2025-08-15T08:03:00,B1,HIGH,47.2,ehr_2025-08-15_F-030.csv,2025-08-15T02:01:00Z
INC-20250815-F-030-002,F-030,2025-08-15,2025-08-15T08:06:00,A4,LOW,45.6,ehr_2025-08-15_F-030.csv,2025-08-15T02:02:00Z
INC-20250815-F-030-003,F-030,2025-08-15,2025-08-15T08:09:00,A2,LOW,6.5,ehr_2025-08-15_F-030.csv,2025-08-15T02:03:00Z
INC-20250815-F-030-004,F-030,2025-08-15,2025-08-15T08:12:00,B2,MED,10.1,ehr_2025-08-15_F-030.csv,2025-08-15T02:04:00Z
INC-20250815-F-030-005,F-030,2025-08-15,2025-08-15T08:15:00,A2,HIGH,12.7,ehr_2025-08-15_F-030.csv,2025-08-15T02:05:00Z
INC-20250815-F-030-006,F-030,2025-08-15,2025-08-15T08:18:00,A1,LOW,18.9,ehr_2025-08-15_F-030.csv,2025-08-15T02:06:00Z
INC-20250815-F-030-007,F-030,2025-08-15,2025-08-15T08:21:00,A3,MED,25.2,ehr_2025-08-15_F-030.csv,2025-08-15T02:07:00Z
INC-20250815-F-030-008,F-030,2025-08-15,2025-08-15T08:24:00,A1,HIGH,30.1,ehr_2025-08-15_F-030.csv,2025-08-15T02:08:00Z
INC-20250816-F-001-000,F-001,2025-08-16,2025-08-16T08:00:00,A1,MED,7.6,ehr_2025-08-16_F-001.csv,2025-08-16T02:00:00Z
INC-20250816-F-001-001,F-001,2025-08-16,2025-08-16T08:03:00,B1,LOW,44.4,ehr_2025-08-16_F-001.csv,2025-08-16T02:01:00Z
INC-20250816-F-001-002,F-001,2025-08-16,2025-08-16T08:06:00,A1,MED,41.7,ehr_2025-08-16_F-001.csv,2025-08-16T02:02:00Z
INC-20250816-F-001-003,F-001,2025-08-16,2025-08-16T08:09:00,A4,MED,18.7,ehr_2025-08-16_F-001.csv,2025-08-16T02:03:00Z
INC-20250816-F-001-004,F-001,2025-08-16,2025-08-16T08:12:00,B1,MED,2.3,ehr_2025-08-16_F-001.csv,2025-08-16T02:04:00Z
INC-20250816-F-001-005,F-001,2025-08-16,2025-08-16T08:15:00,A2,HIGH,29.4,ehr_2025-08-16_F-001.csv,2025-08-16T02:05:00Z
INC-20250816-F-001-006,F-001,2025-08-16,2025-08-16T08:18:00,A1,MED,42.8,ehr_2025-08-16_F-001.csv,2025-08-16T02:06:00Z
INC-20250816-F-001-007,F-001,2025-08-16,2025-08-16T08:21:00,A2,LOW,35.9,ehr_2025-08-16_F-001.csv,2025-08-16T02:07:00Z
INC-20250816-F-001-008,F-001,2025-08-16,2025-08-16T08:24:00,A3,LOW,16.5,ehr_2025-08-16_F-001.csv,2025-08-16T02:08:00Z
INC-20250816-F-001-009,F-001,2025-08-16,2025-08-16T08:27:00,A3,MED,40.5,ehr_2025-08-16_F-001.csv,2025-08-16T02:09:00Z
INC-20250816-F-001-010,F-001,2025-08-16,2025-08-16T08:30:00,B2,LOW,46.7,ehr_2025-08-16_F-001.csv,2025-08-16T02:10:00Z
INC-20250816-F-001-011,F-001,2025-08-16,2025-08-16T08:33:00,A3,HIGH,21.5,ehr_2025-08-16_F-001.csv,2025-08-16T02:11:00Z
INC-20250816-F-001-012,F-001,2025-08-16,2025-08-16T08:36:00,A3,HIGH,20.3,ehr_2025-08-16_F-001.csv,2025-08-16T02:12:00Z
INC-20250816-F-001-013,F-001,2025-08-16,2025-08-16T08:39:00,A2,MED,10.5,ehr_2025-08-16_F-001.csv,2025-08-16T02:13:00Z
INC-20250816-F-001-014,F-001,2025-08-16,2025-08-16T08:42:00,B2,MED,36.6,ehr_2025-08-16_F-001.csv,2025-08-16T02:14:00Z
INC-20250816-F-001-015,F-001,2025-08-16,2025-08-16T08:45:00,A1,HIGH,38.1,ehr_2025-08-16_F-001.csv,2025-08-16T02:15:00Z
INC-20250816-F-002-000,F-002,2025-08-16,2025-08-16T08:00:00,B1,MED,6.9,ehr_2025-08-16_F-002.csv,2025-08-16T02:00:00Z
INC-20250816-F-002-001,F-002,2025-08-16,2025-08-16T08:03:00,B1,LOW,8.8,ehr_2025-08-16_F-002.csv,2025-08-16T02:01:00Z
INC-20250816-F-002-002,F-002,2025-08-16,2025-08-16T08:06:00,A2,LOW,12.4,ehr_2025-08-16_F-002.csv,2025-08-16T02:02:00Z
INC-20250816-F-002-003,F-002,2025-08-16,2025-08-16T08:09:00,A3,HIGH,10.0,ehr_2025-08-16_F-002.csv,2025-08-16T02:03:00Z
INC-20250816-F-002-004,F-002,2025-08-16,2025-08-16T08:12:00,A4,HIGH,19.4,ehr_2025-08-16_F-002.csv,2025-08-16T02:04:00Z
INC-20250816-F-002-005,F-002,2025-08-16,2025-08-16T08:15:00,B2,LOW,12.0,ehr_2025-08-16_F-002.csv,2025-08-16T02:05:00Z
INC-20250816-F-002-006,F-002,2025-08-16,2025-08-16T08:18:00,A4,LOW,46.1,ehr_2025-08-16_F-002.csv,2025-08-16T02:06:00Z
INC-20250816-F-002-007,F-002,2025-08-16,2025-08-16T08:21:00,B1,MED,16.9,ehr_2025-08-16_F-002.csv,2025-08-16T02:07:00Z
INC-20250816-F-002-008,F-002,2025-08-16,2025-08-16T08:24:00,A3,HIGH,40.0,ehr_2025-08-16_F-002.csv,2025-08-16T02:08:00Z
INC-20250816-F-003-000,F-003,2025-08-16,2025-08-16T08:00:00,A4,LOW,8.2,ehr_2025-08-16_F-003.csv,2025-08-16T02:00:00Z
INC-20250816-F-003-001,F-003,2025-08-16,2025-08-16T08:03:00,A2,LOW,31.3,ehr_2025-08-16_F-003.csv,2025-08-16T02:01:00Z
INC-20250816-F-003-002,F-003,2025-08-16,2025-08-16T08:06:00,A3,HIGH,20.0,ehr_2025-08-16_F-003.csv,2025-08-16T02:02:00Z
INC-20250816-F-003-003,F-003,2025-08-16,2025-08-16T08:09:00,Z9,LOW,23.0,ehr_2025-08-16_F-003.csv,2025-08-16T02:03:00Z
INC-20250816-F-003-004,F-003,2025-08-16,2025-08-16T08:12:00,A2,HIGH,38.5,ehr_2025-08-16_F-003.csv,2025-08-16T02:04:00Z
INC-20250816-F-003-005,F-003,2025-08-16,2025-08-16T08:15:00,B1,MED,34.4,ehr_2025-08-16_F-003.csv,2025-08-16T02:05:00Z
INC-20250816-F-003-006,F-003,2025-08-16,2025-08-16T08:18:00,A3,MED,43.0,ehr_2025-08-16_F-003.csv,2025-08-16T02:06:00Z
INC-20250816-F-003-007,F-003,2025-08-16,2025-08-16T08:21:00,A4,MED,10.9,ehr_2025-08-16_F-003.csv,2025-08-16T02:07:00Z
INC-20250816-F-003-008,F-003,2025-08-16,2025-08-16T08:24:00,B1,HIGH,19.4,ehr_2025-08-16_F-003.csv,2025-08-16T02:08:00Z
INC-20250816-F-004-000,F-004,2025-08-16,2025-08-16T08:00:00,Z9,MED,27.2,ehr_2025-08-16_F-004.csv,2025-08-16T02:00:00Z
INC-20250816-F-004-001,F-004,2025-08-16,2025-08-16T08:03:00,A3,MED,33.0,ehr_2025-08-16_F-004.csv,2025-08-16T02:01:00Z
INC-20250816-F-004-002,F-004,2025-08-16,2025-08-16T08:06:00,A3,MED,30.9,ehr_2025-08-16_F-004.csv,2025-08-16T02:02:00Z
INC-20250816-F-004-003,F-004,2025-08-16,2025-08-16T08:09:00,A3,HIGH,34.3,ehr_2025-08-16_F-004.csv,2025-08-16T02:03:00Z
INC-20250816-F-004-004,F-004,2025-08-16,2025-08-16T08:12:00,A3,LOW,7.6,ehr_2025-08-16_F-004.csv,2025-08-16T02:04:00Z
INC-20250816-F-004-005,F-004,2025-08-16,2025-08-16T08:15:00,A1,HIGH,19.7,ehr_2025-08-16_F-004.csv,2025-08-16T02:05:00Z
INC-20250816-F-004-006,F-004,2025-08-16,2025-08-16T08:18:00,A2,HIGH,1.7,ehr_2025-08-16_F-004.csv,2025-08-16T02:06:00Z
INC-20250816-F-004-007,F-004,2025-08-16,2025-08-16T08:21:00,A3,MED,43.6,ehr_2025-08-16_F-004.csv,2025-08-16T02:07:00Z
INC-20250816-F-004-008,F-004,2025-08-16,2025-08-16T08:24:00,B2,LOW,28.2,ehr_2025-08-16_F-004.csv,2025-08-16T02:08:00Z
INC-20250816-F-005-000,F-005,2025-08-16,2025-08-16T08:00:00,A3,HIGH,34.4,ehr_2025-08-16_F-005.csv,2025-08-16T02:00:00Z
INC-20250816-F-005-001,F-005,2025-08-16,2025-08-16T08:03:00,B2,MED,43.6,ehr_2025-08-16_F-005.csv,2025-08-16T02:01:00Z
INC-20250816-F-005-002,F-005,2025-08-16,2025-08-16T08:06:00,B1,MED,40.7,ehr_2025-08-16_F-005.csv,2025-08-16T02:02:00Z
INC-20250816-F-005-003,F-005,2025-08-16,2025-08-16T08:09:00,B1,LOW,14.5,ehr_2025-08-16_F-005.csv,2025-08-16T02:03:00Z
INC-20250816-F-005-004,F-005,2025-08-16,2025-08-16T08:12:00,B2,MED,34.9,ehr_2025-08-16_F-005.csv,2025-08-16T02:04:00Z
INC-20250816-F-005-005,F-005,2025-08-16,2025-08-16T08:15:00,A2,HIGH,43.2,ehr_2025-08-16_F-005.csv,2025-08-16T02:05:00Z
INC-20250816-F-005-006,F-005,2025-08-16,2025-08-16T08:18:00,A2,MED,11.1,ehr_2025-08-16_F-005.csv,2025-08-16T02:06:00Z
INC-20250816-F-005-007,F-005,2025-08-16,2025-08-16T08:21:00,A4,MED,18.2,ehr_2025-08-16_F-005.csv,2025-08-16T02:07:00Z
INC-20250816-F-005-008,F-005,2025-08-16,2025-08-16T08:24:00,A4,LOW,22.9,ehr_2025-08-16_F-005.csv,2025-08-16T02:08:00Z
INC-20250816-F-005-009,F-005,2025-08-16,2025-08-16T08:27:00,B1,HIGH,45.4,ehr_2025-08-16_F-005.csv,2025-08-16T02:09:00Z
INC-20250816-F-005-010,F-005,2025-08-16,2025-08-16T08:30:00,A2,HIGH,6.2,ehr_2025-08-16_F-005.csv,2025-08-16T02:10:00Z
INC-20250816-F-005-011,F-005,2025-08-16,2025-08-16T08:33:00,B1,MED,20.1,ehr_2025-08-16_F-005.csv,2025-08-16T02:11:00Z
INC-20250816-F-005-012,F-005,2025-08-16,2025-08-16T08:36:00,A2,LOW,47.6,ehr_2025-08-16_F-005.csv,2025-08-16T02:12:00Z
INC-20250816-F-005-013,F-005,2025-08-16,2025-08-16T08:39:00,B1,MED,7.3,ehr_2025-08-16_F-005.csv,2025-08-16T02:13:00Z
INC-20250816-F-005-014,F-005,2025-08-16,2025-08-16T08:42:00,A2,LOW,23.7,ehr_2025-08-16_F-005.csv,2025-08-16T02:14:00Z
INC-20250816-F-005-015,F-005,2025-08-16,2025-08-16T08:45:00,A2,MED,30.6,ehr_2025-08-16_F-005.csv,2025-08-16T02:15:00Z
INC-20250816-F-005-016,F-005,2025-08-16,2025-08-16T08:48:00,??,LOW,36.7,ehr_2025-08-16_F-005.csv,2025-08-16T02:16:00Z
INC-20250816-F-006-000,F-006,2025-08-16,2025-08-16T08:00:00,A2,MED,37.8,ehr_2025-08-16_F-006.csv,2025-08-16T02:00:00Z
INC-20250816-F-006-001,F-006,2025-08-16,2025-08-16T08:03:00,A2,HIGH,21.1,ehr_2025-08-16_F-006.csv,2025-08-16T02:01:00Z
INC-20250816-F-006-002,F-006,2025-08-16,2025-08-16T08:06:00,A4,MED,18.7,ehr_2025-08-16_F-006.csv,2025-08-16T02:02:00Z
INC-20250816-F-006-003,F-006,2025-08-16,2025-08-16T08:09:00,A2,HIGH,18.2,ehr_2025-08-16_F-006.csv,2025-08-16T02:03:00Z
INC-20250816-F-006-004,F-006,2025-08-16,2025-08-16T08:12:00,??,HIGH,9.6,ehr_2025-08-16_F-006.csv,2025-08-16T02:04:00Z
INC-20250816-F-006-005,F-006,2025-08-16,2025-08-16T08:15:00,B2,HIGH,12.3,ehr_2025-08-16_F-006.csv,2025-08-16T02:05:00Z
INC-20250816-F-006-006,F-006,2025-08-16,2025-08-16T08:18:00,A3,MED,6.6,ehr_2025-08-16_F-006.csv,2025-08-16T02:06:00Z
INC-20250816-F-006-007,F-006,2025-08-16,2025-08-16T08:21:00,B1,MED,8.4,ehr_2025-08-16_F-006.csv,2025-08-16T02:07:00Z
INC-20250816-F-006-008,F-006,2025-08-16,2025-08-16T08:24:00,A3,MED,22.2,ehr_2025-08-16_F-006.csv,2025-08-16T02:08:00Z
INC-20250816-F-006-009,F-006,2025-08-16,2025-08-16T08:27:00,B1,MED,21.1,ehr_2025-08-16_F-006.csv,2025-08-16T02:09:00Z
INC-20250816-F-007-000,F-007,2025-08-16,2025-08-16T08:00:00,A3,MED,17.6,ehr_2025-08-16_F-007.csv,2025-08-16T02:00:00Z
INC-20250816-F-007-001,F-007,2025-08-16,2025-08-16T08:03:00,A4,LOW,11.3,ehr_2025-08-16_F-007.csv,2025-08-16T02:01:00Z
INC-20250816-F-007-002,F-007,2025-08-16,2025-08-16T08:06:00,A2,LOW,35.4,ehr_2025-08-16_F-007.csv,2025-08-16T02:02:00Z
INC-20250816-F-007-003,F-007,2025-08-16,2025-08-16T08:09:00,A2,LOW,17.9,ehr_2025-08-16_F-007.csv,2025-08-16T02:03:00Z
INC-20250816-F-007-004,F-007,2025-08-16,2025-08-16T08:12:00,A1,MED,42.1,ehr_2025-08-16_F-007.csv,2025-08-16T02:04:00Z
INC-20250816-F-007-005,F-007,2025-08-16,2025-08-16T08:15:00,B1,HIGH,2.8,ehr_2025-08-16_F-007.csv,2025-08-16T02:05:00Z
INC-20250816-F-007-006,F-007,2025-08-16,2025-08-16T08:18:00,B2,LOW,31.5,ehr_2025-08-16_F-007.csv,2025-08-16T02:06:00Z
INC-20250816-F-007-007,F-007,2025-08-16,2025-08-16T08:21:00,Z9,LOW,20.3,ehr_2025-08-16_F-007.csv,2025-08-16T02:07:00Z
INC-20250816-F-007-008,F-007,2025-08-16,2025-08-16T08:24:00,B1,MED,23.0,ehr_2025-08-16_F-007.csv,2025-08-16T02:08:00Z
INC-20250816-F-007-009,F-007,2025-08-16,2025-08-16T08:27:00,B2,HIGH,30.4,ehr_2025-08-16_F-007.csv,2025-08-16T02:09:00Z
INC-20250816-F-007-010,F-007,2025-08-16,2025-08-16T08:30:00,B2,LOW,32.0,ehr_2025-08-16_F-007.csv,2025-08-16T02:10:00Z
INC-20250816-F-007-011,F-007,2025-08-16,2025-08-16T08:33:00,B1,HIGH,7.0,ehr_2025-08-16_F-007.csv,2025-08-16T02:11:00Z
INC-20250816-F-007-012,F-007,2025-08-16,2025-08-16T08:36:00,A1,HIGH,34.6,ehr_2025-08-16_F-007.csv,2025-08-16T02:12:00Z
INC-20250816-F-007-013,F-007,2025-08-16,2025-08-16T08:39:00,A1,LOW,24.1,ehr_2025-08-16_F-007.csv,2025-08-16T02:13:00Z
INC-20250816-F-007-014,F-007,2025-08-16,2025-08-16T08:42:00,A3,HIGH,46.7,ehr_2025-08-16_F-007.csv,2025-08-16T02:14:00Z
INC-20250816-F-007-015,F-007,2025-08-16,2025-08-16T08:45:00,A4,MED,8.1,ehr_2025-08-16_F-007.csv,2025-08-16T02:15:00Z
INC-20250816-F-007-016,F-007,2025-08-16,2025-08-16T08:48:00,A2,HIGH,44.8,ehr_2025-08-16_F-007.csv,2025-08-16T02:16:00Z
INC-20250816-F-007-017,F-007,2025-08-16,2025-08-16T08:51:00,A1,LOW,32.4,ehr_2025-08-16_F-007.csv,2025-08-16T02:17:00Z
INC-20250816-F-008-000,F-008,2025-08-16,2025-08-16T08:00:00,B1,HIGH,24.0,ehr_2025-08-16_F-008.csv,2025-08-16T02:00:00Z
INC-20250816-F-008-001,F-008,2025-08-16,2025-08-16T08:03:00,B1,LOW,34.9,ehr_2025-08-16_F-008.csv,2025-08-16T02:01:00Z
INC-20250816-F-008-002,F-008,2025-08-16,2025-08-16T08:06:00,A3,HIGH,11.5,ehr_2025-08-16_F-008.csv,2025-08-16T02:02:00Z
INC-20250816-F-008-003,F-008,2025-08-16,2025-08-16T08:09:00,A3,MED,22.6,ehr_2025-08-16_F-008.csv,2025-08-16T02:03:00Z
INC-20250816-F-008-004,F-008,2025-08-16,2025-08-16T08:12:00,A2,LOW,41.0,ehr_2025-08-16_F-008.csv,2025-08-16T02:04:00Z
INC-20250816-F-008-005,F-008,2025-08-16,2025-08-16T08:15:00,B2,MED,20.7,ehr_2025-08-16_F-008.csv,2025-08-16T02:05:00Z
INC-20250816-F-008-006,F-008,2025-08-16,2025-08-16T08:18:00,A1,LOW,41.0,ehr_2025-08-16_F-008.csv,2025-08-16T02:06:00Z
INC-20250816-F-008-007,F-008,2025-08-16,2025-08-16T08:21:00,A2,MED,17.5,ehr_2025-08-16_F-008.csv,2025-08-16T02:07:00Z
INC-20250816-F-008-008,F-008,2025-08-16,2025-08-16T08:24:00,B1,MED,42.2,ehr_2025-08-16_F-008.csv,2025-08-16T02:08:00Z
INC-20250816-F-008-009,F-008,2025-08-16,2025-08-16T08:27:00,A3,LOW,5.9,ehr_2025-08-16_F-008.csv,2025-08-16T02:09:00Z
INC-20250816-F-008-010,F-008,2025-08-16,2025-08-16T08:30:00,A4,MED,40.2,ehr_2025-08-16_F-008.csv,2025-08-16T02:10:00Z
INC-20250816-F-008-011,F-008,2025-08-16,2025-08-16T08:33:00,A4,MED,31.3,ehr_2025-08-16_F-008.csv,2025-08-16T02:11:00Z
INC-20250816-F-008-012,F-008,2025-08-16,2025-08-16T08:36:00,A1,LOW,33.6,ehr_2025-08-16_F-008.csv,2025-08-16T02:12:00Z
INC-20250816-F-008-013,F-008,2025-08-16,2025-08-16T08:39:00,A2,LOW,20.3,ehr_2025-08-16_F-008.csv,2025-08-16T02:13:00Z
INC-20250816-F-008-014,F-008,2025-08-16,2025-08-16T08:42:00,B1,HIGH,21.3,ehr_2025-08-16_F-008.csv,2025-08-16T02:14:00Z
INC-20250816-F-008-015,F-008,2025-08-16,2025-08-16T08:45:00,A3,HIGH,1.9,ehr_2025-08-16_F-008.csv,2025-08-16T02:15:00Z
INC-20250816-F-008-016,F-008,2025-08-16,2025-08-16T08:48:00,B2,LOW,23.4,ehr_2025-08-16_F-008.csv,2025-08-16T02:16:00Z
INC-20250816-F-008-017,F-008,2025-08-16,2025-08-16T08:51:00,A4,MED,2.7,ehr_2025-08-16_F-008.csv,2025-08-16T02:17:00Z
INC-20250816-F-008-018,F-008,2025-08-16,2025-08-16T08:54:00,A3,LOW,34.0,ehr_2025-08-16_F-008.csv,2025-08-16T02:18:00Z
INC-20250816-F-008-019,F-008,2025-08-16,2025-08-16T08:57:00,B2,HIGH,34.9,ehr_2025-08-16_F-008.csv,2025-08-16T02:19:00Z
INC-20250816-F-008-020,F-008,2025-08-16,2025-08-16T09:00:00,B2,MED,25.2,ehr_2025-08-16_F-008.csv,2025-08-16T02:20:00Z
INC-20250816-F-008-021,F-008,2025-08-16,2025-08-16T09:03:00,B1,LOW,21.1,ehr_2025-08-16_F-008.csv,2025-08-16T02:21:00Z
INC-20250816-F-009-000,F-009,2025-08-16,2025-08-16T08:00:00,A3,HIGH,32.6,ehr_2025-08-16_F-009.csv,2025-08-16T02:00:00Z
INC-20250816-F-009-001,F-009,2025-08-16,2025-08-16T08:03:00,B1,HIGH,3.1,ehr_2025-08-16_F-009.csv,2025-08-16T02:01:00Z
INC-20250816-F-009-002,F-009,2025-08-16,2025-08-16T08:06:00,A2,HIGH,40.8,ehr_2025-08-16_F-009.csv,2025-08-16T02:02:00Z
INC-20250816-F-009-003,F-009,2025-08-16,2025-08-16T08:09:00,A2,LOW,36.2,ehr_2025-08-16_F-009.csv,2025-08-16T02:03:00Z
INC-20250816-F-009-004,F-009,2025-08-16,2025-08-16T08:12:00,A3,MED,2.9,ehr_2025-08-16_F-009.csv,2025-08-16T02:04:00Z
INC-20250816-F-009-005,F-009,2025-08-16,2025-08-16T08:15:00,B2,MED,19.7,ehr_2025-08-16_F-009.csv,2025-08-16T02:05:00Z
INC-20250816-F-009-006,F-009,2025-08-16,2025-08-16T08:18:00,A4,MED,38.6,ehr_2025-08-16_F-009.csv,2025-08-16T02:06:00Z
INC-20250816-F-009-007,F-009,2025-08-16,2025-08-16T08:21:00,A4,MED,15.5,ehr_2025-08-16_F-009.csv,2025-08-16T02:07:00Z
INC-20250816-F-009-008,F-009,2025-08-16,2025-08-16T08:24:00,B2,HIGH,1.3,ehr_2025-08-16_F-009.csv,2025-08-16T02:08:00Z
INC-20250816-F-009-009,F-009,2025-08-16,2025-08-16T08:27:00,A1,HIGH,26.6,ehr_2025-08-16_F-009.csv,2025-08-16T02:09:00Z
INC-20250816-F-009-010,F-009,2025-08-16,2025-08-16T08:30:00,B1,HIGH,30.8,ehr_2025-08-16_F-009.csv,2025-08-16T02:10:00Z
INC-20250816-F-009-011,F-009,2025-08-16,2025-08-16T08:33:00,B1,LOW,31.6,ehr_2025-08-16_F-009.csv,2025-08-16T02:11:00Z
INC-20250816-F-009-012,F-009,2025-08-16,2025-08-16T08:36:00,A3,MED,39.7,ehr_2025-08-16_F-009.csv,2025-08-16T02:12:00Z
INC-20250816-F-009-013,F-009,2025-08-16,2025-08-16T08:39:00,A4,MED,27.1,ehr_2025-08-16_F-009.csv,2025-08-16T02:13:00Z
INC-20250816-F-009-014,F-009,2025-08-16,2025-08-16T08:42:00,A4,HIGH,31.7,ehr_2025-08-16_F-009.csv,2025-08-16T02:14:00Z
INC-20250816-F-009-015,F-009,2025-08-16,2025-08-16T08:45:00,A1,LOW,36.6,ehr_2025-08-16_F-009.csv,2025-08-16T02:15:00Z
INC-20250816-F-009-016,F-009,2025-08-16,2025-08-16T08:48:00,A3,MED,39.9,ehr_2025-08-16_F-009.csv,2025-08-16T02:16:00Z
INC-20250816-F-009-017,F-009,2025-08-16,2025-08-16T08:51:00,A3,HIGH,25.3,ehr_2025-08-16_F-009.csv,2025-08-16T02:17:00Z
INC-20250816-F-009-018,F-009,2025-08-16,2025-08-16T08:54:00,A1,LOW,23.9,ehr_2025-08-16_F-009.csv,2025-08-16T02:18:00Z
INC-20250816-F-010-000,F-010,2025-08-16,2025-08-16T08:00:00,B2,MED,5.6,ehr_2025-08-16_F-010.csv,2025-08-16T02:00:00Z
INC-20250816-F-010-001,F-010,2025-08-16,2025-08-16T08:03:00,A2,LOW,44.7,ehr_2025-08-16_F-010.csv,2025-08-16T02:01:00Z
INC-20250816-F-010-002,F-010,2025-08-16,2025-08-16T08:06:00,A4,LOW,34.5,ehr_2025-08-16_F-010.csv,2025-08-16T02:02:00Z
INC-20250816-F-010-003,F-010,2025-08-16,2025-08-16T08:09:00,A4,LOW,44.5,ehr_2025-08-16_F-010.csv,2025-08-16T02:03:00Z
INC-20250816-F-010-004,F-010,2025-08-16,2025-08-16T08:12:00,B1,LOW,37.2,ehr_2025-08-16_F-010.csv,2025-08-16T02:04:00Z
INC-20250816-F-010-005,F-010,2025-08-16,2025-08-16T08:15:00,B2,HIGH,45.9,ehr_2025-08-16_F-010.csv,2025-08-16T02:05:00Z
INC-20250816-F-010-006,F-010,2025-08-16,2025-08-16T08:18:00,A4,LOW,25.7,ehr_2025-08-16_F-010.csv,2025-08-16T02:06:00Z
INC-20250816-F-010-007,F-010,2025-08-16,2025-08-16T08:21:00,A4,HIGH,23.4,ehr_2025-08-16_F-010.csv,2025-08-16T02:07:00Z
INC-20250816-F-010-008,F-010,2025-08-16,2025-08-16T08:24:00,A2,HIGH,28.0,ehr_2025-08-16_F-010.csv,2025-08-16T02:08:00Z
INC-20250816-F-010-009,F-010,2025-08-16,2025-08-16T08:27:00,A2,LOW,18.9,ehr_2025-08-16_F-010.csv,2025-08-16T02:09:00Z
INC-20250816-F-010-010,F-010,2025-08-16,2025-08-16T08:30:00,A3,HIGH,42.4,ehr_2025-08-16_F-010.csv,2025-08-16T02:10:00Z
INC-20250816-F-010-011,F-010,2025-08-16,2025-08-16T08:33:00,B1,HIGH,36.7,ehr_2025-08-16_F-010.csv,2025-08-16T02:11:00Z
INC-20250816-F-010-012,F-010,2025-08-16,2025-08-16T08:36:00,A3,MED,22.0,ehr_2025-08-16_F-010.csv,2025-08-16T02:12:00Z
INC-20250816-F-010-013,F-010,2025-08-16,2025-08-16T08:39:00,A4,HIGH,33.8,ehr_2025-08-16_F-010.csv,2025-08-16T02:13:00Z
INC-20250816-F-010-014,F-010,2025-08-16,2025-08-16T08:42:00,A3,HIGH,26.5,ehr_2025-08-16_F-010.csv,2025-08-16T02:14:00Z
INC-20250816-F-010-015,F-010,2025-08-16,2025-08-16T08:45:00,B2,HIGH,30.5,ehr_2025-08-16_F-010.csv,2025-08-16T02:15:00Z
INC-20250816-F-010-016,F-010,2025-08-16,2025-08-16T08:48:00,B1,HIGH,14.3,ehr_2025-08-16_F-010.csv,2025-08-16T02:16:00Z
INC-20250816-F-010-017,F-010,2025-08-16,2025-08-16T08:51:00,B2,LOW,47.1,ehr_2025-08-16_F-010.csv,2025-08-16T02:17:00Z
INC-20250816-F-010-018,F-010,2025-08-16,2025-08-16T08:54:00,A2,HIGH,26.3,ehr_2025-08-16_F-010.csv,2025-08-16T02:18:00Z
INC-20250816-F-010-019,F-010,2025-08-16,2025-08-16T08:57:00,B2,LOW,36.6,ehr_2025-08-16_F-010.csv,2025-08-16T02:19:00Z
INC-20250816-F-010-020,F-010,2025-08-16,2025-08-16T09:00:00,B1,HIGH,45.3,ehr_2025-08-16_F-010.csv,2025-08-16T02:20:00Z
INC-20250816-F-011-000,F-011,2025-08-16,2025-08-16T08:00:00,B2,HIGH,14.1,ehr_2025-08-16_F-011.csv,2025-08-16T02:00:00Z
INC-20250816-F-011-001,F-011,2025-08-16,2025-08-16T08:03:00,A1,HIGH,5.6,ehr_2025-08-16_F-011.csv,2025-08-16T02:01:00Z
INC-20250816-F-011-002,F-011,2025-08-16,2025-08-16T08:06:00,A1,HIGH,3.2,ehr_2025-08-16_F-011.csv,2025-08-16T02:02:00Z
INC-20250816-F-011-003,F-011,2025-08-16,2025-08-16T08:09:00,A2,MED,33.0,ehr_2025-08-16_F-011.csv,2025-08-16T02:03:00Z
INC-20250816-F-011-004,F-011,2025-08-16,2025-08-16T08:12:00,A1,HIGH,37.8,ehr_2025-08-16_F-011.csv,2025-08-16T02:04:00Z
INC-20250816-F-011-005,F-011,2025-08-16,2025-08-16T08:15:00,B1,LOW,17.5,ehr_2025-08-16_F-011.csv,2025-08-16T02:05:00Z
INC-20250816-F-011-006,F-011,2025-08-16,2025-08-16T08:18:00,B1,HIGH,35.6,ehr_2025-08-16_F-011.csv,2025-08-16T02:06:00Z
INC-20250816-F-011-007,F-011,2025-08-16,2025-08-16T08:21:00,B2,HIGH,27.2,ehr_2025-08-16_F-011.csv,2025-08-16T02:07:00Z
INC-20250816-F-011-008,F-011,2025-08-16,2025-08-16T08:24:00,B2,MED,33.4,ehr_2025-08-16_F-011.csv,2025-08-16T02:08:00Z
INC-20250816-F-011-009,F-011,2025-08-16,2025-08-16T08:27:00,A4,MED,20.3,ehr_2025-08-16_F-011.csv,2025-08-16T02:09:00Z
INC-20250816-F-011-010,F-011,2025-08-16,2025-08-16T08:30:00,B2,MED,46.4,ehr_2025-08-16_F-011.csv,2025-08-16T02:10:00Z
INC-20250816-F-011-011,F-011,2025-08-16,2025-08-16T08:33:00,B2,MED,10.1,ehr_2025-08-16_F-011.csv,2025-08-16T02:11:00Z
INC-20250816-F-011-012,F-011,2025-08-16,2025-08-16T08:36:00,A4,LOW,43.8,ehr_2025-08-16_F-011.csv,2025-08-16T02:12:00Z
INC-20250816-F-011-013,F-011,2025-08-16,2025-08-16T08:39:00,B2,MED,36.4,ehr_2025-08-16_F-011.csv,2025-08-16T02:13:00Z
INC-20250816-F-011-014,F-011,2025-08-16,2025-08-16T08:42:00,B1,LOW,37.4,ehr_2025-08-16_F-011.csv,2025-08-16T02:14:00Z
INC-20250816-F-011-015,F-011,2025-08-16,2025-08-16T08:45:00,A3,MED,8.9,ehr_2025-08-16_F-011.csv,2025-08-16T02:15:00Z
INC-20250816-F-011-016,F-011,2025-08-16,2025-08-16T08:48:00,A2,LOW,35.4,ehr_2025-08-16_F-011.csv,2025-08-16T02:16:00Z
INC-20250816-F-011-017,F-011,2025-08-16,2025-08-16T08:51:00,A1,MED,13.8,ehr_2025-08-16_F-011.csv,2025-08-16T02:17:00Z
INC-20250816-F-011-018,F-011,2025-08-16,2025-08-16T08:54:00,A2,HIGH,40.7,ehr_2025-08-16_F-011.csv,2025-08-16T02:18:00Z
INC-20250816-F-012-000,F-012,2025-08-16,2025-08-16T08:00:00,B2,LOW,2.4,ehr_2025-08-16_F-012.csv,2025-08-16T02:00:00Z
INC-20250816-F-012-001,F-012,2025-08-16,2025-08-16T08:03:00,B1,LOW,37.2,ehr_2025-08-16_F-012.csv,2025-08-16T02:01:00Z
INC-20250816-F-012-002,F-012,2025-08-16,2025-08-16T08:06:00,B2,MED,23.8,ehr_2025-08-16_F-012.csv,2025-08-16T02:02:00Z
INC-20250816-F-012-003,F-012,2025-08-16,2025-08-16T08:09:00,A3,LOW,37.7,ehr_2025-08-16_F-012.csv,2025-08-16T02:03:00Z
INC-20250816-F-012-004,F-012,2025-08-16,2025-08-16T08:12:00,A2,LOW,25.2,ehr_2025-08-16_F-012.csv,2025-08-16T02:04:00Z
INC-20250816-F-012-005,F-012,2025-08-16,2025-08-16T08:15:00,A2,MED,26.3,ehr_2025-08-16_F-012.csv,2025-08-16T02:05:00Z
INC-20250816-F-012-006,F-012,2025-08-16,2025-08-16T08:18:00,A3,LOW,42.5,ehr_2025-08-16_F-012.csv,2025-08-16T02:06:00Z
INC-20250816-F-012-007,F-012,2025-08-16,2025-08-16T08:21:00,A3,MED,14.4,ehr_2025-08-16_F-012.csv,2025-08-16T02:07:00Z
INC-20250816-F-013-000,F-013,2025-08-16,2025-08-16T08:00:00,A4,HIGH,39.6,ehr_2025-08-16_F-013.csv,2025-08-16T02:00:00Z
INC-20250816-F-013-001,F-013,2025-08-16,2025-08-16T08:03:00,A1,LOW,32.3,ehr_2025-08-16_F-013.csv,2025-08-16T02:01:00Z
INC-20250816-F-013-002,F-013,2025-08-16,2025-08-16T08:06:00,B2,HIGH,44.1,ehr_2025-08-16_F-013.csv,2025-08-16T02:02:00Z
INC-20250816-F-013-003,F-013,2025-08-16,2025-08-16T08:09:00,A1,HIGH,42.6,ehr_2025-08-16_F-013.csv,2025-08-16T02:03:00Z
INC-20250816-F-013-004,F-013,2025-08-16,2025-08-16T08:12:00,A1,MED,12.7,ehr_2025-08-16_F-013.csv,2025-08-16T02:04:00Z
INC-20250816-F-013-005,F-013,2025-08-16,2025-08-16T08:15:00,A1,HIGH,39.6,ehr_2025-08-16_F-013.csv,2025-08-16T02:05:00Z
INC-20250816-F-013-006,F-013,2025-08-16,2025-08-16T08:18:00,B1,MED,23.6,ehr_2025-08-16_F-013.csv,2025-08-16T02:06:00Z
INC-20250816-F-013-007,F-013,2025-08-16,2025-08-16T08:21:00,B2,LOW,15.7,ehr_2025-08-16_F-013.csv,2025-08-16T02:07:00Z
INC-20250816-F-013-008,F-013,2025-08-16,2025-08-16T08:24:00,A1,LOW,46.7,ehr_2025-08-16_F-013.csv,2025-08-16T02:08:00Z
INC-20250816-F-013-009,F-013,2025-08-16,2025-08-16T08:27:00,B1,LOW,30.3,ehr_2025-08-16_F-013.csv,2025-08-16T02:09:00Z
INC-20250816-F-013-010,F-013,2025-08-16,2025-08-16T08:30:00,B2,LOW,41.6,ehr_2025-08-16_F-013.csv,2025-08-16T02:10:00Z
INC-20250816-F-013-011,F-013,2025-08-16,2025-08-16T08:33:00,A1,LOW,26.0,ehr_2025-08-16_F-013.csv,2025-08-16T02:11:00Z
INC-20250816-F-013-012,F-013,2025-08-16,2025-08-16T08:36:00,B2,MED,31.2,ehr_2025-08-16_F-013.csv,2025-08-16T02:12:00Z
INC-20250816-F-013-013,F-013,2025-08-16,2025-08-16T08:39:00,B2,HIGH,7.8,ehr_2025-08-16_F-013.csv,2025-08-16T02:13:00Z
INC-20250816-F-013-014,F-013,2025-08-16,2025-08-16T08:42:00,A3,LOW,4.7,ehr_2025-08-16_F-013.csv,2025-08-16T02:14:00Z
INC-20250816-F-013-015,F-013,2025-08-16,2025-08-16T08:45:00,A3,HIGH,3.8,ehr_2025-08-16_F-013.csv,2025-08-16T02:15:00Z
INC-20250816-F-013-016,F-013,2025-08-16,2025-08-16T08:48:00,A3,MED,18.9,ehr_2025-08-16_F-013.csv,2025-08-16T02:16:00Z
INC-20250816-F-013-017,F-013,2025-08-16,2025-08-16T08:51:00,A4,MED,1.3,ehr_2025-08-16_F-013.csv,2025-08-16T02:17:00Z
INC-20250816-F-013-018,F-013,2025-08-16,2025-08-16T08:54:00,B1,LOW,31.0,ehr_2025-08-16_F-013.csv,2025-08-16T02:18:00Z
INC-20250816-F-013-019,F-013,2025-08-16,2025-08-16T08:57:00,B2,HIGH,2.7,ehr_2025-08-16_F-013.csv,2025-08-16T02:19:00Z
INC-20250816-F-014-000,F-014,2025-08-16,2025-08-16T08:00:00,B1,LOW,14.3,ehr_2025-08-16_F-014.csv,2025-08-16T02:00:00Z
INC-20250816-F-014-001,F-014,2025-08-16,2025-08-16T08:03:00,B1,LOW,13.9,ehr_2025-08-16_F-014.csv,2025-08-16T02:01:00Z
INC-20250816-F-014-002,F-014,2025-08-16,2025-08-16T08:06:00,A4,MED,39.6,ehr_2025-08-16_F-014.csv,2025-08-16T02:02:00Z
INC-20250816-F-014-003,F-014,2025-08-16,2025-08-16T08:09:00,A2,HIGH,10.9,ehr_2025-08-16_F-014.csv,2025-08-16T02:03:00Z
INC-20250816-F-014-004,F-014,2025-08-16,2025-08-16T08:12:00,B1,MED,46.1,ehr_2025-08-16_F-014.csv,2025-08-16T02:04:00Z
INC-20250816-F-014-005,F-014,2025-08-16,2025-08-16T08:15:00,B2,HIGH,31.3,ehr_2025-08-16_F-014.csv,2025-08-16T02:05:00Z
INC-20250816-F-014-006,F-014,2025-08-16,2025-08-16T08:18:00,A1,HIGH,42.1,ehr_2025-08-16_F-014.csv,2025-08-16T02:06:00Z
INC-20250816-F-014-007,F-014,2025-08-16,2025-08-16T08:21:00,A1,LOW,27.7,ehr_2025-08-16_F-014.csv,2025-08-16T02:07:00Z
INC-20250816-F-014-008,F-014,2025-08-16,2025-08-16T08:24:00,B1,LOW,15.0,ehr_2025-08-16_F-014.csv,2025-08-16T02:08:00Z
INC-20250816-F-014-009,F-014,2025-08-16,2025-08-16T08:27:00,B2,MED,10.6,ehr_2025-08-16_F-014.csv,2025-08-16T02:09:00Z
INC-20250816-F-014-010,F-014,2025-08-16,2025-08-16T08:30:00,B1,LOW,8.1,ehr_2025-08-16_F-014.csv,2025-08-16T02:10:00Z
INC-20250816-F-014-011,F-014,2025-08-16,2025-08-16T08:33:00,A3,LOW,5.9,ehr_2025-08-16_F-014.csv,2025-08-16T02:11:00Z
INC-20250816-F-014-012,F-014,2025-08-16,2025-08-16T08:36:00,B1,LOW,40.9,ehr_2025-08-16_F-014.csv,2025-08-16T02:12:00Z
INC-20250816-F-014-013,F-014,2025-08-16,2025-08-16T08:39:00,B1,MED,31.1,ehr_2025-08-16_F-014.csv,2025-08-16T02:13:00Z
INC-20250816-F-014-014,F-014,2025-08-16,2025-08-16T08:42:00,B2,LOW,12.4,ehr_2025-08-16_F-014.csv,2025-08-16T02:14:00Z
INC-20250816-F-014-015,F-014,2025-08-16,2025-08-16T08:45:00,B1,MED,45.7,ehr_2025-08-16_F-014.csv,2025-08-16T02:15:00Z
INC-20250816-F-014-016,F-014,2025-08-16,2025-08-16T08:48:00,B2,HIGH,11.6,ehr_2025-08-16_F-014.csv,2025-08-16T02:16:00Z
INC-20250816-F-014-017,F-014,2025-08-16,2025-08-16T08:51:00,A1,LOW,15.6,ehr_2025-08-16_F-014.csv,2025-08-16T02:17:00Z
INC-20250816-F-014-018,F-014,2025-08-16,2025-08-16T08:54:00,B1,HIGH,15.0,ehr_2025-08-16_F-014.csv,2025-08-16T02:18:00Z
INC-20250816-F-014-019,F-014,2025-08-16,2025-08-16T08:57:00,B1,HIGH,17.8,ehr_2025-08-16_F-014.csv,2025-08-16T02:19:00Z
INC-20250816-F-014-020,F-014,2025-08-16,2025-08-16T09:00:00,A4,LOW,0.7,ehr_2025-08-16_F-014.csv,2025-08-16T02:20:00Z
INC-20250816-F-015-000,F-015,2025-08-16,2025-08-16T08:00:00,B2,HIGH,30.9,ehr_2025-08-16_F-015.csv,2025-08-16T02:00:00Z
INC-20250816-F-015-001,F-015,2025-08-16,2025-08-16T08:03:00,A3,LOW,32.8,ehr_2025-08-16_F-015.csv,2025-08-16T02:01:00Z
INC-20250816-F-015-002,F-015,2025-08-16,2025-08-16T08:06:00,A4,MED,21.7,ehr_2025-08-16_F-015.csv,2025-08-16T02:02:00Z
INC-20250816-F-015-003,F-015,2025-08-16,2025-08-16T08:09:00,A4,HIGH,5.7,ehr_2025-08-16_F-015.csv,2025-08-16T02:03:00Z
INC-20250816-F-015-004,F-015,2025-08-16,2025-08-16T08:12:00,A1,MED,41.3,ehr_2025-08-16_F-015.csv,2025-08-16T02:04:00Z
INC-20250816-F-015-005,F-015,2025-08-16,2025-08-16T08:15:00,B1,LOW,13.0,ehr_2025-08-16_F-015.csv,2025-08-16T02:05:00Z
INC-20250816-F-015-006,F-015,2025-08-16,2025-08-16T08:18:00,A1,HIGH,4.1,ehr_2025-08-16_F-015.csv,2025-08-16T02:06:00Z
INC-20250816-F-015-007,F-015,2025-08-16,2025-08-16T08:21:00,Z9,HIGH,2.0,ehr_2025-08-16_F-015.csv,2025-08-16T02:07:00Z
INC-20250816-F-015-008,F-015,2025-08-16,2025-08-16T08:24:00,A4,HIGH,10.6,ehr_2025-08-16_F-015.csv,2025-08-16T02:08:00Z
INC-20250816-F-015-009,F-015,2025-08-16,2025-08-16T08:27:00,A3,HIGH,43.0,ehr_2025-08-16_F-015.csv,2025-08-16T02:09:00Z
INC-20250816-F-015-010,F-015,2025-08-16,2025-08-16T08:30:00,B2,LOW,17.9,ehr_2025-08-16_F-015.csv,2025-08-16T02:10:00Z
INC-20250816-F-016-000,F-016,2025-08-16,2025-08-16T08:00:00,B1,HIGH,41.2,ehr_2025-08-16_F-016.csv,2025-08-16T02:00:00Z
INC-20250816-F-016-001,F-016,2025-08-16,2025-08-16T08:03:00,B1,HIGH,4.8,ehr_2025-08-16_F-016.csv,2025-08-16T02:01:00Z
INC-20250816-F-016-002,F-016,2025-08-16,2025-08-16T08:06:00,A1,HIGH,11.8,ehr_2025-08-16_F-016.csv,2025-08-16T02:02:00Z
INC-20250816-F-016-003,F-016,2025-08-16,2025-08-16T08:09:00,B1,HIGH,8.4,ehr_2025-08-16_F-016.csv,2025-08-16T02:03:00Z
INC-20250816-F-016-004,F-016,2025-08-16,2025-08-16T08:12:00,A4,LOW,9.0,ehr_2025-08-16_F-016.csv,2025-08-16T02:04:00Z
INC-20250816-F-016-005,F-016,2025-08-16,2025-08-16T08:15:00,B2,LOW,35.5,ehr_2025-08-16_F-016.csv,2025-08-16T02:05:00Z
INC-20250816-F-016-006,F-016,2025-08-16,2025-08-16T08:18:00,A3,LOW,10.9,ehr_2025-08-16_F-016.csv,2025-08-16T02:06:00Z
INC-20250816-F-016-007,F-016,2025-08-16,2025-08-16T08:21:00,A1,MED,18.0,ehr_2025-08-16_F-016.csv,2025-08-16T02:07:00Z
INC-20250816-F-016-008,F-016,2025-08-16,2025-08-16T08:24:00,A2,HIGH,43.6,ehr_2025-08-16_F-016.csv,2025-08-16T02:08:00Z
INC-20250816-F-016-009,F-016,2025-08-16,2025-08-16T08:27:00,A4,MED,42.4,ehr_2025-08-16_F-016.csv,2025-08-16T02:09:00Z
INC-20250816-F-016-010,F-016,2025-08-16,2025-08-16T08:30:00,B2,MED,5.4,ehr_2025-08-16_F-016.csv,2025-08-16T02:10:00Z
INC-20250816-F-017-000,F-017,2025-08-16,2025-08-16T08:00:00,A3,HIGH,13.0,ehr_2025-08-16_F-017.csv,2025-08-18T01:00:00Z
INC-20250816-F-017-001,F-017,2025-08-16,2025-08-16T08:03:00,A2,MED,31.5,ehr_2025-08-16_F-017.csv,2025-08-18T01:01:00Z
INC-20250816-F-017-002,F-017,2025-08-16,2025-08-16T08:06:00,B2,LOW,25.0,ehr_2025-08-16_F-017.csv,2025-08-18T01:02:00Z
INC-20250816-F-017-003,F-017,2025-08-16,2025-08-16T08:09:00,A2,HIGH,19.8,ehr_2025-08-16_F-017.csv,2025-08-18T01:03:00Z
INC-20250816-F-017-004,F-017,2025-08-16,2025-08-16T08:12:00,A3,MED,38.2,ehr_2025-08-16_F-017.csv,2025-08-18T01:04:00Z
INC-20250816-F-017-005,F-017,2025-08-16,2025-08-16T08:15:00,A1,HIGH,42.4,ehr_2025-08-16_F-017.csv,2025-08-18T01:05:00Z
INC-20250816-F-017-006,F-017,2025-08-16,2025-08-16T08:18:00,A2,LOW,24.9,ehr_2025-08-16_F-017.csv,2025-08-16T02:06:00Z
INC-20250816-F-017-007,F-017,2025-08-16,2025-08-16T08:21:00,A2,LOW,8.0,ehr_2025-08-16_F-017.csv,2025-08-16T02:07:00Z
INC-20250816-F-017-008,F-017,2025-08-16,2025-08-16T08:24:00,A1,HIGH,11.4,ehr_2025-08-16_F-017.csv,2025-08-16T02:08:00Z
INC-20250816-F-017-009,F-017,2025-08-16,2025-08-16T08:27:00,B2,LOW,23.4,ehr_2025-08-16_F-017.csv,2025-08-16T02:09:00Z
INC-20250816-F-017-010,F-017,2025-08-16,2025-08-16T08:30:00,A2,HIGH,8.2,ehr_2025-08-16_F-017.csv,2025-08-16T02:10:00Z
INC-20250816-F-017-011,F-017,2025-08-16,2025-08-16T08:33:00,A1,LOW,2.5,ehr_2025-08-16_F-017.csv,2025-08-16T02:11:00Z
INC-20250816-F-017-012,F-017,2025-08-16,2025-08-16T08:36:00,A2,LOW,30.4,ehr_2025-08-16_F-017.csv,2025-08-16T02:12:00Z
INC-20250816-F-017-013,F-017,2025-08-16,2025-08-16T08:39:00,B1,LOW,3.2,ehr_2025-08-16_F-017.csv,2025-08-16T02:13:00Z
INC-20250816-F-017-014,F-017,2025-08-16,2025-08-16T08:42:00,A2,HIGH,46.0,ehr_2025-08-16_F-017.csv,2025-08-16T02:14:00Z
INC-20250816-F-017-015,F-017,2025-08-16,2025-08-16T08:45:00,B1,HIGH,1.4,ehr_2025-08-16_F-017.csv,2025-08-16T02:15:00Z
INC-20250816-F-018-000,F-018,2025-08-16,2025-08-16T08:00:00,A3,LOW,10.8,ehr_2025-08-16_F-018.csv,2025-08-16T02:00:00Z
INC-20250816-F-018-001,F-018,2025-08-16,2025-08-16T08:03:00,A4,MED,8.6,ehr_2025-08-16_F-018.csv,2025-08-16T02:01:00Z
INC-20250816-F-018-002,F-018,2025-08-16,2025-08-16T08:06:00,B1,LOW,38.2,ehr_2025-08-16_F-018.csv,2025-08-16T02:02:00Z
INC-20250816-F-018-003,F-018,2025-08-16,2025-08-16T08:09:00,A2,HIGH,31.8,ehr_2025-08-16_F-018.csv,2025-08-16T02:03:00Z
INC-20250816-F-018-004,F-018,2025-08-16,2025-08-16T08:12:00,B2,HIGH,16.8,ehr_2025-08-16_F-018.csv,2025-08-16T02:04:00Z
INC-20250816-F-018-005,F-018,2025-08-16,2025-08-16T08:15:00,B1,LOW,11.4,ehr_2025-08-16_F-018.csv,2025-08-16T02:05:00Z
INC-20250816-F-018-006,F-018,2025-08-16,2025-08-16T08:18:00,A1,LOW,10.1,ehr_2025-08-16_F-018.csv,2025-08-16T02:06:00Z
INC-20250816-F-018-007,F-018,2025-08-16,2025-08-16T08:21:00,B1,HIGH,20.4,ehr_2025-08-16_F-018.csv,2025-08-16T02:07:00Z
INC-20250816-F-018-008,F-018,2025-08-16,2025-08-16T08:24:00,A1,LOW,23.1,ehr_2025-08-16_F-018.csv,2025-08-16T02:08:00Z
INC-20250816-F-018-009,F-018,2025-08-16,2025-08-16T08:27:00,A1,HIGH,24.4,ehr_2025-08-16_F-018.csv,2025-08-16T02:09:00Z
INC-20250816-F-018-010,F-018,2025-08-16,2025-08-16T08:30:00,A4,HIGH,6.7,ehr_2025-08-16_F-018.csv,2025-08-16T02:10:00Z
INC-20250816-F-018-011,F-018,2025-08-16,2025-08-16T08:33:00,A1,HIGH,31.3,ehr_2025-08-16_F-018.csv,2025-08-16T02:11:00Z
INC-20250816-F-018-012,F-018,2025-08-16,2025-08-16T08:36:00,A3,LOW,33.6,ehr_2025-08-16_F-018.csv,2025-08-16T02:12:00Z
INC-20250816-F-018-013,F-018,2025-08-16,2025-08-16T08:39:00,A4,MED,17.1,ehr_2025-08-16_F-018.csv,2025-08-16T02:13:00Z
INC-20250816-F-018-014,F-018,2025-08-16,2025-08-16T08:42:00,B2,HIGH,5.1,ehr_2025-08-16_F-018.csv,2025-08-16T02:14:00Z
INC-20250816-F-018-015,F-018,2025-08-16,2025-08-16T08:45:00,A4,LOW,43.7,ehr_2025-08-16_F-018.csv,2025-08-16T02:15:00Z
INC-20250816-F-018-016,F-018,2025-08-16,2025-08-16T08:48:00,B1,HIGH,19.9,ehr_2025-08-16_F-018.csv,2025-08-16T02:16:00Z
INC-20250816-F-018-017,F-018,2025-08-16,2025-08-16T08:51:00,B2,HIGH,38.0,ehr_2025-08-16_F-018.csv,2025-08-16T02:17:00Z
INC-20250816-F-018-018,F-018,2025-08-16,2025-08-16T08:54:00,A1,HIGH,0.8,ehr_2025-08-16_F-018.csv,2025-08-16T02:18:00Z
INC-20250816-F-019-000,F-019,2025-08-16,2025-08-16T08:00:00,A3,MED,17.7,ehr_2025-08-16_F-019.csv,2025-08-16T02:00:00Z
INC-20250816-F-019-001,F-019,2025-08-16,2025-08-16T08:03:00,B2,HIGH,12.5,ehr_2025-08-16_F-019.csv,2025-08-16T02:01:00Z
INC-20250816-F-019-002,F-019,2025-08-16,2025-08-16T08:06:00,A4,HIGH,17.9,ehr_2025-08-16_F-019.csv,2025-08-16T02:02:00Z
INC-20250816-F-019-003,F-019,2025-08-16,2025-08-16T08:09:00,B2,MED,36.4,ehr_2025-08-16_F-019.csv,2025-08-16T02:03:00Z
INC-20250816-F-019-004,F-019,2025-08-16,2025-08-16T08:12:00,B1,MED,9.0,ehr_2025-08-16_F-019.csv,2025-08-16T02:04:00Z
INC-20250816-F-019-005,F-019,2025-08-16,2025-08-16T08:15:00,A4,MED,47.5,ehr_2025-08-16_F-019.csv,2025-08-16T02:05:00Z
INC-20250816-F-019-006,F-019,2025-08-16,2025-08-16T08:18:00,B2,MED,35.4,ehr_2025-08-16_F-019.csv,2025-08-16T02:06:00Z
INC-20250816-F-019-007,F-019,2025-08-16,2025-08-16T08:21:00,B2,LOW,36.0,ehr_2025-08-16_F-019.csv,2025-08-16T02:07:00Z
INC-20250816-F-019-008,F-019,2025-08-16,2025-08-16T08:24:00,B2,LOW,5.3,ehr_2025-08-16_F-019.csv,2025-08-16T02:08:00Z
INC-20250816-F-019-009,F-019,2025-08-16,2025-08-16T08:27:00,A3,HIGH,29.7,ehr_2025-08-16_F-019.csv,2025-08-16T02:09:00Z
INC-20250816-F-019-010,F-019,2025-08-16,2025-08-16T08:30:00,A1,LOW,19.0,ehr_2025-08-16_F-019.csv,2025-08-16T02:10:00Z
INC-20250816-F-019-011,F-019,2025-08-16,2025-08-16T08:33:00,A1,LOW,22.9,ehr_2025-08-16_F-019.csv,2025-08-16T02:11:00Z
INC-20250816-F-019-012,F-019,2025-08-16,2025-08-16T08:36:00,A1,LOW,13.0,ehr_2025-08-16_F-019.csv,2025-08-16T02:12:00Z
INC-20250816-F-019-013,F-019,2025-08-16,2025-08-16T08:39:00,B1,LOW,34.9,ehr_2025-08-16_F-019.csv,2025-08-16T02:13:00Z
INC-20250816-F-019-014,F-019,2025-08-16,2025-08-16T08:42:00,A4,HIGH,31.7,ehr_2025-08-16_F-019.csv,2025-08-16T02:14:00Z
INC-20250816-F-019-015,F-019,2025-08-16,2025-08-16T08:45:00,B1,LOW,45.4,ehr_2025-08-16_F-019.csv,2025-08-16T02:15:00Z
INC-20250816-F-019-016,F-019,2025-08-16,2025-08-16T08:48:00,B2,MED,21.4,ehr_2025-08-16_F-019.csv,2025-08-16T02:16:00Z
INC-20250816-F-019-017,F-019,2025-08-16,2025-08-16T08:51:00,B2,HIGH,14.1,ehr_2025-08-16_F-019.csv,2025-08-16T02:17:00Z
INC-20250816-F-020-000,F-020,2025-08-16,2025-08-16T08:00:00,B1,HIGH,33.7,ehr_2025-08-16_F-020.csv,2025-08-16T02:00:00Z
INC-20250816-F-020-001,F-020,2025-08-16,2025-08-16T08:03:00,B2,LOW,17.6,ehr_2025-08-16_F-020.csv,2025-08-16T02:01:00Z
INC-20250816-F-020-002,F-020,2025-08-16,2025-08-16T08:06:00,A2,LOW,47.8,ehr_2025-08-16_F-020.csv,2025-08-16T02:02:00Z
INC-20250816-F-020-003,F-020,2025-08-16,2025-08-16T08:09:00,A3,HIGH,19.3,ehr_2025-08-16_F-020.csv,2025-08-16T02:03:00Z
INC-20250816-F-020-004,F-020,2025-08-16,2025-08-16T08:12:00,B1,LOW,35.5,ehr_2025-08-16_F-020.csv,2025-08-16T02:04:00Z
INC-20250816-F-020-005,F-020,2025-08-16,2025-08-16T08:15:00,A1,HIGH,14.0,ehr_2025-08-16_F-020.csv,2025-08-16T02:05:00Z
INC-20250816-F-020-006,F-020,2025-08-16,2025-08-16T08:18:00,B1,MED,17.0,ehr_2025-08-16_F-020.csv,2025-08-16T02:06:00Z
INC-20250816-F-020-007,F-020,2025-08-16,2025-08-16T08:21:00,A2,HIGH,46.2,ehr_2025-08-16_F-020.csv,2025-08-16T02:07:00Z
INC-20250816-F-021-000,F-021,2025-08-16,2025-08-16T08:00:00,B1,LOW,12.9,ehr_2025-08-16_F-021.csv,2025-08-16T02:00:00Z
INC-20250816-F-021-001,F-021,2025-08-16,2025-08-16T08:03:00,A1,HIGH,3.9,ehr_2025-08-16_F-021.csv,2025-08-16T02:01:00Z
INC-20250816-F-021-002,F-021,2025-08-16,2025-08-16T08:06:00,A1,HIGH,45.9,ehr_2025-08-16_F-021.csv,2025-08-16T02:02:00Z
INC-20250816-F-021-003,F-021,2025-08-16,2025-08-16T08:09:00,B1,MED,33.5,ehr_2025-08-16_F-021.csv,2025-08-16T02:03:00Z
INC-20250816-F-021-004,F-021,2025-08-16,2025-08-16T08:12:00,B1,MED,37.1,ehr_2025-08-16_F-021.csv,2025-08-16T02:04:00Z
INC-20250816-F-021-005,F-021,2025-08-16,2025-08-16T08:15:00,A4,HIGH,22.4,ehr_2025-08-16_F-021.csv,2025-08-16T02:05:00Z
INC-20250816-F-021-006,F-021,2025-08-16,2025-08-16T08:18:00,A1,MED,6.0,ehr_2025-08-16_F-021.csv,2025-08-16T02:06:00Z
INC-20250816-F-021-007,F-021,2025-08-16,2025-08-16T08:21:00,B2,LOW,32.7,ehr_2025-08-16_F-021.csv,2025-08-16T02:07:00Z
INC-20250816-F-021-008,F-021,2025-08-16,2025-08-16T08:24:00,A3,MED,45.9,ehr_2025-08-16_F-021.csv,2025-08-16T02:08:00Z
INC-20250816-F-021-009,F-021,2025-08-16,2025-08-16T08:27:00,A1,HIGH,40.0,ehr_2025-08-16_F-021.csv,2025-08-16T02:09:00Z
INC-20250816-F-021-010,F-021,2025-08-16,2025-08-16T08:30:00,A1,MED,32.5,ehr_2025-08-16_F-021.csv,2025-08-16T02:10:00Z
INC-20250816-F-021-011,F-021,2025-08-16,2025-08-16T08:33:00,A1,HIGH,44.7,ehr_2025-08-16_F-021.csv,2025-08-16T02:11:00Z
INC-20250816-F-021-012,F-021,2025-08-16,2025-08-16T08:36:00,A3,LOW,43.0,ehr_2025-08-16_F-021.csv,2025-08-16T02:12:00Z
INC-20250816-F-021-013,F-021,2025-08-16,2025-08-16T08:39:00,B2,HIGH,44.7,ehr_2025-08-16_F-021.csv,2025-08-16T02:13:00Z
INC-20250816-F-021-014,F-021,2025-08-16,2025-08-16T08:42:00,B2,LOW,11.7,ehr_2025-08-16_F-021.csv,2025-08-16T02:14:00Z
INC-20250816-F-022-000,F-022,2025-08-16,2025-08-16T08:00:00,A2,LOW,10.1,ehr_2025-08-16_F-022.csv,2025-08-18T01:00:00Z
INC-20250816-F-022-001,F-022,2025-08-16,2025-08-16T08:03:00,B1,MED,7.9,ehr_2025-08-16_F-022.csv,2025-08-18T01:01:00Z
INC-20250816-F-022-002,F-022,2025-08-16,2025-08-16T08:06:00,A1,HIGH,45.9,ehr_2025-08-16_F-022.csv,2025-08-18T01:02:00Z
INC-20250816-F-022-003,F-022,2025-08-16,2025-08-16T08:09:00,A1,HIGH,46.0,ehr_2025-08-16_F-022.csv,2025-08-18T01:03:00Z
INC-20250816-F-022-004,F-022,2025-08-16,2025-08-16T08:12:00,A3,HIGH,15.5,ehr_2025-08-16_F-022.csv,2025-08-18T01:04:00Z
INC-20250816-F-022-005,F-022,2025-08-16,2025-08-16T08:15:00,B1,MED,23.8,ehr_2025-08-16_F-022.csv,2025-08-18T01:05:00Z
INC-20250816-F-022-006,F-022,2025-08-16,2025-08-16T08:18:00,B1,MED,19.4,ehr_2025-08-16_F-022.csv,2025-08-16T02:06:00Z
INC-20250816-F-022-007,F-022,2025-08-16,2025-08-16T08:21:00,A2,LOW,25.5,ehr_2025-08-16_F-022.csv,2025-08-16T02:07:00Z
INC-20250816-F-022-008,F-022,2025-08-16,2025-08-16T08:24:00,B1,LOW,24.4,ehr_2025-08-16_F-022.csv,2025-08-16T02:08:00Z
INC-20250816-F-022-009,F-022,2025-08-16,2025-08-16T08:27:00,B2,LOW,22.2,ehr_2025-08-16_F-022.csv,2025-08-16T02:09:00Z
INC-20250816-F-022-010,F-022,2025-08-16,2025-08-16T08:30:00,B1,MED,15.5,ehr_2025-08-16_F-022.csv,2025-08-16T02:10:00Z
INC-20250816-F-023-000,F-023,2025-08-16,2025-08-16T08:00:00,XX,MED,28.1,ehr_2025-08-16_F-023.csv,2025-08-16T02:00:00Z
INC-20250816-F-023-001,F-023,2025-08-16,2025-08-16T08:03:00,B1,MED,9.4,ehr_2025-08-16_F-023.csv,2025-08-16T02:01:00Z
INC-20250816-F-023-002,F-023,2025-08-16,2025-08-16T08:06:00,A3,MED,46.0,ehr_2025-08-16_F-023.csv,2025-08-16T02:02:00Z
INC-20250816-F-023-003,F-023,2025-08-16,2025-08-16T08:09:00,A2,MED,20.6,ehr_2025-08-16_F-023.csv,2025-08-16T02:03:00Z
INC-20250816-F-023-004,F-023,2025-08-16,2025-08-16T08:12:00,A3,MED,41.1,ehr_2025-08-16_F-023.csv,2025-08-16T02:04:00Z
INC-20250816-F-023-005,F-023,2025-08-16,2025-08-16T08:15:00,A2,HIGH,6.7,ehr_2025-08-16_F-023.csv,2025-08-16T02:05:00Z
INC-20250816-F-023-006,F-023,2025-08-16,2025-08-16T08:18:00,A2,LOW,34.7,ehr_2025-08-16_F-023.csv,2025-08-16T02:06:00Z
INC-20250816-F-023-007,F-023,2025-08-16,2025-08-16T08:21:00,B1,MED,41.2,ehr_2025-08-16_F-023.csv,2025-08-16T02:07:00Z
INC-20250816-F-024-000,F-024,2025-08-16,2025-08-16T08:00:00,B2,LOW,23.0,ehr_2025-08-16_F-024.csv,2025-08-16T02:00:00Z
INC-20250816-F-024-001,F-024,2025-08-16,2025-08-16T08:03:00,??,MED,6.9,ehr_2025-08-16_F-024.csv,2025-08-16T02:01:00Z
INC-20250816-F-024-002,F-024,2025-08-16,2025-08-16T08:06:00,B2,HIGH,25.9,ehr_2025-08-16_F-024.csv,2025-08-16T02:02:00Z
INC-20250816-F-024-003,F-024,2025-08-16,2025-08-16T08:09:00,A4,MED,12.4,ehr_2025-08-16_F-024.csv,2025-08-16T02:03:00Z
INC-20250816-F-024-004,F-024,2025-08-16,2025-08-16T08:12:00,A1,MED,5.2,ehr_2025-08-16_F-024.csv,2025-08-16T02:04:00Z
INC-20250816-F-024-005,F-024,2025-08-16,2025-08-16T08:15:00,A2,MED,23.1,ehr_2025-08-16_F-024.csv,2025-08-16T02:05:00Z
INC-20250816-F-024-006,F-024,2025-08-16,2025-08-16T08:18:00,A4,HIGH,16.4,ehr_2025-08-16_F-024.csv,2025-08-16T02:06:00Z
INC-20250816-F-024-007,F-024,2025-08-16,2025-08-16T08:21:00,B1,HIGH,44.8,ehr_2025-08-16_F-024.csv,2025-08-16T02:07:00Z
INC-20250816-F-024-008,F-024,2025-08-16,2025-08-16T08:24:00,A1,MED,6.3,ehr_2025-08-16_F-024.csv,2025-08-16T02:08:00Z
INC-20250816-F-024-009,F-024,2025-08-16,2025-08-16T08:27:00,B1,LOW,27.9,ehr_2025-08-16_F-024.csv,2025-08-16T02:09:00Z
INC-20250816-F-024-010,F-024,2025-08-16,2025-08-16T08:30:00,B1,LOW,47.0,ehr_2025-08-16_F-024.csv,2025-08-16T02:10:00Z
INC-20250816-F-025-000,F-025,2025-08-16,2025-08-16T08:00:00,B2,HIGH,23.7,ehr_2025-08-16_F-025.csv,2025-08-16T02:00:00Z
INC-20250816-F-025-001,F-025,2025-08-16,2025-08-16T08:03:00,A1,MED,29.6,ehr_2025-08-16_F-025.csv,2025-08-16T02:01:00Z
INC-20250816-F-025-002,F-025,2025-08-16,2025-08-16T08:06:00,A2,LOW,30.9,ehr_2025-08-16_F-025.csv,2025-08-16T02:02:00Z
INC-20250816-F-025-003,F-025,2025-08-16,2025-08-16T08:09:00,A4,HIGH,29.6,ehr_2025-08-16_F-025.csv,2025-08-16T02:03:00Z
INC-20250816-F-025-004,F-025,2025-08-16,2025-08-16T08:12:00,A1,LOW,8.2,ehr_2025-08-16_F-025.csv,2025-08-16T02:04:00Z
INC-20250816-F-025-005,F-025,2025-08-16,2025-08-16T08:15:00,A3,HIGH,14.3,ehr_2025-08-16_F-025.csv,2025-08-16T02:05:00Z
INC-20250816-F-025-006,F-025,2025-08-16,2025-08-16T08:18:00,B2,MED,13.4,ehr_2025-08-16_F-025.csv,2025-08-16T02:06:00Z
INC-20250816-F-025-007,F-025,2025-08-16,2025-08-16T08:21:00,A3,HIGH,28.4,ehr_2025-08-16_F-025.csv,2025-08-16T02:07:00Z
INC-20250816-F-025-008,F-025,2025-08-16,2025-08-16T08:24:00,A4,LOW,9.2,ehr_2025-08-16_F-025.csv,2025-08-16T02:08:00Z
INC-20250816-F-025-009,F-025,2025-08-16,2025-08-16T08:27:00,Z9,LOW,31.9,ehr_2025-08-16_F-025.csv,2025-08-16T02:09:00Z
INC-20250816-F-025-010,F-025,2025-08-16,2025-08-16T08:30:00,B2,HIGH,4.3,ehr_2025-08-16_F-025.csv,2025-08-16T02:10:00Z
INC-20250816-F-025-011,F-025,2025-08-16,2025-08-16T08:33:00,A1,LOW,3.5,ehr_2025-08-16_F-025.csv,2025-08-16T02:11:00Z
INC-20250816-F-026-000,F-026,2025-08-16,2025-08-16T08:00:00,A1,LOW,37.1,ehr_2025-08-16_F-026.csv,2025-08-16T02:00:00Z
INC-20250816-F-026-001,F-026,2025-08-16,2025-08-16T08:03:00,A1,LOW,13.0,ehr_2025-08-16_F-026.csv,2025-08-16T02:01:00Z
INC-20250816-F-026-002,F-026,2025-08-16,2025-08-16T08:06:00,B2,MED,15.2,ehr_2025-08-16_F-026.csv,2025-08-16T02:02:00Z
INC-20250816-F-026-003,F-026,2025-08-16,2025-08-16T08:09:00,A3,MED,30.3,ehr_2025-08-16_F-026.csv,2025-08-16T02:03:00Z
INC-20250816-F-026-004,F-026,2025-08-16,2025-08-16T08:12:00,A2,LOW,2.2,ehr_2025-08-16_F-026.csv,2025-08-16T02:04:00Z
INC-20250816-F-026-005,F-026,2025-08-16,2025-08-16T08:15:00,A3,MED,22.7,ehr_2025-08-16_F-026.csv,2025-08-16T02:05:00Z
INC-20250816-F-026-006,F-026,2025-08-16,2025-08-16T08:18:00,A3,HIGH,21.6,ehr_2025-08-16_F-026.csv,2025-08-16T02:06:00Z
INC-20250816-F-026-007,F-026,2025-08-16,2025-08-16T08:21:00,B2,HIGH,8.9,ehr_2025-08-16_F-026.csv,2025-08-16T02:07:00Z
INC-20250816-F-026-008,F-026,2025-08-16,2025-08-16T08:24:00,B2,HIGH,30.7,ehr_2025-08-16_F-026.csv,2025-08-16T02:08:00Z
INC-20250816-F-026-009,F-026,2025-08-16,2025-08-16T08:27:00,B1,HIGH,30.9,ehr_2025-08-16_F-026.csv,2025-08-16T02:09:00Z
INC-20250816-F-026-010,F-026,2025-08-16,2025-08-16T08:30:00,A3,MED,26.1,ehr_2025-08-16_F-026.csv,2025-08-16T02:10:00Z
INC-20250816-F-026-011,F-026,2025-08-16,2025-08-16T08:33:00,A4,MED,17.9,ehr_2025-08-16_F-026.csv,2025-08-16T02:11:00Z
INC-20250816-F-026-012,F-026,2025-08-16,2025-08-16T08:36:00,A3,LOW,0.5,ehr_2025-08-16_F-026.csv,2025-08-16T02:12:00Z
INC-20250816-F-026-013,F-026,2025-08-16,2025-08-16T08:39:00,A2,MED,14.1,ehr_2025-08-16_F-026.csv,2025-08-16T02:13:00Z
INC-20250816-F-026-014,F-026,2025-08-16,2025-08-16T08:42:00,B2,MED,45.5,ehr_2025-08-16_F-026.csv,2025-08-16T02:14:00Z
INC-20250816-F-026-015,F-026,2025-08-16,2025-08-16T08:45:00,A1,MED,38.4,ehr_2025-08-16_F-026.csv,2025-08-16T02:15:00Z
INC-20250816-F-026-016,F-026,2025-08-16,2025-08-16T08:48:00,A1,HIGH,18.2,ehr_2025-08-16_F-026.csv,2025-08-16T02:16:00Z
INC-20250816-F-026-017,F-026,2025-08-16,2025-08-16T08:51:00,B1,MED,19.3,ehr_2025-08-16_F-026.csv,2025-08-16T02:17:00Z
INC-20250816-F-026-018,F-026,2025-08-16,2025-08-16T08:54:00,B2,HIGH,19.0,ehr_2025-08-16_F-026.csv,2025-08-16T02:18:00Z
INC-20250816-F-026-019,F-026,2025-08-16,2025-08-16T08:57:00,A3,LOW,20.6,ehr_2025-08-16_F-026.csv,2025-08-16T02:19:00Z
INC-20250816-F-026-020,F-026,2025-08-16,2025-08-16T09:00:00,B1,HIGH,33.0,ehr_2025-08-16_F-026.csv,2025-08-16T02:20:00Z
INC-20250816-F-026-021,F-026,2025-08-16,2025-08-16T09:03:00,B2,HIGH,38.9,ehr_2025-08-16_F-026.csv,2025-08-16T02:21:00Z
INC-20250816-F-027-000,F-027,2025-08-16,2025-08-16T08:00:00,A1,LOW,7.0,ehr_2025-08-16_F-027.csv,2025-08-16T02:00:00Z
INC-20250816-F-027-001,F-027,2025-08-16,2025-08-16T08:03:00,A4,HIGH,22.0,ehr_2025-08-16_F-027.csv,2025-08-16T02:01:00Z
INC-20250816-F-027-002,F-027,2025-08-16,2025-08-16T08:06:00,A4,LOW,15.7,ehr_2025-08-16_F-027.csv,2025-08-16T02:02:00Z
INC-20250816-F-027-003,F-027,2025-08-16,2025-08-16T08:09:00,B1,LOW,9.3,ehr_2025-08-16_F-027.csv,2025-08-16T02:03:00Z
INC-20250816-F-027-004,F-027,2025-08-16,2025-08-16T08:12:00,A3,LOW,34.5,ehr_2025-08-16_F-027.csv,2025-08-16T02:04:00Z
INC-20250816-F-027-005,F-027,2025-08-16,2025-08-16T08:15:00,A2,LOW,7.7,ehr_2025-08-16_F-027.csv,2025-08-16T02:05:00Z
INC-20250816-F-027-006,F-027,2025-08-16,2025-08-16T08:18:00,A3,MED,15.3,ehr_2025-08-16_F-027.csv,2025-08-16T02:06:00Z
INC-20250816-F-027-007,F-027,2025-08-16,2025-08-16T08:21:00,A3,MED,33.6,ehr_2025-08-16_F-027.csv,2025-08-16T02:07:00Z
INC-20250816-F-027-008,F-027,2025-08-16,2025-08-16T08:24:00,A1,LOW,3.2,ehr_2025-08-16_F-027.csv,2025-08-16T02:08:00Z
INC-20250816-F-027-009,F-027,2025-08-16,2025-08-16T08:27:00,A1,HIGH,22.8,ehr_2025-08-16_F-027.csv,2025-08-16T02:09:00Z
INC-20250816-F-027-010,F-027,2025-08-16,2025-08-16T08:30:00,A3,MED,39.8,ehr_2025-08-16_F-027.csv,2025-08-16T02:10:00Z
INC-20250816-F-027-011,F-027,2025-08-16,2025-08-16T08:33:00,B2,LOW,18.8,ehr_2025-08-16_F-027.csv,2025-08-16T02:11:00Z
INC-20250816-F-027-012,F-027,2025-08-16,2025-08-16T08:36:00,A2,HIGH,47.7,ehr_2025-08-16_F-027.csv,2025-08-16T02:12:00Z
INC-20250816-F-027-013,F-027,2025-08-16,2025-08-16T08:39:00,B2,LOW,25.3,ehr_2025-08-16_F-027.csv,2025-08-16T02:13:00Z
INC-20250816-F-028-000,F-028,2025-08-16,2025-08-16T08:00:00,B2,MED,45.0,ehr_2025-08-16_F-028.csv,2025-08-16T02:00:00Z
INC-20250816-F-028-001,F-028,2025-08-16,2025-08-16T08:03:00,B2,LOW,35.9,ehr_2025-08-16_F-028.csv,2025-08-16T02:01:00Z
INC-20250816-F-028-002,F-028,2025-08-16,2025-08-16T08:06:00,A1,MED,23.4,ehr_2025-08-16_F-028.csv,2025-08-16T02:02:00Z
INC-20250816-F-028-003,F-028,2025-08-16,2025-08-16T08:09:00,A3,LOW,41.5,ehr_2025-08-16_F-028.csv,2025-08-16T02:03:00Z
INC-20250816-F-028-004,F-028,2025-08-16,2025-08-16T08:12:00,A1,LOW,30.6,ehr_2025-08-16_F-028.csv,2025-08-16T02:04:00Z
INC-20250816-F-028-005,F-028,2025-08-16,2025-08-16T08:15:00,A2,MED,28.3,ehr_2025-08-16_F-028.csv,2025-08-16T02:05:00Z
INC-20250816-F-028-006,F-028,2025-08-16,2025-08-16T08:18:00,A2,LOW,46.5,ehr_2025-08-16_F-028.csv,2025-08-16T02:06:00Z
INC-20250816-F-028-007,F-028,2025-08-16,2025-08-16T08:21:00,B2,MED,33.2,ehr_2025-08-16_F-028.csv,2025-08-16T02:07:00Z
INC-20250816-F-028-008,F-028,2025-08-16,2025-08-16T08:24:00,A1,LOW,8.0,ehr_2025-08-16_F-028.csv,2025-08-16T02:08:00Z
INC-20250816-F-028-009,F-028,2025-08-16,2025-08-16T08:27:00,B1,MED,44.7,ehr_2025-08-16_F-028.csv,2025-08-16T02:09:00Z
INC-20250816-F-028-010,F-028,2025-08-16,2025-08-16T08:30:00,B2,LOW,3.3,ehr_2025-08-16_F-028.csv,2025-08-16T02:10:00Z
INC-20250816-F-029-000,F-029,2025-08-16,2025-08-16T08:00:00,B1,LOW,6.5,ehr_2025-08-16_F-029.csv,2025-08-16T02:00:00Z
INC-20250816-F-029-001,F-029,2025-08-16,2025-08-16T08:03:00,B1,HIGH,36.4,ehr_2025-08-16_F-029.csv,2025-08-16T02:01:00Z
INC-20250816-F-029-002,F-029,2025-08-16,2025-08-16T08:06:00,A4,HIGH,9.7,ehr_2025-08-16_F-029.csv,2025-08-16T02:02:00Z
INC-20250816-F-029-003,F-029,2025-08-16,2025-08-16T08:09:00,A3,HIGH,6.9,ehr_2025-08-16_F-029.csv,2025-08-16T02:03:00Z
INC-20250816-F-029-004,F-029,2025-08-16,2025-08-16T08:12:00,A4,HIGH,21.3,ehr_2025-08-16_F-029.csv,2025-08-16T02:04:00Z
INC-20250816-F-029-005,F-029,2025-08-16,2025-08-16T08:15:00,B2,MED,9.5,ehr_2025-08-16_F-029.csv,2025-08-16T02:05:00Z
INC-20250816-F-029-006,F-029,2025-08-16,2025-08-16T08:18:00,A3,MED,35.3,ehr_2025-08-16_F-029.csv,2025-08-16T02:06:00Z
INC-20250816-F-029-007,F-029,2025-08-16,2025-08-16T08:21:00,B1,HIGH,8.1,ehr_2025-08-16_F-029.csv,2025-08-16T02:07:00Z
INC-20250816-F-029-008,F-029,2025-08-16,2025-08-16T08:24:00,A4,MED,39.4,ehr_2025-08-16_F-029.csv,2025-08-16T02:08:00Z
INC-20250816-F-029-009,F-029,2025-08-16,2025-08-16T08:27:00,A4,LOW,37.4,ehr_2025-08-16_F-029.csv,2025-08-16T02:09:00Z
INC-20250816-F-029-010,F-029,2025-08-16,2025-08-16T08:30:00,B2,LOW,42.4,ehr_2025-08-16_F-029.csv,2025-08-16T02:10:00Z
INC-20250816-F-029-011,F-029,2025-08-16,2025-08-16T08:33:00,A3,HIGH,11.8,ehr_2025-08-16_F-029.csv,2025-08-16T02:11:00Z
INC-20250816-F-029-012,F-029,2025-08-16,2025-08-16T08:36:00,B2,HIGH,39.4,ehr_2025-08-16_F-029.csv,2025-08-16T02:12:00Z
INC-20250816-F-029-013,F-029,2025-08-16,2025-08-16T08:39:00,B2,MED,36.9,ehr_2025-08-16_F-029.csv,2025-08-16T02:13:00Z
INC-20250816-F-029-014,F-029,2025-08-16,2025-08-16T08:42:00,A3,MED,20.0,ehr_2025-08-16_F-029.csv,2025-08-16T02:14:00Z
INC-20250816-F-029-015,F-029,2025-08-16,2025-08-16T08:45:00,A1,HIGH,31.8,ehr_2025-08-16_F-029.csv,2025-08-16T02:15:00Z
INC-20250816-F-029-016,F-029,2025-08-16,2025-08-16T08:48:00,A2,LOW,42.0,ehr_2025-08-16_F-029.csv,2025-08-16T02:16:00Z
INC-20250816-F-029-017,F-029,2025-08-16,2025-08-16T08:51:00,A4,LOW,5.2,ehr_2025-08-16_F-029.csv,2025-08-16T02:17:00Z
INC-20250816-F-030-000,F-030,2025-08-16,2025-08-16T08:00:00,A4,HIGH,23.8,ehr_2025-08-16_F-030.csv,2025-08-16T02:00:00Z
INC-20250816-F-030-001,F-030,2025-08-16,2025-08-16T08:03:00,B1,MED,2.8,ehr_2025-08-16_F-030.csv,2025-08-16T02:01:00Z
INC-20250816-F-030-002,F-030,2025-08-16,2025-08-16T08:06:00,B2,LOW,1.1,ehr_2025-08-16_F-030.csv,2025-08-16T02:02:00Z
INC-20250816-F-030-003,F-030,2025-08-16,2025-08-16T08:09:00,B2,MED,44.6,ehr_2025-08-16_F-030.csv,2025-08-16T02:03:00Z
INC-20250816-F-030-004,F-030,2025-08-16,2025-08-16T08:12:00,A4,HIGH,3.4,ehr_2025-08-16_F-030.csv,2025-08-16T02:04:00Z
INC-20250816-F-030-005,F-030,2025-08-16,2025-08-16T08:15:00,A4,MED,38.2,ehr_2025-08-16_F-030.csv,2025-08-16T02:05:00Z
INC-20250816-F-030-006,F-030,2025-08-16,2025-08-16T08:18:00,B1,MED,25.6,ehr_2025-08-16_F-030.csv,2025-08-16T02:06:00Z
INC-20250816-F-030-007,F-030,2025-08-16,2025-08-16T08:21:00,A3,LOW,45.4,ehr_2025-08-16_F-030.csv,2025-08-16T02:07:00Z
INC-20250816-F-030-008,F-030,2025-08-16,2025-08-16T08:24:00,A1,LOW,34.9,ehr_2025-08-16_F-030.csv,2025-08-16T02:08:00Z
INC-20250816-F-030-009,F-030,2025-08-16,2025-08-16T08:27:00,A2,LOW,25.5,ehr_2025-08-16_F-030.csv,2025-08-16T02:09:00Z
INC-20250816-F-030-010,F-030,2025-08-16,2025-08-16T08:30:00,B2,LOW,27.0,ehr_2025-08-16_F-030.csv,2025-08-16T02:10:00Z
INC-20250816-F-030-011,F-030,2025-08-16,2025-08-16T08:33:00,B2,LOW,36.9,ehr_2025-08-16_F-030.csv,2025-08-16T02:11:00Z
INC-20250816-F-030-012,F-030,2025-08-16,2025-08-16T08:36:00,B2,MED,33.9,ehr_2025-08-16_F-030.csv,2025-08-16T02:12:00Z
INC-20250816-F-030-013,F-030,2025-08-16,2025-08-16T08:39:00,A1,LOW,38.1,ehr_2025-08-16_F-030.csv,2025-08-16T02:13:00Z
INC-20250816-F-030-014,F-030,2025-08-16,2025-08-16T08:42:00,B1,MED,31.7,ehr_2025-08-16_F-030.csv,2025-08-16T02:14:00Z
INC-20250816-F-030-015,F-030,2025-08-16,2025-08-16T08:45:00,B1,MED,44.8,ehr_2025-08-16_F-030.csv,2025-08-16T02:15:00Z
INC-20250816-F-030-016,F-030,2025-08-16,2025-08-16T08:48:00,B1,MED,40.6,ehr_2025-08-16_F-030.csv,2025-08-16T02:16:00Z
INC-20250817-F-001-000,F-001,2025-08-17,2025-08-17T08:00:00,A4,HIGH,15.9,ehr_2025-08-17_F-001.csv,2025-08-17T02:00:00Z
INC-20250817-F-001-001,F-001,2025-08-17,2025-08-17T08:03:00,B1,LOW,18.3,ehr_2025-08-17_F-001.csv,2025-08-17T02:01:00Z
INC-20250817-F-001-002,F-001,2025-08-17,2025-08-17T08:06:00,B2,MED,17.6,ehr_2025-08-17_F-001.csv,2025-08-17T02:02:00Z
INC-20250817-F-001-003,F-001,2025-08-17,2025-08-17T08:09:00,A4,LOW,35.0,ehr_2025-08-17_F-001.csv,2025-08-17T02:03:00Z
INC-20250817-F-001-004,F-001,2025-08-17,2025-08-17T08:12:00,B1,LOW,25.1,ehr_2025-08-17_F-001.csv,2025-08-17T02:04:00Z
INC-20250817-F-001-005,F-001,2025-08-17,2025-08-17T08:15:00,A3,LOW,14.8,ehr_2025-08-17_F-001.csv,2025-08-17T02:05:00Z
INC-20250817-F-001-006,F-001,2025-08-17,2025-08-17T08:18:00,A3,LOW,37.1,ehr_2025-08-17_F-001.csv,2025-08-17T02:06:00Z
INC-20250817-F-001-007,F-001,2025-08-17,2025-08-17T08:21:00,A3,HIGH,24.8,ehr_2025-08-17_F-001.csv,2025-08-17T02:07:00Z
INC-20250817-F-001-008,F-001,2025-08-17,2025-08-17T08:24:00,B1,LOW,5.0,ehr_2025-08-17_F-001.csv,2025-08-17T02:08:00Z
INC-20250817-F-001-009,F-001,2025-08-17,2025-08-17T08:27:00,A2,LOW,13.1,ehr_2025-08-17_F-001.csv,2025-08-17T02:09:00Z
INC-20250817-F-001-010,F-001,2025-08-17,2025-08-17T08:30:00,A2,LOW,12.7,ehr_2025-08-17_F-001.csv,2025-08-17T02:10:00Z
INC-20250817-F-001-011,F-001,2025-08-17,2025-08-17T08:33:00,B1,MED,27.5,ehr_2025-08-17_F-001.csv,2025-08-17T02:11:00Z
INC-20250817-F-001-012,F-001,2025-08-17,2025-08-17T08:36:00,A1,HIGH,15.9,ehr_2025-08-17_F-001.csv,2025-08-17T02:12:00Z
INC-20250817-F-001-013,F-001,2025-08-17,2025-08-17T08:39:00,A4,HIGH,33.9,ehr_2025-08-17_F-001.csv,2025-08-17T02:13:00Z
INC-20250817-F-002-000,F-002,2025-08-17,2025-08-17T08:00:00,B1,HIGH,14.8,ehr_2025-08-17_F-002.csv,2025-08-17T02:00:00Z
INC-20250817-F-002-001,F-002,2025-08-17,2025-08-17T08:03:00,B1,MED,4.2,ehr_2025-08-17_F-002.csv,2025-08-17T02:01:00Z
INC-20250817-F-002-002,F-002,2025-08-17,2025-08-17T08:06:00,A3,MED,42.3,ehr_2025-08-17_F-002.csv,2025-08-17T02:02:00Z
INC-20250817-F-002-003,F-002,2025-08-17,2025-08-17T08:09:00,A1,LOW,36.0,ehr_2025-08-17_F-002.csv,2025-08-17T02:03:00Z
INC-20250817-F-002-004,F-002,2025-08-17,2025-08-17T08:12:00,A1,HIGH,37.4,ehr_2025-08-17_F-002.csv,2025-08-17T02:04:00Z
INC-20250817-F-002-005,F-002,2025-08-17,2025-08-17T08:15:00,A3,HIGH,2.5,ehr_2025-08-17_F-002.csv,2025-08-17T02:05:00Z
INC-20250817-F-002-006,F-002,2025-08-17,2025-08-17T08:18:00,A2,MED,24.4,ehr_2025-08-17_F-002.csv,2025-08-17T02:06:00Z
INC-20250817-F-002-007,F-002,2025-08-17,2025-08-17T08:21:00,A1,HIGH,35.2,ehr_2025-08-17_F-002.csv,2025-08-17T02:07:00Z
INC-20250817-F-002-008,F-002,2025-08-17,2025-08-17T08:24:00,A4,HIGH,27.8,ehr_2025-08-17_F-002.csv,2025-08-17T02:08:00Z
INC-20250817-F-002-009,F-002,2025-08-17,2025-08-17T08:27:00,A4,MED,37.9,ehr_2025-08-17_F-002.csv,2025-08-17T02:09:00Z
INC-20250817-F-002-010,F-002,2025-08-17,2025-08-17T08:30:00,A3,LOW,23.1,ehr_2025-08-17_F-002.csv,2025-08-17T02:10:00Z
INC-20250817-F-002-011,F-002,2025-08-17,2025-08-17T08:33:00,B1,MED,13.0,ehr_2025-08-17_F-002.csv,2025-08-17T02:11:00Z
INC-20250817-F-002-012,F-002,2025-08-17,2025-08-17T08:36:00,A4,HIGH,6.7,ehr_2025-08-17_F-002.csv,2025-08-17T02:12:00Z
INC-20250817-F-002-013,F-002,2025-08-17,2025-08-17T08:39:00,B1,LOW,23.7,ehr_2025-08-17_F-002.csv,2025-08-17T02:13:00Z
INC-20250817-F-002-014,F-002,2025-08-17,2025-08-17T08:42:00,A2,HIGH,29.8,ehr_2025-08-17_F-002.csv,2025-08-17T02:14:00Z
INC-20250817-F-002-015,F-002,2025-08-17,2025-08-17T08:45:00,A2,LOW,3.9,ehr_2025-08-17_F-002.csv,2025-08-17T02:15:00Z
INC-20250817-F-002-016,F-002,2025-08-17,2025-08-17T08:48:00,A3,HIGH,44.4,ehr_2025-08-17_F-002.csv,2025-08-17T02:16:00Z
INC-20250817-F-002-017,F-002,2025-08-17,2025-08-17T08:51:00,B2,MED,20.6,ehr_2025-08-17_F-002.csv,2025-08-17T02:17:00Z
INC-20250817-F-002-018,F-002,2025-08-17,2025-08-17T08:54:00,A3,MED,28.7,ehr_2025-08-17_F-002.csv,2025-08-17T02:18:00Z
INC-20250817-F-002-019,F-002,2025-08-17,2025-08-17T08:57:00,??,LOW,47.4,ehr_2025-08-17_F-002.csv,2025-08-17T02:19:00Z
INC-20250817-F-002-020,F-002,2025-08-17,2025-08-17T09:00:00,A4,HIGH,7.4,ehr_2025-08-17_F-002.csv,2025-08-17T02:20:00Z
INC-20250817-F-003-000,F-003,2025-08-17,2025-08-17T08:00:00,A2,LOW,33.1,ehr_2025-08-17_F-003.csv,2025-08-17T02:00:00Z
INC-20250817-F-003-001,F-003,2025-08-17,2025-08-17T08:03:00,B2,LOW,5.8,ehr_2025-08-17_F-003.csv,2025-08-17T02:01:00Z
INC-20250817-F-003-002,F-003,2025-08-17,2025-08-17T08:06:00,B1,LOW,41.8,ehr_2025-08-17_F-003.csv,2025-08-17T02:02:00Z
INC-20250817-F-003-003,F-003,2025-08-17,2025-08-17T08:09:00,A1,MED,33.5,ehr_2025-08-17_F-003.csv,2025-08-17T02:03:00Z
INC-20250817-F-003-004,F-003,2025-08-17,2025-08-17T08:12:00,A4,MED,1.6,ehr_2025-08-17_F-003.csv,2025-08-17T02:04:00Z
INC-20250817-F-003-005,F-003,2025-08-17,2025-08-17T08:15:00,B1,LOW,10.2,ehr_2025-08-17_F-003.csv,2025-08-17T02:05:00Z
INC-20250817-F-003-006,F-003,2025-08-17,2025-08-17T08:18:00,A3,HIGH,23.4,ehr_2025-08-17_F-003.csv,2025-08-17T02:06:00Z
INC-20250817-F-003-007,F-003,2025-08-17,2025-08-17T08:21:00,A2,HIGH,33.7,ehr_2025-08-17_F-003.csv,2025-08-17T02:07:00Z
INC-20250817-F-004-000,F-004,2025-08-17,2025-08-17T08:00:00,B2,HIGH,2.6,ehr_2025-08-17_F-004.csv,2025-08-17T02:00:00Z
INC-20250817-F-004-001,F-004,2025-08-17,2025-08-17T08:03:00,A3,LOW,38.0,ehr_2025-08-17_F-004.csv,2025-08-17T02:01:00Z
INC-20250817-F-004-002,F-004,2025-08-17,2025-08-17T08:06:00,A1,MED,31.6,ehr_2025-08-17_F-004.csv,2025-08-17T02:02:00Z
INC-20250817-F-004-003,F-004,2025-08-17,2025-08-17T08:09:00,??,HIGH,13.4,ehr_2025-08-17_F-004.csv,2025-08-17T02:03:00Z
INC-20250817-F-004-004,F-004,2025-08-17,2025-08-17T08:12:00,B2,MED,41.6,ehr_2025-08-17_F-004.csv,2025-08-17T02:04:00Z
INC-20250817-F-004-005,F-004,2025-08-17,2025-08-17T08:15:00,Z9,MED,11.5,ehr_2025-08-17_F-004.csv,2025-08-17T02:05:00Z
INC-20250817-F-004-006,F-004,2025-08-17,2025-08-17T08:18:00,B2,LOW,43.4,ehr_2025-08-17_F-004.csv,2025-08-17T02:06:00Z
INC-20250817-F-004-007,F-004,2025-08-17,2025-08-17T08:21:00,B1,HIGH,4.7,ehr_2025-08-17_F-004.csv,2025-08-17T02:07:00Z
INC-20250817-F-005-000,F-005,2025-08-17,2025-08-17T08:00:00,A4,HIGH,44.5,ehr_2025-08-17_F-005.csv,2025-08-17T02:00:00Z
INC-20250817-F-005-001,F-005,2025-08-17,2025-08-17T08:03:00,XX,HIGH,15.0,ehr_2025-08-17_F-005.csv,2025-08-17T02:01:00Z
INC-20250817-F-005-002,F-005,2025-08-17,2025-08-17T08:06:00,B2,LOW,1.4,ehr_2025-08-17_F-005.csv,2025-08-17T02:02:00Z
INC-20250817-F-005-003,F-005,2025-08-17,2025-08-17T08:09:00,A3,HIGH,14.9,ehr_2025-08-17_F-005.csv,2025-08-17T02:03:00Z
INC-20250817-F-005-004,F-005,2025-08-17,2025-08-17T08:12:00,B1,MED,39.1,ehr_2025-08-17_F-005.csv,2025-08-17T02:04:00Z
INC-20250817-F-005-005,F-005,2025-08-17,2025-08-17T08:15:00,A4,LOW,45.3,ehr_2025-08-17_F-005.csv,2025-08-17T02:05:00Z
INC-20250817-F-005-006,F-005,2025-08-17,2025-08-17T08:18:00,A2,LOW,16.7,ehr_2025-08-17_F-005.csv,2025-08-17T02:06:00Z
INC-20250817-F-005-007,F-005,2025-08-17,2025-08-17T08:21:00,A2,LOW,35.2,ehr_2025-08-17_F-005.csv,2025-08-17T02:07:00Z
INC-20250817-F-005-008,F-005,2025-08-17,2025-08-17T08:24:00,B2,HIGH,42.0,ehr_2025-08-17_F-005.csv,2025-08-17T02:08:00Z
INC-20250817-F-005-009,F-005,2025-08-17,2025-08-17T08:27:00,A4,LOW,27.7,ehr_2025-08-17_F-005.csv,2025-08-17T02:09:00Z
INC-20250817-F-005-010,F-005,2025-08-17,2025-08-17T08:30:00,A3,HIGH,16.1,ehr_2025-08-17_F-005.csv,2025-08-17T02:10:00Z
INC-20250817-F-006-000,F-006,2025-08-17,2025-08-17T08:00:00,B2,LOW,28.1,ehr_2025-08-17_F-006.csv,2025-08-17T02:00:00Z
INC-20250817-F-006-001,F-006,2025-08-17,2025-08-17T08:03:00,A2,LOW,15.2,ehr_2025-08-17_F-006.csv,2025-08-17T02:01:00Z
INC-20250817-F-006-002,F-006,2025-08-17,2025-08-17T08:06:00,B1,LOW,20.9,ehr_2025-08-17_F-006.csv,2025-08-17T02:02:00Z
INC-20250817-F-006-003,F-006,2025-08-17,2025-08-17T08:09:00,A2,HIGH,44.8,ehr_2025-08-17_F-006.csv,2025-08-17T02:03:00Z
INC-20250817-F-006-004,F-006,2025-08-17,2025-08-17T08:12:00,A3,LOW,27.0,ehr_2025-08-17_F-006.csv,2025-08-17T02:04:00Z
INC-20250817-F-006-005,F-006,2025-08-17,2025-08-17T08:15:00,A1,LOW,15.6,ehr_2025-08-17_F-006.csv,2025-08-17T02:05:00Z
INC-20250817-F-006-006,F-006,2025-08-17,2025-08-17T08:18:00,B2,LOW,36.9,ehr_2025-08-17_F-006.csv,2025-08-17T02:06:00Z
INC-20250817-F-006-007,F-006,2025-08-17,2025-08-17T08:21:00,A4,MED,14.9,ehr_2025-08-17_F-006.csv,2025-08-17T02:07:00Z
INC-20250817-F-006-008,F-006,2025-08-17,2025-08-17T08:24:00,B2,HIGH,13.5,ehr_2025-08-17_F-006.csv,2025-08-17T02:08:00Z
INC-20250817-F-006-009,F-006,2025-08-17,2025-08-17T08:27:00,A1,LOW,9.3,ehr_2025-08-17_F-006.csv,2025-08-17T02:09:00Z
INC-20250817-F-006-010,F-006,2025-08-17,2025-08-17T08:30:00,B1,HIGH,13.2,ehr_2025-08-17_F-006.csv,2025-08-17T02:10:00Z
INC-20250817-F-006-011,F-006,2025-08-17,2025-08-17T08:33:00,A2,HIGH,11.5,ehr_2025-08-17_F-006.csv,2025-08-17T02:11:00Z
INC-20250817-F-006-012,F-006,2025-08-17,2025-08-17T08:36:00,A3,LOW,33.2,ehr_2025-08-17_F-006.csv,2025-08-17T02:12:00Z
INC-20250817-F-006-013,F-006,2025-08-17,2025-08-17T08:39:00,B1,HIGH,22.8,ehr_2025-08-17_F-006.csv,2025-08-17T02:13:00Z
INC-20250817-F-006-014,F-006,2025-08-17,2025-08-17T08:42:00,A2,MED,23.8,ehr_2025-08-17_F-006.csv,2025-08-17T02:14:00Z
INC-20250817-F-006-015,F-006,2025-08-17,2025-08-17T08:45:00,A2,LOW,2.0,ehr_2025-08-17_F-006.csv,2025-08-17T02:15:00Z
INC-20250817-F-007-000,F-007,2025-08-17,2025-08-17T08:00:00,A3,MED,11.1,ehr_2025-08-17_F-007.csv,2025-08-17T02:00:00Z
INC-20250817-F-007-001,F-007,2025-08-17,2025-08-17T08:03:00,A2,LOW,3.6,ehr_2025-08-17_F-007.csv,2025-08-17T02:01:00Z
INC-20250817-F-007-002,F-007,2025-08-17,2025-08-17T08:06:00,A4,HIGH,23.8,ehr_2025-08-17_F-007.csv,2025-08-17T02:02:00Z
INC-20250817-F-007-003,F-007,2025-08-17,2025-08-17T08:09:00,A4,LOW,20.8,ehr_2025-08-17_F-007.csv,2025-08-17T02:03:00Z
INC-20250817-F-007-004,F-007,2025-08-17,2025-08-17T08:12:00,B1,HIGH,39.7,ehr_2025-08-17_F-007.csv,2025-08-17T02:04:00Z
INC-20250817-F-007-005,F-007,2025-08-17,2025-08-17T08:15:00,A4,HIGH,45.1,ehr_2025-08-17_F-007.csv,2025-08-17T02:05:00Z
INC-20250817-F-007-006,F-007,2025-08-17,2025-08-17T08:18:00,B1,HIGH,31.0,ehr_2025-08-17_F-007.csv,2025-08-17T02:06:00Z
INC-20250817-F-007-007,F-007,2025-08-17,2025-08-17T08:21:00,A1,HIGH,5.7,ehr_2025-08-17_F-007.csv,2025-08-17T02:07:00Z
INC-20250817-F-007-008,F-007,2025-08-17,2025-08-17T08:24:00,A1,LOW,25.1,ehr_2025-08-17_F-007.csv,2025-08-17T02:08:00Z
INC-20250817-F-007-009,F-007,2025-08-17,2025-08-17T08:27:00,B2,LOW,27.0,ehr_2025-08-17_F-007.csv,2025-08-17T02:09:00Z
INC-20250817-F-007-010,F-007,2025-08-17,2025-08-17T08:30:00,B2,LOW,9.5,ehr_2025-08-17_F-007.csv,2025-08-17T02:10:00Z
INC-20250817-F-007-011,F-007,2025-08-17,2025-08-17T08:33:00,A3,MED,22.4,ehr_2025-08-17_F-007.csv,2025-08-17T02:11:00Z
INC-20250817-F-007-012,F-007,2025-08-17,2025-08-17T08:36:00,B1,LOW,33.3,ehr_2025-08-17_F-007.csv,2025-08-17T02:12:00Z
INC-20250817-F-007-013,F-007,2025-08-17,2025-08-17T08:39:00,A4,HIGH,22.0,ehr_2025-08-17_F-007.csv,2025-08-17T02:13:00Z
INC-20250817-F-007-014,F-007,2025-08-17,2025-08-17T08:42:00,A1,LOW,37.5,ehr_2025-08-17_F-007.csv,2025-08-17T02:14:00Z
INC-20250817-F-007-015,F-007,2025-08-17,2025-08-17T08:45:00,B2,HIGH,6.9,ehr_2025-08-17_F-007.csv,2025-08-17T02:15:00Z
INC-20250817-F-007-016,F-007,2025-08-17,2025-08-17T08:48:00,A4,LOW,9.0,ehr_2025-08-17_F-007.csv,2025-08-17T02:16:00Z
INC-20250817-F-007-017,F-007,2025-08-17,2025-08-17T08:51:00,B2,LOW,42.4,ehr_2025-08-17_F-007.csv,2025-08-17T02:17:00Z
INC-20250817-F-007-018,F-007,2025-08-17,2025-08-17T08:54:00,A3,HIGH,31.3,ehr_2025-08-17_F-007.csv,2025-08-17T02:18:00Z
INC-20250817-F-007-019,F-007,2025-08-17,2025-08-17T08:57:00,A2,HIGH,35.3,ehr_2025-08-17_F-007.csv,2025-08-17T02:19:00Z
INC-20250817-F-008-000,F-008,2025-08-17,2025-08-17T08:00:00,A4,HIGH,17.7,ehr_2025-08-17_F-008.csv,2025-08-17T02:00:00Z
INC-20250817-F-008-001,F-008,2025-08-17,2025-08-17T08:03:00,A4,HIGH,38.1,ehr_2025-08-17_F-008.csv,2025-08-17T02:01:00Z
INC-20250817-F-008-002,F-008,2025-08-17,2025-08-17T08:06:00,A2,MED,26.6,ehr_2025-08-17_F-008.csv,2025-08-17T02:02:00Z
INC-20250817-F-008-003,F-008,2025-08-17,2025-08-17T08:09:00,A2,MED,27.4,ehr_2025-08-17_F-008.csv,2025-08-17T02:03:00Z
INC-20250817-F-008-004,F-008,2025-08-17,2025-08-17T08:12:00,A2,LOW,41.8,ehr_2025-08-17_F-008.csv,2025-08-17T02:04:00Z
INC-20250817-F-008-005,F-008,2025-08-17,2025-08-17T08:15:00,B2,LOW,20.4,ehr_2025-08-17_F-008.csv,2025-08-17T02:05:00Z
INC-20250817-F-008-006,F-008,2025-08-17,2025-08-17T08:18:00,A4,MED,30.3,ehr_2025-08-17_F-008.csv,2025-08-17T02:06:00Z
INC-20250817-F-008-007,F-008,2025-08-17,2025-08-17T08:21:00,A2,LOW,0.7,ehr_2025-08-17_F-008.csv,2025-08-17T02:07:00Z
INC-20250817-F-008-008,F-008,2025-08-17,2025-08-17T08:24:00,A1,MED,24.1,ehr_2025-08-17_F-008.csv,2025-08-17T02:08:00Z
INC-20250817-F-009-000,F-009,2025-08-17,2025-08-17T08:00:00,A1,HIGH,42.4,ehr_2025-08-17_F-009.csv,2025-08-17T02:00:00Z
INC-20250817-F-009-001,F-009,2025-08-17,2025-08-17T08:03:00,B1,HIGH,23.1,ehr_2025-08-17_F-009.csv,2025-08-17T02:01:00Z
INC-20250817-F-009-002,F-009,2025-08-17,2025-08-17T08:06:00,A1,HIGH,29.0,ehr_2025-08-17_F-009.csv,2025-08-17T02:02:00Z
INC-20250817-F-009-003,F-009,2025-08-17,2025-08-17T08:09:00,B1,MED,29.9,ehr_2025-08-17_F-009.csv,2025-08-17T02:03:00Z
INC-20250817-F-009-004,F-009,2025-08-17,2025-08-17T08:12:00,A2,LOW,9.3,ehr_2025-08-17_F-009.csv,2025-08-17T02:04:00Z
INC-20250817-F-009-005,F-009,2025-08-17,2025-08-17T08:15:00,A3,LOW,7.4,ehr_2025-08-17_F-009.csv,2025-08-17T02:05:00Z
INC-20250817-F-009-006,F-009,2025-08-17,2025-08-17T08:18:00,B1,HIGH,14.7,ehr_2025-08-17_F-009.csv,2025-08-17T02:06:00Z
INC-20250817-F-009-007,F-009,2025-08-17,2025-08-17T08:21:00,A1,LOW,20.3,ehr_2025-08-17_F-009.csv,2025-08-17T02:07:00Z
INC-20250817-F-009-008,F-009,2025-08-17,2025-08-17T08:24:00,B2,MED,29.5,ehr_2025-08-17_F-009.csv,2025-08-17T02:08:00Z
INC-20250817-F-009-009,F-009,2025-08-17,2025-08-17T08:27:00,B1,HIGH,37.9,ehr_2025-08-17_F-009.csv,2025-08-17T02:09:00Z
INC-20250817-F-009-010,F-009,2025-08-17,2025-08-17T08:30:00,A4,HIGH,28.0,ehr_2025-08-17_F-009.csv,2025-08-17T02:10:00Z
INC-20250817-F-009-011,F-009,2025-08-17,2025-08-17T08:33:00,A1,MED,15.8,ehr_2025-08-17_F-009.csv,2025-08-17T02:11:00Z
INC-20250817-F-009-012,F-009,2025-08-17,2025-08-17T08:36:00,A1,MED,40.6,ehr_2025-08-17_F-009.csv,2025-08-17T02:12:00Z
INC-20250817-F-009-013,F-009,2025-08-17,2025-08-17T08:39:00,A4,LOW,6.3,ehr_2025-08-17_F-009.csv,2025-08-17T02:13:00Z
INC-20250817-F-009-014,F-009,2025-08-17,2025-08-17T08:42:00,A3,HIGH,20.2,ehr_2025-08-17_F-009.csv,2025-08-17T02:14:00Z
INC-20250817-F-010-000,F-010,2025-08-17,2025-08-17T08:00:00,B1,LOW,5.7,ehr_2025-08-17_F-010.csv,2025-08-17T02:00:00Z
INC-20250817-F-010-001,F-010,2025-08-17,2025-08-17T08:03:00,B2,HIGH,47.4,ehr_2025-08-17_F-010.csv,2025-08-17T02:01:00Z
INC-20250817-F-010-002,F-010,2025-08-17,2025-08-17T08:06:00,B2,HIGH,44.9,ehr_2025-08-17_F-010.csv,2025-08-17T02:02:00Z
INC-20250817-F-010-003,F-010,2025-08-17,2025-08-17T08:09:00,A3,MED,29.4,ehr_2025-08-17_F-010.csv,2025-08-17T02:03:00Z
INC-20250817-F-010-004,F-010,2025-08-17,2025-08-17T08:12:00,B1,HIGH,47.8,ehr_2025-08-17_F-010.csv,2025-08-17T02:04:00Z
INC-20250817-F-010-005,F-010,2025-08-17,2025-08-17T08:15:00,A2,HIGH,27.2,ehr_2025-08-17_F-010.csv,2025-08-17T02:05:00Z
INC-20250817-F-010-006,F-010,2025-08-17,2025-08-17T08:18:00,B2,MED,23.9,ehr_2025-08-17_F-010.csv,2025-08-17T02:06:00Z
INC-20250817-F-010-007,F-010,2025-08-17,2025-08-17T08:21:00,B1,LOW,34.2,ehr_2025-08-17_F-010.csv,2025-08-17T02:07:00Z
INC-20250817-F-010-008,F-010,2025-08-17,2025-08-17T08:24:00,A1,LOW,1.6,ehr_2025-08-17_F-010.csv,2025-08-17T02:08:00Z
INC-20250817-F-010-009,F-010,2025-08-17,2025-08-17T08:27:00,A1,HIGH,40.8,ehr_2025-08-17_F-010.csv,2025-08-17T02:09:00Z
INC-20250817-F-010-010,F-010,2025-08-17,2025-08-17T08:30:00,A4,MED,2.7,ehr_2025-08-17_F-010.csv,2025-08-17T02:10:00Z
INC-20250817-F-011-000,F-011,2025-08-17,2025-08-17T08:00:00,B2,LOW,1.0,ehr_2025-08-17_F-011.csv,2025-08-17T02:00:00Z
INC-20250817-F-011-001,F-011,2025-08-17,2025-08-17T08:03:00,A3,MED,38.0,ehr_2025-08-17_F-011.csv,2025-08-17T02:01:00Z
INC-20250817-F-011-002,F-011,2025-08-17,2025-08-17T08:06:00,B1,HIGH,15.9,ehr_2025-08-17_F-011.csv,2025-08-17T02:02:00Z
INC-20250817-F-011-003,F-011,2025-08-17,2025-08-17T08:09:00,Z9,MED,16.7,ehr_2025-08-17_F-011.csv,2025-08-17T02:03:00Z
INC-20250817-F-011-004,F-011,2025-08-17,2025-08-17T08:12:00,B1,LOW,40.0,ehr_2025-08-17_F-011.csv,2025-08-17T02:04:00Z
INC-20250817-F-011-005,F-011,2025-08-17,2025-08-17T08:15:00,A3,HIGH,23.3,ehr_2025-08-17_F-011.csv,2025-08-17T02:05:00Z
INC-20250817-F-011-006,F-011,2025-08-17,2025-08-17T08:18:00,A1,HIGH,6.9,ehr_2025-08-17_F-011.csv,2025-08-17T02:06:00Z
INC-20250817-F-011-007,F-011,2025-08-17,2025-08-17T08:21:00,A4,HIGH,43.1,ehr_2025-08-17_F-011.csv,2025-08-17T02:07:00Z
INC-20250817-F-011-008,F-011,2025-08-17,2025-08-17T08:24:00,A4,HIGH,3.2,ehr_2025-08-17_F-011.csv,2025-08-17T02:08:00Z
INC-20250817-F-011-009,F-011,2025-08-17,2025-08-17T08:27:00,B1,HIGH,32.7,ehr_2025-08-17_F-011.csv,2025-08-17T02:09:00Z
INC-20250817-F-011-010,F-011,2025-08-17,2025-08-17T08:30:00,A1,LOW,27.9,ehr_2025-08-17_F-011.csv,2025-08-17T02:10:00Z
INC-20250817-F-011-011,F-011,2025-08-17,2025-08-17T08:33:00,A3,LOW,46.6,ehr_2025-08-17_F-011.csv,2025-08-17T02:11:00Z
INC-20250817-F-011-012,F-011,2025-08-17,2025-08-17T08:36:00,A1,MED,47.2,ehr_2025-08-17_F-011.csv,2025-08-17T02:12:00Z
INC-20250817-F-012-000,F-012,2025-08-17,2025-08-17T08:00:00,A2,HIGH,29.3,ehr_2025-08-17_F-012.csv,2025-08-17T02:00:00Z
INC-20250817-F-012-001,F-012,2025-08-17,2025-08-17T08:03:00,A1,MED,34.0,ehr_2025-08-17_F-012.csv,2025-08-17T02:01:00Z
INC-20250817-F-012-002,F-012,2025-08-17,2025-08-17T08:06:00,A1,MED,20.2,ehr_2025-08-17_F-012.csv,2025-08-17T02:02:00Z
INC-20250817-F-012-003,F-012,2025-08-17,2025-08-17T08:09:00,A2,MED,22.0,ehr_2025-08-17_F-012.csv,2025-08-17T02:03:00Z
INC-20250817-F-012-004,F-012,2025-08-17,2025-08-17T08:12:00,A2,HIGH,14.9,ehr_2025-08-17_F-012.csv,2025-08-17T02:04:00Z
INC-20250817-F-012-005,F-012,2025-08-17,2025-08-17T08:15:00,A1,LOW,43.9,ehr_2025-08-17_F-012.csv,2025-08-17T02:05:00Z
INC-20250817-F-012-006,F-012,2025-08-17,2025-08-17T08:18:00,A1,MED,43.5,ehr_2025-08-17_F-012.csv,2025-08-17T02:06:00Z
INC-20250817-F-012-007,F-012,2025-08-17,2025-08-17T08:21:00,A3,MED,35.3,ehr_2025-08-17_F-012.csv,2025-08-17T02:07:00Z
INC-20250817-F-012-008,F-012,2025-08-17,2025-08-17T08:24:00,A3,LOW,37.1,ehr_2025-08-17_F-012.csv,2025-08-17T02:08:00Z
INC-20250817-F-012-009,F-012,2025-08-17,2025-08-17T08:27:00,B1,HIGH,47.7,ehr_2025-08-17_F-012.csv,2025-08-17T02:09:00Z
INC-20250817-F-012-010,F-012,2025-08-17,2025-08-17T08:30:00,A1,MED,18.9,ehr_2025-08-17_F-012.csv,2025-08-17T02:10:00Z
INC-20250817-F-012-011,F-012,2025-08-17,2025-08-17T08:33:00,A1,LOW,15.3,ehr_2025-08-17_F-012.csv,2025-08-17T02:11:00Z
INC-20250817-F-012-012,F-012,2025-08-17,2025-08-17T08:36:00,B1,LOW,16.3,ehr_2025-08-17_F-012.csv,2025-08-17T02:12:00Z
INC-20250817-F-012-013,F-012,2025-08-17,2025-08-17T08:39:00,A1,HIGH,36.9,ehr_2025-08-17_F-012.csv,2025-08-17T02:13:00Z
INC-20250817-F-012-014,F-012,2025-08-17,2025-08-17T08:42:00,A1,HIGH,36.5,ehr_2025-08-17_F-012.csv,2025-08-17T02:14:00Z
INC-20250817-F-012-015,F-012,2025-08-17,2025-08-17T08:45:00,A2,MED,10.0,ehr_2025-08-17_F-012.csv,2025-08-17T02:15:00Z
INC-20250817-F-012-016,F-012,2025-08-17,2025-08-17T08:48:00,B1,MED,37.2,ehr_2025-08-17_F-012.csv,2025-08-17T02:16:00Z
INC-20250817-F-012-017,F-012,2025-08-17,2025-08-17T08:51:00,A3,LOW,8.0,ehr_2025-08-17_F-012.csv,2025-08-17T02:17:00Z
INC-20250817-F-013-000,F-013,2025-08-17,2025-08-17T08:00:00,Z9,HIGH,24.9,ehr_2025-08-17_F-013.csv,2025-08-17T02:00:00Z
INC-20250817-F-013-001,F-013,2025-08-17,2025-08-17T08:03:00,A3,HIGH,15.6,ehr_2025-08-17_F-013.csv,2025-08-17T02:01:00Z
INC-20250817-F-013-002,F-013,2025-08-17,2025-08-17T08:06:00,B2,MED,27.8,ehr_2025-08-17_F-013.csv,2025-08-17T02:02:00Z
INC-20250817-F-013-003,F-013,2025-08-17,2025-08-17T08:09:00,A3,HIGH,42.9,ehr_2025-08-17_F-013.csv,2025-08-17T02:03:00Z
INC-20250817-F-013-004,F-013,2025-08-17,2025-08-17T08:12:00,A1,LOW,1.9,ehr_2025-08-17_F-013.csv,2025-08-17T02:04:00Z
INC-20250817-F-013-005,F-013,2025-08-17,2025-08-17T08:15:00,A1,LOW,18.7,ehr_2025-08-17_F-013.csv,2025-08-17T02:05:00Z
INC-20250817-F-013-006,F-013,2025-08-17,2025-08-17T08:18:00,A4,LOW,34.0,ehr_2025-08-17_F-013.csv,2025-08-17T02:06:00Z
INC-20250817-F-013-007,F-013,2025-08-17,2025-08-17T08:21:00,B2,HIGH,33.7,ehr_2025-08-17_F-013.csv,2025-08-17T02:07:00Z
INC-20250817-F-013-008,F-013,2025-08-17,2025-08-17T08:24:00,A3,MED,39.3,ehr_2025-08-17_F-013.csv,2025-08-17T02:08:00Z
INC-20250817-F-014-000,F-014,2025-08-17,2025-08-17T08:00:00,B1,LOW,46.7,ehr_2025-08-17_F-014.csv,2025-08-17T02:00:00Z
INC-20250817-F-014-001,F-014,2025-08-17,2025-08-17T08:03:00,A4,HIGH,6.8,ehr_2025-08-17_F-014.csv,2025-08-17T02:01:00Z
INC-20250817-F-014-002,F-014,2025-08-17,2025-08-17T08:06:00,B2,MED,5.1,ehr_2025-08-17_F-014.csv,2025-08-17T02:02:00Z
INC-20250817-F-014-003,F-014,2025-08-17,2025-08-17T08:09:00,B2,HIGH,36.9,ehr_2025-08-17_F-014.csv,2025-08-17T02:03:00Z
INC-20250817-F-014-004,F-014,2025-08-17,2025-08-17T08:12:00,A2,LOW,41.4,ehr_2025-08-17_F-014.csv,2025-08-17T02:04:00Z
INC-20250817-F-014-005,F-014,2025-08-17,2025-08-17T08:15:00,A3,MED,9.2,ehr_2025-08-17_F-014.csv,2025-08-17T02:05:00Z
INC-20250817-F-014-006,F-014,2025-08-17,2025-08-17T08:18:00,A3,MED,22.0,ehr_2025-08-17_F-014.csv,2025-08-17T02:06:00Z
INC-20250817-F-014-007,F-014,2025-08-17,2025-08-17T08:21:00,A4,LOW,17.2,ehr_2025-08-17_F-014.csv,2025-08-17T02:07:00Z
INC-20250817-F-014-008,F-014,2025-08-17,2025-08-17T08:24:00,A2,MED,37.0,ehr_2025-08-17_F-014.csv,2025-08-17T02:08:00Z
INC-20250817-F-014-009,F-014,2025-08-17,2025-08-17T08:27:00,A2,HIGH,5.4,ehr_2025-08-17_F-014.csv,2025-08-17T02:09:00Z
INC-20250817-F-014-010,F-014,2025-08-17,2025-08-17T08:30:00,A1,MED,26.9,ehr_2025-08-17_F-014.csv,2025-08-17T02:10:00Z
INC-20250817-F-014-011,F-014,2025-08-17,2025-08-17T08:33:00,A3,HIGH,22.4,ehr_2025-08-17_F-014.csv,2025-08-17T02:11:00Z
INC-20250817-F-014-012,F-014,2025-08-17,2025-08-17T08:36:00,A2,HIGH,12.1,ehr_2025-08-17_F-014.csv,2025-08-17T02:12:00Z
INC-20250817-F-014-013,F-014,2025-08-17,2025-08-17T08:39:00,A4,MED,3.6,ehr_2025-08-17_F-014.csv,2025-08-17T02:13:00Z
INC-20250817-F-014-014,F-014,2025-08-17,2025-08-17T08:42:00,B2,HIGH,21.0,ehr_2025-08-17_F-014.csv,2025-08-17T02:14:00Z
INC-20250817-F-014-015,F-014,2025-08-17,2025-08-17T08:45:00,B1,MED,26.4,ehr_2025-08-17_F-014.csv,2025-08-17T02:15:00Z
INC-20250817-F-014-016,F-014,2025-08-17,2025-08-17T08:48:00,B2,HIGH,4.2,ehr_2025-08-17_F-014.csv,2025-08-17T02:16:00Z
INC-20250817-F-014-017,F-014,2025-08-17,2025-08-17T08:51:00,B1,MED,5.9,ehr_2025-08-17_F-014.csv,2025-08-17T02:17:00Z
INC-20250817-F-014-018,F-014,2025-08-17,2025-08-17T08:54:00,A3,HIGH,5.1,ehr_2025-08-17_F-014.csv,2025-08-17T02:18:00Z
INC-20250817-F-015-000,F-015,2025-08-17,2025-08-17T08:00:00,A4,LOW,28.9,ehr_2025-08-17_F-015.csv,2025-08-17T02:00:00Z
INC-20250817-F-015-001,F-015,2025-08-17,2025-08-17T08:03:00,B1,MED,16.1,ehr_2025-08-17_F-015.csv,2025-08-17T02:01:00Z
INC-20250817-F-015-002,F-015,2025-08-17,2025-08-17T08:06:00,A1,LOW,10.8,ehr_2025-08-17_F-015.csv,2025-08-17T02:02:00Z
INC-20250817-F-015-003,F-015,2025-08-17,2025-08-17T08:09:00,B1,HIGH,39.0,ehr_2025-08-17_F-015.csv,2025-08-17T02:03:00Z
INC-20250817-F-015-004,F-015,2025-08-17,2025-08-17T08:12:00,B2,LOW,22.0,ehr_2025-08-17_F-015.csv,2025-08-17T02:04:00Z
INC-20250817-F-015-005,F-015,2025-08-17,2025-08-17T08:15:00,B1,HIGH,21.7,ehr_2025-08-17_F-015.csv,2025-08-17T02:05:00Z
INC-20250817-F-015-006,F-015,2025-08-17,2025-08-17T08:18:00,A3,MED,27.6,ehr_2025-08-17_F-015.csv,2025-08-17T02:06:00Z
INC-20250817-F-015-007,F-015,2025-08-17,2025-08-17T08:21:00,A3,MED,34.6,ehr_2025-08-17_F-015.csv,2025-08-17T02:07:00Z
INC-20250817-F-015-008,F-015,2025-08-17,2025-08-17T08:24:00,A1,HIGH,0.9,ehr_2025-08-17_F-015.csv,2025-08-17T02:08:00Z
INC-20250817-F-015-009,F-015,2025-08-17,2025-08-17T08:27:00,A4,LOW,41.0,ehr_2025-08-17_F-015.csv,2025-08-17T02:09:00Z
INC-20250817-F-015-010,F-015,2025-08-17,2025-08-17T08:30:00,B1,LOW,0.5,ehr_2025-08-17_F-015.csv,2025-08-17T02:10:00Z
INC-20250817-F-015-011,F-015,2025-08-17,2025-08-17T08:33:00,A3,LOW,41.4,ehr_2025-08-17_F-015.csv,2025-08-17T02:11:00Z
INC-20250817-F-015-012,F-015,2025-08-17,2025-08-17T08:36:00,A2,MED,33.9,ehr_2025-08-17_F-015.csv,2025-08-17T02:12:00Z
INC-20250817-F-015-013,F-015,2025-08-17,2025-08-17T08:39:00,A3,HIGH,18.7,ehr_2025-08-17_F-015.csv,2025-08-17T02:13:00Z
INC-20250817-F-015-014,F-015,2025-08-17,2025-08-17T08:42:00,B1,LOW,32.0,ehr_2025-08-17_F-015.csv,2025-08-17T02:14:00Z
INC-20250817-F-016-000,F-016,2025-08-17,2025-08-17T08:00:00,B1,MED,40.6,ehr_2025-08-17_F-016.csv,2025-08-17T02:00:00Z
INC-20250817-F-016-001,F-016,2025-08-17,2025-08-17T08:03:00,A4,LOW,14.2,ehr_2025-08-17_F-016.csv,2025-08-17T02:01:00Z
INC-20250817-F-016-002,F-016,2025-08-17,2025-08-17T08:06:00,A2,LOW,1.1,ehr_2025-08-17_F-016.csv,2025-08-17T02:02:00Z
INC-20250817-F-016-003,F-016,2025-08-17,2025-08-17T08:09:00,A2,HIGH,42.5,ehr_2025-08-17_F-016.csv,2025-08-17T02:03:00Z
INC-20250817-F-016-004,F-016,2025-08-17,2025-08-17T08:12:00,A2,LOW,7.0,ehr_2025-08-17_F-016.csv,2025-08-17T02:04:00Z
INC-20250817-F-016-005,F-016,2025-08-17,2025-08-17T08:15:00,A4,HIGH,29.2,ehr_2025-08-17_F-016.csv,2025-08-17T02:05:00Z
INC-20250817-F-016-006,F-016,2025-08-17,2025-08-17T08:18:00,A2,MED,24.7,ehr_2025-08-17_F-016.csv,2025-08-17T02:06:00Z
INC-20250817-F-016-007,F-016,2025-08-17,2025-08-17T08:21:00,A4,MED,17.4,ehr_2025-08-17_F-016.csv,2025-08-17T02:07:00Z
INC-20250817-F-016-008,F-016,2025-08-17,2025-08-17T08:24:00,B1,LOW,28.0,ehr_2025-08-17_F-016.csv,2025-08-17T02:08:00Z
INC-20250817-F-016-009,F-016,2025-08-17,2025-08-17T08:27:00,A2,HIGH,24.3,ehr_2025-08-17_F-016.csv,2025-08-17T02:09:00Z
INC-20250817-F-016-010,F-016,2025-08-17,2025-08-17T08:30:00,B1,HIGH,17.9,ehr_2025-08-17_F-016.csv,2025-08-17T02:10:00Z
INC-20250817-F-016-011,F-016,2025-08-17,2025-08-17T08:33:00,B1,MED,34.0,ehr_2025-08-17_F-016.csv,2025-08-17T02:11:00Z
INC-20250817-F-016-012,F-016,2025-08-17,2025-08-17T08:36:00,A4,HIGH,4.3,ehr_2025-08-17_F-016.csv,2025-08-17T02:12:00Z
INC-20250817-F-016-013,F-016,2025-08-17,2025-08-17T08:39:00,B1,MED,22.6,ehr_2025-08-17_F-016.csv,2025-08-17T02:13:00Z
INC-20250817-F-016-014,F-016,2025-08-17,2025-08-17T08:42:00,B1,LOW,12.1,ehr_2025-08-17_F-016.csv,2025-08-17T02:14:00Z
INC-20250817-F-017-000,F-017,2025-08-17,2025-08-17T08:00:00,B2,LOW,33.0,ehr_2025-08-17_F-017.csv,2025-08-17T02:00:00Z
INC-20250817-F-017-001,F-017,2025-08-17,2025-08-17T08:03:00,B1,MED,29.6,ehr_2025-08-17_F-017.csv,2025-08-17T02:01:00Z
INC-20250817-F-017-002,F-017,2025-08-17,2025-08-17T08:06:00,B1,LOW,22.8,ehr_2025-08-17_F-017.csv,2025-08-17T02:02:00Z
INC-20250817-F-017-003,F-017,2025-08-17,2025-08-17T08:09:00,A4,HIGH,35.4,ehr_2025-08-17_F-017.csv,2025-08-17T02:03:00Z
INC-20250817-F-017-004,F-017,2025-08-17,2025-08-17T08:12:00,A3,MED,8.5,ehr_2025-08-17_F-017.csv,2025-08-17T02:04:00Z
INC-20250817-F-017-005,F-017,2025-08-17,2025-08-17T08:15:00,B1,HIGH,14.9,ehr_2025-08-17_F-017.csv,2025-08-17T02:05:00Z
INC-20250817-F-017-006,F-017,2025-08-17,2025-08-17T08:18:00,A3,LOW,30.4,ehr_2025-08-17_F-017.csv,2025-08-17T02:06:00Z
INC-20250817-F-017-007,F-017,2025-08-17,2025-08-17T08:21:00,B1,LOW,31.7,ehr_2025-08-17_F-017.csv,2025-08-17T02:07:00Z
INC-20250817-F-017-008,F-017,2025-08-17,2025-08-17T08:24:00,B2,HIGH,1.8,ehr_2025-08-17_F-017.csv,2025-08-17T02:08:00Z
INC-20250817-F-017-009,F-017,2025-08-17,2025-08-17T08:27:00,A2,HIGH,4.2,ehr_2025-08-17_F-017.csv,2025-08-17T02:09:00Z
INC-20250817-F-017-010,F-017,2025-08-17,2025-08-17T08:30:00,A3,LOW,29.8,ehr_2025-08-17_F-017.csv,2025-08-17T02:10:00Z
INC-20250817-F-017-011,F-017,2025-08-17,2025-08-17T08:33:00,A3,LOW,35.7,ehr_2025-08-17_F-017.csv,2025-08-17T02:11:00Z
INC-20250817-F-017-012,F-017,2025-08-17,2025-08-17T08:36:00,B1,HIGH,7.7,ehr_2025-08-17_F-017.csv,2025-08-17T02:12:00Z
INC-20250817-F-017-013,F-017,2025-08-17,2025-08-17T08:39:00,A2,MED,37.7,ehr_2025-08-17_F-017.csv,2025-08-17T02:13:00Z
INC-20250817-F-017-014,F-017,2025-08-17,2025-08-17T08:42:00,A2,HIGH,41.4,ehr_2025-08-17_F-017.csv,2025-08-17T02:14:00Z
INC-20250817-F-017-015,F-017,2025-08-17,2025-08-17T08:45:00,A1,LOW,28.8,ehr_2025-08-17_F-017.csv,2025-08-17T02:15:00Z
INC-20250817-F-017-016,F-017,2025-08-17,2025-08-17T08:48:00,A4,MED,37.1,ehr_2025-08-17_F-017.csv,2025-08-17T02:16:00Z
INC-20250817-F-017-017,F-017,2025-08-17,2025-08-17T08:51:00,A4,HIGH,30.8,ehr_2025-08-17_F-017.csv,2025-08-17T02:17:00Z
INC-20250817-F-018-000,F-018,2025-08-17,2025-08-17T08:00:00,A3,LOW,31.0,ehr_2025-08-17_F-018.csv,2025-08-17T02:00:00Z
INC-20250817-F-018-001,F-018,2025-08-17,2025-08-17T08:03:00,A1,LOW,8.5,ehr_2025-08-17_F-018.csv,2025-08-17T02:01:00Z
INC-20250817-F-018-002,F-018,2025-08-17,2025-08-17T08:06:00,A3,MED,35.9,ehr_2025-08-17_F-018.csv,2025-08-17T02:02:00Z
INC-20250817-F-018-003,F-018,2025-08-17,2025-08-17T08:09:00,B1,LOW,18.5,ehr_2025-08-17_F-018.csv,2025-08-17T02:03:00Z
INC-20250817-F-018-004,F-018,2025-08-17,2025-08-17T08:12:00,A4,MED,7.4,ehr_2025-08-17_F-018.csv,2025-08-17T02:04:00Z
INC-20250817-F-018-005,F-018,2025-08-17,2025-08-17T08:15:00,A1,MED,44.5,ehr_2025-08-17_F-018.csv,2025-08-17T02:05:00Z
INC-20250817-F-018-006,F-018,2025-08-17,2025-08-17T08:18:00,B2,MED,46.2,ehr_2025-08-17_F-018.csv,2025-08-17T02:06:00Z
INC-20250817-F-018-007,F-018,2025-08-17,2025-08-17T08:21:00,A1,LOW,44.1,ehr_2025-08-17_F-018.csv,2025-08-17T02:07:00Z
INC-20250817-F-018-008,F-018,2025-08-17,2025-08-17T08:24:00,A4,HIGH,44.1,ehr_2025-08-17_F-018.csv,2025-08-17T02:08:00Z
INC-20250817-F-018-009,F-018,2025-08-17,2025-08-17T08:27:00,A3,MED,13.2,ehr_2025-08-17_F-018.csv,2025-08-17T02:09:00Z
INC-20250817-F-018-010,F-018,2025-08-17,2025-08-17T08:30:00,B2,HIGH,19.1,ehr_2025-08-17_F-018.csv,2025-08-17T02:10:00Z
INC-20250817-F-019-000,F-019,2025-08-17,2025-08-17T08:00:00,A2,HIGH,32.4,ehr_2025-08-17_F-019.csv,2025-08-17T02:00:00Z
INC-20250817-F-019-001,F-019,2025-08-17,2025-08-17T08:03:00,B1,MED,32.7,ehr_2025-08-17_F-019.csv,2025-08-17T02:01:00Z
INC-20250817-F-019-002,F-019,2025-08-17,2025-08-17T08:06:00,A3,HIGH,1.0,ehr_2025-08-17_F-019.csv,2025-08-17T02:02:00Z
INC-20250817-F-019-003,F-019,2025-08-17,2025-08-17T08:09:00,XX,LOW,20.0,ehr_2025-08-17_F-019.csv,2025-08-17T02:03:00Z
INC-20250817-F-019-004,F-019,2025-08-17,2025-08-17T08:12:00,B2,MED,17.2,ehr_2025-08-17_F-019.csv,2025-08-17T02:04:00Z
INC-20250817-F-019-005,F-019,2025-08-17,2025-08-17T08:15:00,A3,LOW,2.1,ehr_2025-08-17_F-019.csv,2025-08-17T02:05:00Z
INC-20250817-F-019-006,F-019,2025-08-17,2025-08-17T08:18:00,A1,HIGH,31.7,ehr_2025-08-17_F-019.csv,2025-08-17T02:06:00Z
INC-20250817-F-019-007,F-019,2025-08-17,2025-08-17T08:21:00,B1,HIGH,6.3,ehr_2025-08-17_F-019.csv,2025-08-17T02:07:00Z
INC-20250817-F-019-008,F-019,2025-08-17,2025-08-17T08:24:00,A1,HIGH,6.7,ehr_2025-08-17_F-019.csv,2025-08-17T02:08:00Z
INC-20250817-F-019-009,F-019,2025-08-17,2025-08-17T08:27:00,B2,HIGH,38.7,ehr_2025-08-17_F-019.csv,2025-08-17T02:09:00Z
INC-20250817-F-019-010,F-019,2025-08-17,2025-08-17T08:30:00,A1,HIGH,9.3,ehr_2025-08-17_F-019.csv,2025-08-17T02:10:00Z
INC-20250817-F-019-011,F-019,2025-08-17,2025-08-17T08:33:00,B2,LOW,30.8,ehr_2025-08-17_F-019.csv,2025-08-17T02:11:00Z
INC-20250817-F-019-012,F-019,2025-08-17,2025-08-17T08:36:00,A3,MED,33.4,ehr_2025-08-17_F-019.csv,2025-08-17T02:12:00Z
INC-20250817-F-019-013,F-019,2025-08-17,2025-08-17T08:39:00,A3,MED,8.2,ehr_2025-08-17_F-019.csv,2025-08-17T02:13:00Z
INC-20250817-F-019-014,F-019,2025-08-17,2025-08-17T08:42:00,A1,MED,19.0,ehr_2025-08-17_F-019.csv,2025-08-17T02:14:00Z
INC-20250817-F-019-015,F-019,2025-08-17,2025-08-17T08:45:00,A3,MED,9.0,ehr_2025-08-17_F-019.csv,2025-08-17T02:15:00Z
INC-20250817-F-019-016,F-019,2025-08-17,2025-08-17T08:48:00,A2,HIGH,19.2,ehr_2025-08-17_F-019.csv,2025-08-17T02:16:00Z
INC-20250817-F-019-017,F-019,2025-08-17,2025-08-17T08:51:00,A1,LOW,26.2,ehr_2025-08-17_F-019.csv,2025-08-17T02:17:00Z
INC-20250817-F-019-018,F-019,2025-08-17,2025-08-17T08:54:00,B1,HIGH,5.5,ehr_2025-08-17_F-019.csv,2025-08-17T02:18:00Z
INC-20250817-F-019-019,F-019,2025-08-17,2025-08-17T08:57:00,A3,LOW,2.2,ehr_2025-08-17_F-019.csv,2025-08-17T02:19:00Z
INC-20250817-F-020-000,F-020,2025-08-17,2025-08-17T08:00:00,A3,MED,1.4,ehr_2025-08-17_F-020.csv,2025-08-17T02:00:00Z
INC-20250817-F-020-001,F-020,2025-08-17,2025-08-17T08:03:00,B2,HIGH,0.5,ehr_2025-08-17_F-020.csv,2025-08-17T02:01:00Z
INC-20250817-F-020-002,F-020,2025-08-17,2025-08-17T08:06:00,A4,MED,7.7,ehr_2025-08-17_F-020.csv,2025-08-17T02:02:00Z
INC-20250817-F-020-003,F-020,2025-08-17,2025-08-17T08:09:00,A4,HIGH,0.7,ehr_2025-08-17_F-020.csv,2025-08-17T02:03:00Z
INC-20250817-F-020-004,F-020,2025-08-17,2025-08-17T08:12:00,A4,MED,21.2,ehr_2025-08-17_F-020.csv,2025-08-17T02:04:00Z
INC-20250817-F-020-005,F-020,2025-08-17,2025-08-17T08:15:00,A1,HIGH,11.2,ehr_2025-08-17_F-020.csv,2025-08-17T02:05:00Z
INC-20250817-F-020-006,F-020,2025-08-17,2025-08-17T08:18:00,B2,MED,6.3,ehr_2025-08-17_F-020.csv,2025-08-17T02:06:00Z
INC-20250817-F-020-007,F-020,2025-08-17,2025-08-17T08:21:00,A3,MED,32.9,ehr_2025-08-17_F-020.csv,2025-08-17T02:07:00Z
INC-20250817-F-020-008,F-020,2025-08-17,2025-08-17T08:24:00,B2,HIGH,4.8,ehr_2025-08-17_F-020.csv,2025-08-17T02:08:00Z
INC-20250817-F-021-000,F-021,2025-08-17,2025-08-17T08:00:00,A3,LOW,40.5,ehr_2025-08-17_F-021.csv,2025-08-17T02:00:00Z
INC-20250817-F-021-001,F-021,2025-08-17,2025-08-17T08:03:00,A3,HIGH,10.1,ehr_2025-08-17_F-021.csv,2025-08-17T02:01:00Z
INC-20250817-F-021-002,F-021,2025-08-17,2025-08-17T08:06:00,A4,HIGH,9.6,ehr_2025-08-17_F-021.csv,2025-08-17T02:02:00Z
INC-20250817-F-021-003,F-021,2025-08-17,2025-08-17T08:09:00,A1,HIGH,33.2,ehr_2025-08-17_F-021.csv,2025-08-17T02:03:00Z
INC-20250817-F-021-004,F-021,2025-08-17,2025-08-17T08:12:00,B2,MED,35.4,ehr_2025-08-17_F-021.csv,2025-08-17T02:04:00Z
INC-20250817-F-021-005,F-021,2025-08-17,2025-08-17T08:15:00,A2,LOW,34.7,ehr_2025-08-17_F-021.csv,2025-08-17T02:05:00Z
INC-20250817-F-021-006,F-021,2025-08-17,2025-08-17T08:18:00,A4,MED,3.5,ehr_2025-08-17_F-021.csv,2025-08-17T02:06:00Z
INC-20250817-F-021-007,F-021,2025-08-17,2025-08-17T08:21:00,A3,MED,25.9,ehr_2025-08-17_F-021.csv,2025-08-17T02:07:00Z
INC-20250817-F-021-008,F-021,2025-08-17,2025-08-17T08:24:00,A4,LOW,2.3,ehr_2025-08-17_F-021.csv,2025-08-17T02:08:00Z
INC-20250817-F-021-009,F-021,2025-08-17,2025-08-17T08:27:00,B2,LOW,19.8,ehr_2025-08-17_F-021.csv,2025-08-17T02:09:00Z
INC-20250817-F-021-010,F-021,2025-08-17,2025-08-17T08:30:00,B2,HIGH,25.3,ehr_2025-08-17_F-021.csv,2025-08-17T02:10:00Z
INC-20250817-F-021-011,F-021,2025-08-17,2025-08-17T08:33:00,B1,LOW,35.7,ehr_2025-08-17_F-021.csv,2025-08-17T02:11:00Z
INC-20250817-F-021-012,F-021,2025-08-17,2025-08-17T08:36:00,A1,LOW,35.4,ehr_2025-08-17_F-021.csv,2025-08-17T02:12:00Z
INC-20250817-F-021-013,F-021,2025-08-17,2025-08-17T08:39:00,A1,MED,43.6,ehr_2025-08-17_F-021.csv,2025-08-17T02:13:00Z
INC-20250817-F-021-014,F-021,2025-08-17,2025-08-17T08:42:00,A2,HIGH,31.3,ehr_2025-08-17_F-021.csv,2025-08-17T02:14:00Z
INC-20250817-F-021-015,F-021,2025-08-17,2025-08-17T08:45:00,Z9,LOW,43.5,ehr_2025-08-17_F-021.csv,2025-08-17T02:15:00Z
INC-20250817-F-022-000,F-022,2025-08-17,2025-08-17T08:00:00,A4,HIGH,8.6,ehr_2025-08-17_F-022.csv,2025-08-17T02:00:00Z
INC-20250817-F-022-001,F-022,2025-08-17,2025-08-17T08:03:00,A1,LOW,24.1,ehr_2025-08-17_F-022.csv,2025-08-17T02:01:00Z
INC-20250817-F-022-002,F-022,2025-08-17,2025-08-17T08:06:00,A2,LOW,38.7,ehr_2025-08-17_F-022.csv,2025-08-17T02:02:00Z
INC-20250817-F-022-003,F-022,2025-08-17,2025-08-17T08:09:00,B2,HIGH,19.6,ehr_2025-08-17_F-022.csv,2025-08-17T02:03:00Z
INC-20250817-F-022-004,F-022,2025-08-17,2025-08-17T08:12:00,B2,HIGH,26.4,ehr_2025-08-17_F-022.csv,2025-08-17T02:04:00Z
INC-20250817-F-022-005,F-022,2025-08-17,2025-08-17T08:15:00,A2,LOW,28.7,ehr_2025-08-17_F-022.csv,2025-08-17T02:05:00Z
INC-20250817-F-022-006,F-022,2025-08-17,2025-08-17T08:18:00,A1,MED,7.2,ehr_2025-08-17_F-022.csv,2025-08-17T02:06:00Z
INC-20250817-F-022-007,F-022,2025-08-17,2025-08-17T08:21:00,B2,MED,26.8,ehr_2025-08-17_F-022.csv,2025-08-17T02:07:00Z
INC-20250817-F-022-008,F-022,2025-08-17,2025-08-17T08:24:00,B1,LOW,6.8,ehr_2025-08-17_F-022.csv,2025-08-17T02:08:00Z
INC-20250817-F-022-009,F-022,2025-08-17,2025-08-17T08:27:00,B2,HIGH,18.4,ehr_2025-08-17_F-022.csv,2025-08-17T02:09:00Z
INC-20250817-F-022-010,F-022,2025-08-17,2025-08-17T08:30:00,A4,LOW,0.8,ehr_2025-08-17_F-022.csv,2025-08-17T02:10:00Z
INC-20250817-F-022-011,F-022,2025-08-17,2025-08-17T08:33:00,A1,HIGH,31.5,ehr_2025-08-17_F-022.csv,2025-08-17T02:11:00Z
INC-20250817-F-022-012,F-022,2025-08-17,2025-08-17T08:36:00,A4,HIGH,38.9,ehr_2025-08-17_F-022.csv,2025-08-17T02:12:00Z
INC-20250817-F-022-013,F-022,2025-08-17,2025-08-17T08:39:00,B2,LOW,10.3,ehr_2025-08-17_F-022.csv,2025-08-17T02:13:00Z
INC-20250817-F-022-014,F-022,2025-08-17,2025-08-17T08:42:00,B1,MED,20.1,ehr_2025-08-17_F-022.csv,2025-08-17T02:14:00Z
INC-20250817-F-022-015,F-022,2025-08-17,2025-08-17T08:45:00,B1,HIGH,2.3,ehr_2025-08-17_F-022.csv,2025-08-17T02:15:00Z
INC-20250817-F-022-016,F-022,2025-08-17,2025-08-17T08:48:00,A4,HIGH,45.6,ehr_2025-08-17_F-022.csv,2025-08-17T02:16:00Z
INC-20250817-F-022-017,F-022,2025-08-17,2025-08-17T08:51:00,A3,MED,20.4,ehr_2025-08-17_F-022.csv,2025-08-17T02:17:00Z
INC-20250817-F-022-018,F-022,2025-08-17,2025-08-17T08:54:00,A2,LOW,47.4,ehr_2025-08-17_F-022.csv,2025-08-17T02:18:00Z
INC-20250817-F-022-019,F-022,2025-08-17,2025-08-17T08:57:00,B1,MED,41.5,ehr_2025-08-17_F-022.csv,2025-08-17T02:19:00Z
INC-20250817-F-022-020,F-022,2025-08-17,2025-08-17T09:00:00,B1,LOW,22.6,ehr_2025-08-17_F-022.csv,2025-08-17T02:20:00Z
INC-20250817-F-023-000,F-023,2025-08-17,2025-08-17T08:00:00,A3,LOW,9.7,ehr_2025-08-17_F-023.csv,2025-08-17T02:00:00Z
INC-20250817-F-023-001,F-023,2025-08-17,2025-08-17T08:03:00,B2,MED,24.1,ehr_2025-08-17_F-023.csv,2025-08-17T02:01:00Z
INC-20250817-F-023-002,F-023,2025-08-17,2025-08-17T08:06:00,A1,LOW,31.1,ehr_2025-08-17_F-023.csv,2025-08-17T02:02:00Z
INC-20250817-F-023-003,F-023,2025-08-17,2025-08-17T08:09:00,A4,MED,16.4,ehr_2025-08-17_F-023.csv,2025-08-17T02:03:00Z
INC-20250817-F-023-004,F-023,2025-08-17,2025-08-17T08:12:00,A4,LOW,5.5,ehr_2025-08-17_F-023.csv,2025-08-17T02:04:00Z
INC-20250817-F-023-005,F-023,2025-08-17,2025-08-17T08:15:00,B1,LOW,8.0,ehr_2025-08-17_F-023.csv,2025-08-17T02:05:00Z
INC-20250817-F-023-006,F-023,2025-08-17,2025-08-17T08:18:00,Z9,LOW,3.9,ehr_2025-08-17_F-023.csv,2025-08-17T02:06:00Z
INC-20250817-F-023-007,F-023,2025-08-17,2025-08-17T08:21:00,A4,HIGH,28.0,ehr_2025-08-17_F-023.csv,2025-08-17T02:07:00Z
INC-20250817-F-023-008,F-023,2025-08-17,2025-08-17T08:24:00,B2,HIGH,43.2,ehr_2025-08-17_F-023.csv,2025-08-17T02:08:00Z
INC-20250817-F-023-009,F-023,2025-08-17,2025-08-17T08:27:00,A1,MED,11.3,ehr_2025-08-17_F-023.csv,2025-08-17T02:09:00Z
INC-20250817-F-023-010,F-023,2025-08-17,2025-08-17T08:30:00,A4,LOW,18.3,ehr_2025-08-17_F-023.csv,2025-08-17T02:10:00Z
INC-20250817-F-023-011,F-023,2025-08-17,2025-08-17T08:33:00,A4,HIGH,23.5,ehr_2025-08-17_F-023.csv,2025-08-17T02:11:00Z
INC-20250817-F-023-012,F-023,2025-08-17,2025-08-17T08:36:00,A2,LOW,44.6,ehr_2025-08-17_F-023.csv,2025-08-17T02:12:00Z
INC-20250817-F-023-013,F-023,2025-08-17,2025-08-17T08:39:00,A4,MED,7.0,ehr_2025-08-17_F-023.csv,2025-08-17T02:13:00Z
INC-20250817-F-023-014,F-023,2025-08-17,2025-08-17T08:42:00,B2,MED,46.8,ehr_2025-08-17_F-023.csv,2025-08-17T02:14:00Z
INC-20250817-F-023-015,F-023,2025-08-17,2025-08-17T08:45:00,A2,LOW,33.4,ehr_2025-08-17_F-023.csv,2025-08-17T02:15:00Z
INC-20250817-F-023-016,F-023,2025-08-17,2025-08-17T08:48:00,A2,LOW,41.0,ehr_2025-08-17_F-023.csv,2025-08-17T02:16:00Z
INC-20250817-F-023-017,F-023,2025-08-17,2025-08-17T08:51:00,A2,MED,10.9,ehr_2025-08-17_F-023.csv,2025-08-17T02:17:00Z
INC-20250817-F-024-000,F-024,2025-08-17,2025-08-17T08:00:00,B2,HIGH,43.5,ehr_2025-08-17_F-024.csv,2025-08-17T02:00:00Z
INC-20250817-F-024-001,F-024,2025-08-17,2025-08-17T08:03:00,B1,LOW,4.6,ehr_2025-08-17_F-024.csv,2025-08-17T02:01:00Z
INC-20250817-F-024-002,F-024,2025-08-17,2025-08-17T08:06:00,A4,LOW,28.6,ehr_2025-08-17_F-024.csv,2025-08-17T02:02:00Z
INC-20250817-F-024-003,F-024,2025-08-17,2025-08-17T08:09:00,A3,LOW,35.2,ehr_2025-08-17_F-024.csv,2025-08-17T02:03:00Z
INC-20250817-F-024-004,F-024,2025-08-17,2025-08-17T08:12:00,A2,LOW,16.0,ehr_2025-08-17_F-024.csv,2025-08-17T02:04:00Z
INC-20250817-F-024-005,F-024,2025-08-17,2025-08-17T08:15:00,B1,LOW,43.9,ehr_2025-08-17_F-024.csv,2025-08-17T02:05:00Z
INC-20250817-F-024-006,F-024,2025-08-17,2025-08-17T08:18:00,A4,LOW,2.4,ehr_2025-08-17_F-024.csv,2025-08-17T02:06:00Z
INC-20250817-F-024-007,F-024,2025-08-17,2025-08-17T08:21:00,B1,LOW,20.7,ehr_2025-08-17_F-024.csv,2025-08-17T02:07:00Z
INC-20250817-F-024-008,F-024,2025-08-17,2025-08-17T08:24:00,B2,LOW,22.0,ehr_2025-08-17_F-024.csv,2025-08-17T02:08:00Z
INC-20250817-F-024-009,F-024,2025-08-17,2025-08-17T08:27:00,B1,LOW,33.4,ehr_2025-08-17_F-024.csv,2025-08-17T02:09:00Z
INC-20250817-F-024-010,F-024,2025-08-17,2025-08-17T08:30:00,A2,LOW,17.5,ehr_2025-08-17_F-024.csv,2025-08-17T02:10:00Z
INC-20250817-F-024-011,F-024,2025-08-17,2025-08-17T08:33:00,A1,LOW,23.3,ehr_2025-08-17_F-024.csv,2025-08-17T02:11:00Z
INC-20250817-F-025-000,F-025,2025-08-17,2025-08-17T08:00:00,A4,HIGH,36.0,ehr_2025-08-17_F-025.csv,2025-08-17T02:00:00Z
INC-20250817-F-025-001,F-025,2025-08-17,2025-08-17T08:03:00,??,MED,37.2,ehr_2025-08-17_F-025.csv,2025-08-17T02:01:00Z
INC-20250817-F-025-002,F-025,2025-08-17,2025-08-17T08:06:00,A4,LOW,38.0,ehr_2025-08-17_F-025.csv,2025-08-17T02:02:00Z
INC-20250817-F-025-003,F-025,2025-08-17,2025-08-17T08:09:00,A4,HIGH,30.6,ehr_2025-08-17_F-025.csv,2025-08-17T02:03:00Z
INC-20250817-F-025-004,F-025,2025-08-17,2025-08-17T08:12:00,A1,MED,42.9,ehr_2025-08-17_F-025.csv,2025-08-17T02:04:00Z
INC-20250817-F-025-005,F-025,2025-08-17,2025-08-17T08:15:00,A1,MED,20.7,ehr_2025-08-17_F-025.csv,2025-08-17T02:05:00Z
INC-20250817-F-025-006,F-025,2025-08-17,2025-08-17T08:18:00,B1,HIGH,27.8,ehr_2025-08-17_F-025.csv,2025-08-17T02:06:00Z
INC-20250817-F-025-007,F-025,2025-08-17,2025-08-17T08:21:00,B2,LOW,30.0,ehr_2025-08-17_F-025.csv,2025-08-17T02:07:00Z
INC-20250817-F-025-008,F-025,2025-08-17,2025-08-17T08:24:00,A1,HIGH,45.4,ehr_2025-08-17_F-025.csv,2025-08-17T02:08:00Z
INC-20250817-F-025-009,F-025,2025-08-17,2025-08-17T08:27:00,A1,LOW,18.7,ehr_2025-08-17_F-025.csv,2025-08-17T02:09:00Z
INC-20250817-F-025-010,F-025,2025-08-17,2025-08-17T08:30:00,A1,MED,17.9,ehr_2025-08-17_F-025.csv,2025-08-17T02:10:00Z
INC-20250817-F-025-011,F-025,2025-08-17,2025-08-17T08:33:00,B2,LOW,27.1,ehr_2025-08-17_F-025.csv,2025-08-17T02:11:00Z
INC-20250817-F-026-000,F-026,2025-08-17,2025-08-17T08:00:00,A3,LOW,26.1,ehr_2025-08-17_F-026.csv,2025-08-17T02:00:00Z
INC-20250817-F-026-001,F-026,2025-08-17,2025-08-17T08:03:00,B2,HIGH,41.9,ehr_2025-08-17_F-026.csv,2025-08-17T02:01:00Z
INC-20250817-F-026-002,F-026,2025-08-17,2025-08-17T08:06:00,B2,LOW,15.7,ehr_2025-08-17_F-026.csv,2025-08-17T02:02:00Z
INC-20250817-F-026-003,F-026,2025-08-17,2025-08-17T08:09:00,B1,HIGH,20.6,ehr_2025-08-17_F-026.csv,2025-08-17T02:03:00Z
INC-20250817-F-026-004,F-026,2025-08-17,2025-08-17T08:12:00,A3,MED,22.0,ehr_2025-08-17_F-026.csv,2025-08-17T02:04:00Z
INC-20250817-F-026-005,F-026,2025-08-17,2025-08-17T08:15:00,A1,MED,34.2,ehr_2025-08-17_F-026.csv,2025-08-17T02:05:00Z
INC-20250817-F-026-006,F-026,2025-08-17,2025-08-17T08:18:00,B1,MED,22.0,ehr_2025-08-17_F-026.csv,2025-08-17T02:06:00Z
INC-20250817-F-026-007,F-026,2025-08-17,2025-08-17T08:21:00,B2,HIGH,38.9,ehr_2025-08-17_F-026.csv,2025-08-17T02:07:00Z
INC-20250817-F-026-008,F-026,2025-08-17,2025-08-17T08:24:00,A1,LOW,42.9,ehr_2025-08-17_F-026.csv,2025-08-17T02:08:00Z
INC-20250817-F-026-009,F-026,2025-08-17,2025-08-17T08:27:00,A1,MED,43.2,ehr_2025-08-17_F-026.csv,2025-08-17T02:09:00Z
INC-20250817-F-026-010,F-026,2025-08-17,2025-08-17T08:30:00,A1,LOW,8.3,ehr_2025-08-17_F-026.csv,2025-08-17T02:10:00Z
INC-20250817-F-026-011,F-026,2025-08-17,2025-08-17T08:33:00,A2,MED,7.6,ehr_2025-08-17_F-026.csv,2025-08-17T02:11:00Z
INC-20250817-F-026-012,F-026,2025-08-17,2025-08-17T08:36:00,B2,LOW,14.4,ehr_2025-08-17_F-026.csv,2025-08-17T02:12:00Z
INC-20250817-F-026-013,F-026,2025-08-17,2025-08-17T08:39:00,B1,LOW,23.0,ehr_2025-08-17_F-026.csv,2025-08-17T02:13:00Z
INC-20250817-F-026-014,F-026,2025-08-17,2025-08-17T08:42:00,B2,HIGH,1.5,ehr_2025-08-17_F-026.csv,2025-08-17T02:14:00Z
INC-20250817-F-026-015,F-026,2025-08-17,2025-08-17T08:45:00,A1,LOW,40.2,ehr_2025-08-17_F-026.csv,2025-08-17T02:15:00Z
INC-20250817-F-026-016,F-026,2025-08-17,2025-08-17T08:48:00,A3,MED,28.0,ehr_2025-08-17_F-026.csv,2025-08-17T02:16:00Z
INC-20250817-F-026-017,F-026,2025-08-17,2025-08-17T08:51:00,A3,MED,28.7,ehr_2025-08-17_F-026.csv,2025-08-17T02:17:00Z
INC-20250817-F-026-018,F-026,2025-08-17,2025-08-17T08:54:00,B1,MED,22.3,ehr_2025-08-17_F-026.csv,2025-08-17T02:18:00Z
INC-20250817-F-026-019,F-026,2025-08-17,2025-08-17T08:57:00,A3,LOW,38.0,ehr_2025-08-17_F-026.csv,2025-08-17T02:19:00Z
INC-20250817-F-027-000,F-027,2025-08-17,2025-08-17T08:00:00,A3,LOW,7.5,ehr_2025-08-17_F-027.csv,2025-08-17T02:00:00Z
INC-20250817-F-027-001,F-027,2025-08-17,2025-08-17T08:03:00,A2,HIGH,44.4,ehr_2025-08-17_F-027.csv,2025-08-17T02:01:00Z
INC-20250817-F-027-002,F-027,2025-08-17,2025-08-17T08:06:00,A3,LOW,46.7,ehr_2025-08-17_F-027.csv,2025-08-17T02:02:00Z
INC-20250817-F-027-003,F-027,2025-08-17,2025-08-17T08:09:00,B2,HIGH,38.2,ehr_2025-08-17_F-027.csv,2025-08-17T02:03:00Z
INC-20250817-F-027-004,F-027,2025-08-17,2025-08-17T08:12:00,A1,LOW,47.7,ehr_2025-08-17_F-027.csv,2025-08-17T02:04:00Z
INC-20250817-F-027-005,F-027,2025-08-17,2025-08-17T08:15:00,A4,MED,18.1,ehr_2025-08-17_F-027.csv,2025-08-17T02:05:00Z
INC-20250817-F-027-006,F-027,2025-08-17,2025-08-17T08:18:00,B2,LOW,32.1,ehr_2025-08-17_F-027.csv,2025-08-17T02:06:00Z
INC-20250817-F-027-007,F-027,2025-08-17,2025-08-17T08:21:00,A2,MED,21.8,ehr_2025-08-17_F-027.csv,2025-08-17T02:07:00Z
INC-20250817-F-027-008,F-027,2025-08-17,2025-08-17T08:24:00,B1,MED,6.3,ehr_2025-08-17_F-027.csv,2025-08-17T02:08:00Z
INC-20250817-F-027-009,F-027,2025-08-17,2025-08-17T08:27:00,??,LOW,45.5,ehr_2025-08-17_F-027.csv,2025-08-17T02:09:00Z
INC-20250817-F-027-010,F-027,2025-08-17,2025-08-17T08:30:00,A2,LOW,46.6,ehr_2025-08-17_F-027.csv,2025-08-17T02:10:00Z
INC-20250817-F-028-000,F-028,2025-08-17,2025-08-17T08:00:00,A3,HIGH,34.0,ehr_2025-08-17_F-028.csv,2025-08-17T02:00:00Z
INC-20250817-F-028-001,F-028,2025-08-17,2025-08-17T08:03:00,A3,HIGH,32.2,ehr_2025-08-17_F-028.csv,2025-08-17T02:01:00Z
INC-20250817-F-028-002,F-028,2025-08-17,2025-08-17T08:06:00,B2,MED,16.6,ehr_2025-08-17_F-028.csv,2025-08-17T02:02:00Z
INC-20250817-F-028-003,F-028,2025-08-17,2025-08-17T08:09:00,A4,LOW,7.1,ehr_2025-08-17_F-028.csv,2025-08-17T02:03:00Z
INC-20250817-F-028-004,F-028,2025-08-17,2025-08-17T08:12:00,A3,LOW,19.6,ehr_2025-08-17_F-028.csv,2025-08-17T02:04:00Z
INC-20250817-F-028-005,F-028,2025-08-17,2025-08-17T08:15:00,A4,MED,4.9,ehr_2025-08-17_F-028.csv,2025-08-17T02:05:00Z
INC-20250817-F-028-006,F-028,2025-08-17,2025-08-17T08:18:00,B2,LOW,28.2,ehr_2025-08-17_F-028.csv,2025-08-17T02:06:00Z
INC-20250817-F-028-007,F-028,2025-08-17,2025-08-17T08:21:00,A3,LOW,1.6,ehr_2025-08-17_F-028.csv,2025-08-17T02:07:00Z
INC-20250817-F-028-008,F-028,2025-08-17,2025-08-17T08:24:00,A4,HIGH,32.4,ehr_2025-08-17_F-028.csv,2025-08-17T02:08:00Z
INC-20250817-F-028-009,F-028,2025-08-17,2025-08-17T08:27:00,B1,MED,9.7,ehr_2025-08-17_F-028.csv,2025-08-17T02:09:00Z
INC-20250817-F-028-010,F-028,2025-08-17,2025-08-17T08:30:00,B1,HIGH,45.3,ehr_2025-08-17_F-028.csv,2025-08-17T02:10:00Z
INC-20250817-F-028-011,F-028,2025-08-17,2025-08-17T08:33:00,A3,MED,7.5,ehr_2025-08-17_F-028.csv,2025-08-17T02:11:00Z
INC-20250817-F-028-012,F-028,2025-08-17,2025-08-17T08:36:00,A3,MED,18.2,ehr_2025-08-17_F-028.csv,2025-08-17T02:12:00Z
INC-20250817-F-028-013,F-028,2025-08-17,2025-08-17T08:39:00,A3,MED,46.9,ehr_2025-08-17_F-028.csv,2025-08-17T02:13:00Z
INC-20250817-F-028-014,F-028,2025-08-17,2025-08-17T08:42:00,A1,LOW,35.1,ehr_2025-08-17_F-028.csv,2025-08-17T02:14:00Z
INC-20250817-F-028-015,F-028,2025-08-17,2025-08-17T08:45:00,A4,MED,14.2,ehr_2025-08-17_F-028.csv,2025-08-17T02:15:00Z
INC-20250817-F-029-000,F-029,2025-08-17,2025-08-17T08:00:00,A4,HIGH,43.1,ehr_2025-08-17_F-029.csv,2025-08-17T02:00:00Z
INC-20250817-F-029-001,F-029,2025-08-17,2025-08-17T08:03:00,B1,HIGH,4.6,ehr_2025-08-17_F-029.csv,2025-08-17T02:01:00Z
INC-20250817-F-029-002,F-029,2025-08-17,2025-08-17T08:06:00,A4,HIGH,47.4,ehr_2025-08-17_F-029.csv,2025-08-17T02:02:00Z
INC-20250817-F-029-003,F-029,2025-08-17,2025-08-17T08:09:00,B1,MED,4.7,ehr_2025-08-17_F-029.csv,2025-08-17T02:03:00Z
INC-20250817-F-029-004,F-029,2025-08-17,2025-08-17T08:12:00,A3,MED,8.8,ehr_2025-08-17_F-029.csv,2025-08-17T02:04:00Z
INC-20250817-F-029-005,F-029,2025-08-17,2025-08-17T08:15:00,B1,LOW,10.0,ehr_2025-08-17_F-029.csv,2025-08-17T02:05:00Z
INC-20250817-F-029-006,F-029,2025-08-17,2025-08-17T08:18:00,A3,HIGH,23.8,ehr_2025-08-17_F-029.csv,2025-08-17T02:06:00Z
INC-20250817-F-029-007,F-029,2025-08-17,2025-08-17T08:21:00,A3,HIGH,14.9,ehr_2025-08-17_F-029.csv,2025-08-17T02:07:00Z
INC-20250817-F-029-008,F-029,2025-08-17,2025-08-17T08:24:00,A4,LOW,1.8,ehr_2025-08-17_F-029.csv,2025-08-17T02:08:00Z
INC-20250817-F-029-009,F-029,2025-08-17,2025-08-17T08:27:00,??,MED,45.9,ehr_2025-08-17_F-029.csv,2025-08-17T02:09:00Z
INC-20250817-F-029-010,F-029,2025-08-17,2025-08-17T08:30:00,A4,LOW,31.6,ehr_2025-08-17_F-029.csv,2025-08-17T02:10:00Z
INC-20250817-F-029-011,F-029,2025-08-17,2025-08-17T08:33:00,A4,LOW,23.9,ehr_2025-08-17_F-029.csv,2025-08-17T02:11:00Z
INC-20250817-F-029-012,F-029,2025-08-17,2025-08-17T08:36:00,A2,LOW,6.2,ehr_2025-08-17_F-029.csv,2025-08-17T02:12:00Z
INC-20250817-F-029-013,F-029,2025-08-17,2025-08-17T08:39:00,A1,HIGH,35.9,ehr_2025-08-17_F-029.csv,2025-08-17T02:13:00Z
INC-20250817-F-029-014,F-029,2025-08-17,2025-08-17T08:42:00,B1,MED,41.7,ehr_2025-08-17_F-029.csv,2025-08-17T02:14:00Z
INC-20250817-F-029-015,F-029,2025-08-17,2025-08-17T08:45:00,A4,HIGH,39.4,ehr_2025-08-17_F-029.csv,2025-08-17T02:15:00Z
INC-20250817-F-029-016,F-029,2025-08-17,2025-08-17T08:48:00,B2,HIGH,1.3,ehr_2025-08-17_F-029.csv,2025-08-17T02:16:00Z
INC-20250817-F-029-017,F-029,2025-08-17,2025-08-17T08:51:00,B1,LOW,7.4,ehr_2025-08-17_F-029.csv,2025-08-17T02:17:00Z
INC-20250817-F-029-018,F-029,2025-08-17,2025-08-17T08:54:00,B2,LOW,17.5,ehr_2025-08-17_F-029.csv,2025-08-17T02:18:00Z
INC-20250817-F-029-019,F-029,2025-08-17,2025-08-17T08:57:00,A3,MED,30.7,ehr_2025-08-17_F-029.csv,2025-08-17T02:19:00Z
INC-20250817-F-030-000,F-030,2025-08-17,2025-08-17T08:00:00,A3,HIGH,30.8,ehr_2025-08-17_F-030.csv,2025-08-17T02:00:00Z
INC-20250817-F-030-001,F-030,2025-08-17,2025-08-17T08:03:00,A2,HIGH,9.2,ehr_2025-08-17_F-030.csv,2025-08-17T02:01:00Z
INC-20250817-F-030-002,F-030,2025-08-17,2025-08-17T08:06:00,A2,HIGH,15.8,ehr_2025-08-17_F-030.csv,2025-08-17T02:02:00Z
INC-20250817-F-030-003,F-030,2025-08-17,2025-08-17T08:09:00,B2,MED,13.4,ehr_2025-08-17_F-030.csv,2025-08-17T02:03:00Z
INC-20250817-F-030-004,F-030,2025-08-17,2025-08-17T08:12:00,A3,LOW,25.9,ehr_2025-08-17_F-030.csv,2025-08-17T02:04:00Z
INC-20250817-F-030-005,F-030,2025-08-17,2025-08-17T08:15:00,A2,LOW,7.0,ehr_2025-08-17_F-030.csv,2025-08-17T02:05:00Z
INC-20250817-F-030-006,F-030,2025-08-17,2025-08-17T08:18:00,A4,MED,16.7,ehr_2025-08-17_F-030.csv,2025-08-17T02:06:00Z
INC-20250817-F-030-007,F-030,2025-08-17,2025-08-17T08:21:00,A1,LOW,7.8,ehr_2025-08-17_F-030.csv,2025-08-17T02:07:00Z
INC-20250817-F-030-008,F-030,2025-08-17,2025-08-17T08:24:00,A2,HIGH,29.6,ehr_2025-08-17_F-030.csv,2025-08-17T02:08:00Z
INC-20250817-F-030-009,F-030,2025-08-17,2025-08-17T08:27:00,B1,HIGH,34.3,ehr_2025-08-17_F-030.csv,2025-08-17T02:09:00Z
INC-20250817-F-030-010,F-030,2025-08-17,2025-08-17T08:30:00,A1,MED,22.4,ehr_2025-08-17_F-030.csv,2025-08-17T02:10:00Z
INC-20250817-F-030-011,F-030,2025-08-17,2025-08-17T08:33:00,A2,LOW,23.3,ehr_2025-08-17_F-030.csv,2025-08-17T02:11:00Z
INC-20250817-F-030-012,F-030,2025-08-17,2025-08-17T08:36:00,A3,LOW,39.3,ehr_2025-08-17_F-030.csv,2025-08-17T02:12:00Z
INC-20250818-F-001-000,F-001,2025-08-18,2025-08-18T08:00:00,B1,MED,8.7,ehr_2025-08-18_F-001.csv,2025-08-18T02:00:00Z
INC-20250818-F-001-001,F-001,2025-08-18,2025-08-18T08:03:00,B2,LOW,11.1,ehr_2025-08-18_F-001.csv,2025-08-18T02:01:00Z
INC-20250818-F-001-002,F-001,2025-08-18,2025-08-18T08:06:00,A2,HIGH,11.3,ehr_2025-08-18_F-001.csv,2025-08-18T02:02:00Z
INC-20250818-F-001-003,F-001,2025-08-18,2025-08-18T08:09:00,A2,LOW,20.7,ehr_2025-08-18_F-001.csv,2025-08-18T02:03:00Z
INC-20250818-F-001-004,F-001,2025-08-18,2025-08-18T08:12:00,A1,LOW,1.4,ehr_2025-08-18_F-001.csv,2025-08-18T02:04:00Z
INC-20250818-F-001-005,F-001,2025-08-18,2025-08-18T08:15:00,A4,LOW,9.8,ehr_2025-08-18_F-001.csv,2025-08-18T02:05:00Z
INC-20250818-F-001-006,F-001,2025-08-18,2025-08-18T08:18:00,B2,HIGH,28.7,ehr_2025-08-18_F-001.csv,2025-08-18T02:06:00Z
INC-20250818-F-001-007,F-001,2025-08-18,2025-08-18T08:21:00,A3,LOW,3.6,ehr_2025-08-18_F-001.csv,2025-08-18T02:07:00Z
INC-20250818-F-001-008,F-001,2025-08-18,2025-08-18T08:24:00,A1,LOW,44.2,ehr_2025-08-18_F-001.csv,2025-08-18T02:08:00Z
INC-20250818-F-001-009,F-001,2025-08-18,2025-08-18T08:27:00,A2,LOW,32.4,ehr_2025-08-18_F-001.csv,2025-08-18T02:09:00Z
INC-20250818-F-001-010,F-001,2025-08-18,2025-08-18T08:30:00,XX,HIGH,45.2,ehr_2025-08-18_F-001.csv,2025-08-18T02:10:00Z
INC-20250818-F-001-011,F-001,2025-08-18,2025-08-18T08:33:00,A3,MED,8.1,ehr_2025-08-18_F-001.csv,2025-08-18T02:11:00Z
INC-20250818-F-001-012,F-001,2025-08-18,2025-08-18T08:36:00,B2,HIGH,12.0,ehr_2025-08-18_F-001.csv,2025-08-18T02:12:00Z
INC-20250818-F-001-013,F-001,2025-08-18,2025-08-18T08:39:00,A1,HIGH,36.8,ehr_2025-08-18_F-001.csv,2025-08-18T02:13:00Z
INC-20250818-F-001-014,F-001,2025-08-18,2025-08-18T08:42:00,B2,LOW,46.3,ehr_2025-08-18_F-001.csv,2025-08-18T02:14:00Z
INC-20250818-F-001-015,F-001,2025-08-18,2025-08-18T08:45:00,B1,LOW,46.7,ehr_2025-08-18_F-001.csv,2025-08-18T02:15:00Z
INC-20250818-F-001-016,F-001,2025-08-18,2025-08-18T08:48:00,A2,HIGH,40.9,ehr_2025-08-18_F-001.csv,2025-08-18T02:16:00Z
INC-20250818-F-001-017,F-001,2025-08-18,2025-08-18T08:51:00,B2,HIGH,9.3,ehr_2025-08-18_F-001.csv,2025-08-18T02:17:00Z
INC-20250818-F-001-018,F-001,2025-08-18,2025-08-18T08:54:00,A1,LOW,40.2,ehr_2025-08-18_F-001.csv,2025-08-18T02:18:00Z
INC-20250818-F-001-019,F-001,2025-08-18,2025-08-18T08:57:00,A4,LOW,24.9,ehr_2025-08-18_F-001.csv,2025-08-18T02:19:00Z
INC-20250818-F-001-020,F-001,2025-08-18,2025-08-18T09:00:00,A3,LOW,22.6,ehr_2025-08-18_F-001.csv,2025-08-18T02:20:00Z
INC-20250818-F-001-021,F-001,2025-08-18,2025-08-18T09:03:00,A4,MED,34.0,ehr_2025-08-18_F-001.csv,2025-08-18T02:21:00Z
INC-20250818-F-002-000,F-002,2025-08-18,2025-08-18T08:00:00,A1,MED,24.0,ehr_2025-08-18_F-002.csv,2025-08-18T02:00:00Z
INC-20250818-F-002-001,F-002,2025-08-18,2025-08-18T08:03:00,A4,HIGH,35.5,ehr_2025-08-18_F-002.csv,2025-08-18T02:01:00Z
INC-20250818-F-002-002,F-002,2025-08-18,2025-08-18T08:06:00,A4,LOW,26.8,ehr_2025-08-18_F-002.csv,2025-08-18T02:02:00Z
INC-20250818-F-002-003,F-002,2025-08-18,2025-08-18T08:09:00,A4,LOW,41.2,ehr_2025-08-18_F-002.csv,2025-08-18T02:03:00Z
INC-20250818-F-002-004,F-002,2025-08-18,2025-08-18T08:12:00,A4,HIGH,18.0,ehr_2025-08-18_F-002.csv,2025-08-18T02:04:00Z
INC-20250818-F-002-005,F-002,2025-08-18,2025-08-18T08:15:00,Z9,MED,32.4,ehr_2025-08-18_F-002.csv,2025-08-18T02:05:00Z
INC-20250818-F-002-006,F-002,2025-08-18,2025-08-18T08:18:00,B1,HIGH,32.6,ehr_2025-08-18_F-002.csv,2025-08-18T02:06:00Z
INC-20250818-F-002-007,F-002,2025-08-18,2025-08-18T08:21:00,A4,MED,33.5,ehr_2025-08-18_F-002.csv,2025-08-18T02:07:00Z
INC-20250818-F-002-008,F-002,2025-08-18,2025-08-18T08:24:00,B2,LOW,3.6,ehr_2025-08-18_F-002.csv,2025-08-18T02:08:00Z
INC-20250818-F-002-009,F-002,2025-08-18,2025-08-18T08:27:00,A3,LOW,28.8,ehr_2025-08-18_F-002.csv,2025-08-18T02:09:00Z
INC-20250818-F-002-010,F-002,2025-08-18,2025-08-18T08:30:00,A1,LOW,40.3,ehr_2025-08-18_F-002.csv,2025-08-18T02:10:00Z
INC-20250818-F-002-011,F-002,2025-08-18,2025-08-18T08:33:00,A3,HIGH,36.9,ehr_2025-08-18_F-002.csv,2025-08-18T02:11:00Z
INC-20250818-F-002-012,F-002,2025-08-18,2025-08-18T08:36:00,B2,MED,17.4,ehr_2025-08-18_F-002.csv,2025-08-18T02:12:00Z
INC-20250818-F-002-013,F-002,2025-08-18,2025-08-18T08:39:00,A4,MED,24.8,ehr_2025-08-18_F-002.csv,2025-08-18T02:13:00Z
INC-20250818-F-002-014,F-002,2025-08-18,2025-08-18T08:42:00,A4,LOW,6.3,ehr_2025-08-18_F-002.csv,2025-08-18T02:14:00Z
INC-20250818-F-002-015,F-002,2025-08-18,2025-08-18T08:45:00,A2,HIGH,45.3,ehr_2025-08-18_F-002.csv,2025-08-18T02:15:00Z
INC-20250818-F-003-000,F-003,2025-08-18,2025-08-18T08:00:00,A1,LOW,24.2,ehr_2025-08-18_F-003.csv,2025-08-18T02:00:00Z
INC-20250818-F-003-001,F-003,2025-08-18,2025-08-18T08:03:00,XX,MED,29.2,ehr_2025-08-18_F-003.csv,2025-08-18T02:01:00Z
INC-20250818-F-003-002,F-003,2025-08-18,2025-08-18T08:06:00,A3,HIGH,30.1,ehr_2025-08-18_F-003.csv,2025-08-18T02:02:00Z
INC-20250818-F-003-003,F-003,2025-08-18,2025-08-18T08:09:00,B2,HIGH,37.0,ehr_2025-08-18_F-003.csv,2025-08-18T02:03:00Z
INC-20250818-F-003-004,F-003,2025-08-18,2025-08-18T08:12:00,A2,MED,31.9,ehr_2025-08-18_F-003.csv,2025-08-18T02:04:00Z
INC-20250818-F-003-005,F-003,2025-08-18,2025-08-18T08:15:00,A3,HIGH,16.8,ehr_2025-08-18_F-003.csv,2025-08-18T02:05:00Z
INC-20250818-F-003-006,F-003,2025-08-18,2025-08-18T08:18:00,B1,LOW,45.7,ehr_2025-08-18_F-003.csv,2025-08-18T02:06:00Z
INC-20250818-F-003-007,F-003,2025-08-18,2025-08-18T08:21:00,A4,LOW,18.7,ehr_2025-08-18_F-003.csv,2025-08-18T02:07:00Z
INC-20250818-F-004-000,F-004,2025-08-18,2025-08-18T08:00:00,A4,MED,2.2,ehr_2025-08-18_F-004.csv,2025-08-18T02:00:00Z
INC-20250818-F-004-001,F-004,2025-08-18,2025-08-18T08:03:00,B2,MED,42.5,ehr_2025-08-18_F-004.csv,2025-08-18T02:01:00Z
INC-20250818-F-004-002,F-004,2025-08-18,2025-08-18T08:06:00,A4,LOW,15.3,ehr_2025-08-18_F-004.csv,2025-08-18T02:02:00Z
INC-20250818-F-004-003,F-004,2025-08-18,2025-08-18T08:09:00,A1,HIGH,32.6,ehr_2025-08-18_F-004.csv,2025-08-18T02:03:00Z
INC-20250818-F-004-004,F-004,2025-08-18,2025-08-18T08:12:00,B2,HIGH,27.7,ehr_2025-08-18_F-004.csv,2025-08-18T02:04:00Z
INC-20250818-F-004-005,F-004,2025-08-18,2025-08-18T08:15:00,A2,HIGH,3.1,ehr_2025-08-18_F-004.csv,2025-08-18T02:05:00Z
INC-20250818-F-004-006,F-004,2025-08-18,2025-08-18T08:18:00,B1,MED,29.8,ehr_2025-08-18_F-004.csv,2025-08-18T02:06:00Z
INC-20250818-F-004-007,F-004,2025-08-18,2025-08-18T08:21:00,A3,MED,3.4,ehr_2025-08-18_F-004.csv,2025-08-18T02:07:00Z
INC-20250818-F-004-008,F-004,2025-08-18,2025-08-18T08:24:00,A2,MED,17.1,ehr_2025-08-18_F-004.csv,2025-08-18T02:08:00Z
INC-20250818-F-004-009,F-004,2025-08-18,2025-08-18T08:27:00,A1,HIGH,16.7,ehr_2025-08-18_F-004.csv,2025-08-18T02:09:00Z
INC-20250818-F-004-010,F-004,2025-08-18,2025-08-18T08:30:00,A3,MED,20.1,ehr_2025-08-18_F-004.csv,2025-08-18T02:10:00Z
INC-20250818-F-004-011,F-004,2025-08-18,2025-08-18T08:33:00,A2,LOW,11.6,ehr_2025-08-18_F-004.csv,2025-08-18T02:11:00Z
INC-20250818-F-004-012,F-004,2025-08-18,2025-08-18T08:36:00,A1,HIGH,3.6,ehr_2025-08-18_F-004.csv,2025-08-18T02:12:00Z
INC-20250818-F-005-000,F-005,2025-08-18,2025-08-18T08:00:00,A2,LOW,26.1,ehr_2025-08-18_F-005.csv,2025-08-18T02:00:00Z
INC-20250818-F-005-001,F-005,2025-08-18,2025-08-18T08:03:00,B2,MED,27.5,ehr_2025-08-18_F-005.csv,2025-08-18T02:01:00Z
INC-20250818-F-005-002,F-005,2025-08-18,2025-08-18T08:06:00,A3,LOW,33.6,ehr_2025-08-18_F-005.csv,2025-08-18T02:02:00Z
INC-20250818-F-005-003,F-005,2025-08-18,2025-08-18T08:09:00,A3,MED,27.6,ehr_2025-08-18_F-005.csv,2025-08-18T02:03:00Z
INC-20250818-F-005-004,F-005,2025-08-18,2025-08-18T08:12:00,A1,MED,5.3,ehr_2025-08-18_F-005.csv,2025-08-18T02:04:00Z
INC-20250818-F-005-005,F-005,2025-08-18,2025-08-18T08:15:00,A3,MED,24.4,ehr_2025-08-18_F-005.csv,2025-08-18T02:05:00Z
INC-20250818-F-005-006,F-005,2025-08-18,2025-08-18T08:18:00,A3,LOW,29.7,ehr_2025-08-18_F-005.csv,2025-08-18T02:06:00Z
INC-20250818-F-005-007,F-005,2025-08-18,2025-08-18T08:21:00,A4,LOW,24.1,ehr_2025-08-18_F-005.csv,2025-08-18T02:07:00Z
INC-20250818-F-005-008,F-005,2025-08-18,2025-08-18T08:24:00,A1,HIGH,10.7,ehr_2025-08-18_F-005.csv,2025-08-18T02:08:00Z
INC-20250818-F-005-009,F-005,2025-08-18,2025-08-18T08:27:00,A3,HIGH,19.6,ehr_2025-08-18_F-005.csv,2025-08-18T02:09:00Z
INC-20250818-F-005-010,F-005,2025-08-18,2025-08-18T08:30:00,B2,LOW,34.6,ehr_2025-08-18_F-005.csv,2025-08-18T02:10:00Z
INC-20250818-F-005-011,F-005,2025-08-18,2025-08-18T08:33:00,B1,MED,13.5,ehr_2025-08-18_F-005.csv,2025-08-18T02:11:00Z
INC-20250818-F-006-000,F-006,2025-08-18,2025-08-18T08:00:00,A4,MED,10.5,ehr_2025-08-18_F-006.csv,2025-08-18T02:00:00Z
INC-20250818-F-006-001,F-006,2025-08-18,2025-08-18T08:03:00,B2,MED,24.5,ehr_2025-08-18_F-006.csv,2025-08-18T02:01:00Z
INC-20250818-F-006-002,F-006,2025-08-18,2025-08-18T08:06:00,B2,HIGH,15.4,ehr_2025-08-18_F-006.csv,2025-08-18T02:02:00Z
INC-20250818-F-006-003,F-006,2025-08-18,2025-08-18T08:09:00,A3,HIGH,25.0,ehr_2025-08-18_F-006.csv,2025-08-18T02:03:00Z
INC-20250818-F-006-004,F-006,2025-08-18,2025-08-18T08:12:00,B1,LOW,42.3,ehr_2025-08-18_F-006.csv,2025-08-18T02:04:00Z
INC-20250818-F-006-005,F-006,2025-08-18,2025-08-18T08:15:00,B1,LOW,27.9,ehr_2025-08-18_F-006.csv,2025-08-18T02:05:00Z
INC-20250818-F-006-006,F-006,2025-08-18,2025-08-18T08:18:00,B2,MED,13.2,ehr_2025-08-18_F-006.csv,2025-08-18T02:06:00Z
INC-20250818-F-006-007,F-006,2025-08-18,2025-08-18T08:21:00,B1,MED,44.9,ehr_2025-08-18_F-006.csv,2025-08-18T02:07:00Z
INC-20250818-F-006-008,F-006,2025-08-18,2025-08-18T08:24:00,A1,HIGH,10.0,ehr_2025-08-18_F-006.csv,2025-08-18T02:08:00Z
INC-20250818-F-006-009,F-006,2025-08-18,2025-08-18T08:27:00,A2,LOW,36.0,ehr_2025-08-18_F-006.csv,2025-08-18T02:09:00Z
INC-20250818-F-006-010,F-006,2025-08-18,2025-08-18T08:30:00,A4,MED,15.6,ehr_2025-08-18_F-006.csv,2025-08-18T02:10:00Z
INC-20250818-F-006-011,F-006,2025-08-18,2025-08-18T08:33:00,A1,HIGH,10.2,ehr_2025-08-18_F-006.csv,2025-08-18T02:11:00Z
INC-20250818-F-006-012,F-006,2025-08-18,2025-08-18T08:36:00,A3,HIGH,8.1,ehr_2025-08-18_F-006.csv,2025-08-18T02:12:00Z
INC-20250818-F-006-013,F-006,2025-08-18,2025-08-18T08:39:00,A2,MED,11.8,ehr_2025-08-18_F-006.csv,2025-08-18T02:13:00Z
INC-20250818-F-006-014,F-006,2025-08-18,2025-08-18T08:42:00,A1,LOW,38.4,ehr_2025-08-18_F-006.csv,2025-08-18T02:14:00Z
INC-20250818-F-006-015,F-006,2025-08-18,2025-08-18T08:45:00,A4,HIGH,47.6,ehr_2025-08-18_F-006.csv,2025-08-18T02:15:00Z
INC-20250818-F-006-016,F-006,2025-08-18,2025-08-18T08:48:00,A1,LOW,8.1,ehr_2025-08-18_F-006.csv,2025-08-18T02:16:00Z
INC-20250818-F-007-000,F-007,2025-08-18,2025-08-18T08:00:00,??,HIGH,26.7,ehr_2025-08-18_F-007.csv,2025-08-18T02:00:00Z
INC-20250818-F-007-001,F-007,2025-08-18,2025-08-18T08:03:00,A1,HIGH,23.6,ehr_2025-08-18_F-007.csv,2025-08-18T02:01:00Z
INC-20250818-F-007-002,F-007,2025-08-18,2025-08-18T08:06:00,XX,MED,29.1,ehr_2025-08-18_F-007.csv,2025-08-18T02:02:00Z
INC-20250818-F-007-003,F-007,2025-08-18,2025-08-18T08:09:00,A4,MED,32.4,ehr_2025-08-18_F-007.csv,2025-08-18T02:03:00Z
INC-20250818-F-007-004,F-007,2025-08-18,2025-08-18T08:12:00,A4,HIGH,40.5,ehr_2025-08-18_F-007.csv,2025-08-18T02:04:00Z
INC-20250818-F-007-005,F-007,2025-08-18,2025-08-18T08:15:00,B1,HIGH,24.3,ehr_2025-08-18_F-007.csv,2025-08-18T02:05:00Z
INC-20250818-F-007-006,F-007,2025-08-18,2025-08-18T08:18:00,B2,HIGH,45.6,ehr_2025-08-18_F-007.csv,2025-08-18T02:06:00Z
INC-20250818-F-007-007,F-007,2025-08-18,2025-08-18T08:21:00,A3,MED,42.5,ehr_2025-08-18_F-007.csv,2025-08-18T02:07:00Z
INC-20250818-F-007-008,F-007,2025-08-18,2025-08-18T08:24:00,A1,MED,16.1,ehr_2025-08-18_F-007.csv,2025-08-18T02:08:00Z
INC-20250818-F-007-009,F-007,2025-08-18,2025-08-18T08:27:00,A4,HIGH,35.8,ehr_2025-08-18_F-007.csv,2025-08-18T02:09:00Z
INC-20250818-F-008-000,F-008,2025-08-18,2025-08-18T08:00:00,A2,LOW,8.8,ehr_2025-08-18_F-008.csv,2025-08-18T02:00:00Z
INC-20250818-F-008-001,F-008,2025-08-18,2025-08-18T08:03:00,A4,MED,12.6,ehr_2025-08-18_F-008.csv,2025-08-18T02:01:00Z
INC-20250818-F-008-002,F-008,2025-08-18,2025-08-18T08:06:00,A4,HIGH,18.3,ehr_2025-08-18_F-008.csv,2025-08-18T02:02:00Z
INC-20250818-F-008-003,F-008,2025-08-18,2025-08-18T08:09:00,A3,HIGH,20.6,ehr_2025-08-18_F-008.csv,2025-08-18T02:03:00Z
INC-20250818-F-008-004,F-008,2025-08-18,2025-08-18T08:12:00,A3,LOW,17.7,ehr_2025-08-18_F-008.csv,2025-08-18T02:04:00Z
INC-20250818-F-008-005,F-008,2025-08-18,2025-08-18T08:15:00,A3,LOW,31.2,ehr_2025-08-18_F-008.csv,2025-08-18T02:05:00Z
INC-20250818-F-008-006,F-008,2025-08-18,2025-08-18T08:18:00,A1,HIGH,32.0,ehr_2025-08-18_F-008.csv,2025-08-18T02:06:00Z
INC-20250818-F-008-007,F-008,2025-08-18,2025-08-18T08:21:00,B2,HIGH,11.9,ehr_2025-08-18_F-008.csv,2025-08-18T02:07:00Z
INC-20250818-F-008-008,F-008,2025-08-18,2025-08-18T08:24:00,A3,HIGH,46.0,ehr_2025-08-18_F-008.csv,2025-08-18T02:08:00Z
INC-20250818-F-008-009,F-008,2025-08-18,2025-08-18T08:27:00,B2,LOW,25.9,ehr_2025-08-18_F-008.csv,2025-08-18T02:09:00Z
INC-20250818-F-008-010,F-008,2025-08-18,2025-08-18T08:30:00,A4,MED,0.9,ehr_2025-08-18_F-008.csv,2025-08-18T02:10:00Z
INC-20250818-F-008-011,F-008,2025-08-18,2025-08-18T08:33:00,A3,MED,4.8,ehr_2025-08-18_F-008.csv,2025-08-18T02:11:00Z
INC-20250818-F-008-012,F-008,2025-08-18,2025-08-18T08:36:00,A2,MED,10.5,ehr_2025-08-18_F-008.csv,2025-08-18T02:12:00Z
INC-20250818-F-008-013,F-008,2025-08-18,2025-08-18T08:39:00,A4,HIGH,15.6,ehr_2025-08-18_F-008.csv,2025-08-18T02:13:00Z
INC-20250818-F-008-014,F-008,2025-08-18,2025-08-18T08:42:00,B2,MED,38.0,ehr_2025-08-18_F-008.csv,2025-08-18T02:14:00Z
INC-20250818-F-008-015,F-008,2025-08-18,2025-08-18T08:45:00,A1,MED,22.9,ehr_2025-08-18_F-008.csv,2025-08-18T02:15:00Z
INC-20250818-F-008-016,F-008,2025-08-18,2025-08-18T08:48:00,A3,HIGH,20.6,ehr_2025-08-18_F-008.csv,2025-08-18T02:16:00Z
INC-20250818-F-008-017,F-008,2025-08-18,2025-08-18T08:51:00,A1,LOW,33.7,ehr_2025-08-18_F-008.csv,2025-08-18T02:17:00Z
INC-20250818-F-008-018,F-008,2025-08-18,2025-08-18T08:54:00,A3,MED,29.1,ehr_2025-08-18_F-008.csv,2025-08-18T02:18:00Z
INC-20250818-F-008-019,F-008,2025-08-18,2025-08-18T08:57:00,B2,MED,22.0,ehr_2025-08-18_F-008.csv,2025-08-18T02:19:00Z
INC-20250818-F-008-020,F-008,2025-08-18,2025-08-18T09:00:00,XX,HIGH,31.0,ehr_2025-08-18_F-008.csv,2025-08-18T02:20:00Z
INC-20250818-F-008-021,F-008,2025-08-18,2025-08-18T09:03:00,B2,LOW,0.6,ehr_2025-08-18_F-008.csv,2025-08-18T02:21:00Z
INC-20250818-F-009-000,F-009,2025-08-18,2025-08-18T08:00:00,A3,HIGH,4.4,ehr_2025-08-18_F-009.csv,2025-08-18T02:00:00Z
INC-20250818-F-009-001,F-009,2025-08-18,2025-08-18T08:03:00,B1,HIGH,46.6,ehr_2025-08-18_F-009.csv,2025-08-18T02:01:00Z
INC-20250818-F-009-002,F-009,2025-08-18,2025-08-18T08:06:00,A2,HIGH,33.1,ehr_2025-08-18_F-009.csv,2025-08-18T02:02:00Z
INC-20250818-F-009-003,F-009,2025-08-18,2025-08-18T08:09:00,A3,MED,23.2,ehr_2025-08-18_F-009.csv,2025-08-18T02:03:00Z
INC-20250818-F-009-004,F-009,2025-08-18,2025-08-18T08:12:00,A3,LOW,33.2,ehr_2025-08-18_F-009.csv,2025-08-18T02:04:00Z
INC-20250818-F-009-005,F-009,2025-08-18,2025-08-18T08:15:00,A3,LOW,4.5,ehr_2025-08-18_F-009.csv,2025-08-18T02:05:00Z
INC-20250818-F-009-006,F-009,2025-08-18,2025-08-18T08:18:00,A4,MED,45.4,ehr_2025-08-18_F-009.csv,2025-08-18T02:06:00Z
INC-20250818-F-009-007,F-009,2025-08-18,2025-08-18T08:21:00,A2,LOW,45.5,ehr_2025-08-18_F-009.csv,2025-08-18T02:07:00Z
INC-20250818-F-009-008,F-009,2025-08-18,2025-08-18T08:24:00,B2,HIGH,30.3,ehr_2025-08-18_F-009.csv,2025-08-18T02:08:00Z
INC-20250818-F-009-009,F-009,2025-08-18,2025-08-18T08:27:00,A4,LOW,12.9,ehr_2025-08-18_F-009.csv,2025-08-18T02:09:00Z
INC-20250818-F-009-010,F-009,2025-08-18,2025-08-18T08:30:00,A1,MED,29.9,ehr_2025-08-18_F-009.csv,2025-08-18T02:10:00Z
INC-20250818-F-010-000,F-010,2025-08-18,2025-08-18T08:00:00,A1,MED,8.6,ehr_2025-08-18_F-010.csv,2025-08-18T02:00:00Z
INC-20250818-F-010-001,F-010,2025-08-18,2025-08-18T08:03:00,A1,HIGH,25.5,ehr_2025-08-18_F-010.csv,2025-08-18T02:01:00Z
INC-20250818-F-010-002,F-010,2025-08-18,2025-08-18T08:06:00,A4,HIGH,24.0,ehr_2025-08-18_F-010.csv,2025-08-18T02:02:00Z
INC-20250818-F-010-003,F-010,2025-08-18,2025-08-18T08:09:00,A2,LOW,45.4,ehr_2025-08-18_F-010.csv,2025-08-18T02:03:00Z
INC-20250818-F-010-004,F-010,2025-08-18,2025-08-18T08:12:00,A3,MED,36.0,ehr_2025-08-18_F-010.csv,2025-08-18T02:04:00Z
INC-20250818-F-010-005,F-010,2025-08-18,2025-08-18T08:15:00,A4,LOW,29.0,ehr_2025-08-18_F-010.csv,2025-08-18T02:05:00Z
INC-20250818-F-010-006,F-010,2025-08-18,2025-08-18T08:18:00,A3,HIGH,32.7,ehr_2025-08-18_F-010.csv,2025-08-18T02:06:00Z
INC-20250818-F-010-007,F-010,2025-08-18,2025-08-18T08:21:00,A4,LOW,1.9,ehr_2025-08-18_F-010.csv,2025-08-18T02:07:00Z
INC-20250818-F-010-008,F-010,2025-08-18,2025-08-18T08:24:00,A2,HIGH,21.9,ehr_2025-08-18_F-010.csv,2025-08-18T02:08:00Z
INC-20250818-F-010-009,F-010,2025-08-18,2025-08-18T08:27:00,B1,HIGH,31.2,ehr_2025-08-18_F-010.csv,2025-08-18T02:09:00Z
INC-20250818-F-010-010,F-010,2025-08-18,2025-08-18T08:30:00,A4,LOW,41.9,ehr_2025-08-18_F-010.csv,2025-08-18T02:10:00Z
INC-20250818-F-010-011,F-010,2025-08-18,2025-08-18T08:33:00,A4,HIGH,10.6,ehr_2025-08-18_F-010.csv,2025-08-18T02:11:00Z
INC-20250818-F-010-012,F-010,2025-08-18,2025-08-18T08:36:00,A4,HIGH,28.9,ehr_2025-08-18_F-010.csv,2025-08-18T02:12:00Z
INC-20250818-F-010-013,F-010,2025-08-18,2025-08-18T08:39:00,B1,LOW,3.0,ehr_2025-08-18_F-010.csv,2025-08-18T02:13:00Z
INC-20250818-F-010-014,F-010,2025-08-18,2025-08-18T08:42:00,A4,MED,47.8,ehr_2025-08-18_F-010.csv,2025-08-18T02:14:00Z
INC-20250818-F-010-015,F-010,2025-08-18,2025-08-18T08:45:00,B1,HIGH,36.0,ehr_2025-08-18_F-010.csv,2025-08-18T02:15:00Z
INC-20250818-F-010-016,F-010,2025-08-18,2025-08-18T08:48:00,A3,HIGH,29.9,ehr_2025-08-18_F-010.csv,2025-08-18T02:16:00Z
INC-20250818-F-011-000,F-011,2025-08-18,2025-08-18T08:00:00,B2,MED,6.8,ehr_2025-08-18_F-011.csv,2025-08-18T02:00:00Z
INC-20250818-F-011-001,F-011,2025-08-18,2025-08-18T08:03:00,A1,HIGH,9.0,ehr_2025-08-18_F-011.csv,2025-08-18T02:01:00Z
INC-20250818-F-011-002,F-011,2025-08-18,2025-08-18T08:06:00,A4,MED,42.2,ehr_2025-08-18_F-011.csv,2025-08-18T02:02:00Z
INC-20250818-F-011-003,F-011,2025-08-18,2025-08-18T08:09:00,A3,HIGH,25.7,ehr_2025-08-18_F-011.csv,2025-08-18T02:03:00Z
INC-20250818-F-011-004,F-011,2025-08-18,2025-08-18T08:12:00,A1,MED,2.6,ehr_2025-08-18_F-011.csv,2025-08-18T02:04:00Z
INC-20250818-F-011-005,F-011,2025-08-18,2025-08-18T08:15:00,A3,HIGH,17.6,ehr_2025-08-18_F-011.csv,2025-08-18T02:05:00Z
INC-20250818-F-011-006,F-011,2025-08-18,2025-08-18T08:18:00,A3,HIGH,39.9,ehr_2025-08-18_F-011.csv,2025-08-18T02:06:00Z
INC-20250818-F-011-007,F-011,2025-08-18,2025-08-18T08:21:00,B1,MED,21.2,ehr_2025-08-18_F-011.csv,2025-08-18T02:07:00Z
INC-20250818-F-011-008,F-011,2025-08-18,2025-08-18T08:24:00,B2,MED,36.8,ehr_2025-08-18_F-011.csv,2025-08-18T02:08:00Z
INC-20250818-F-011-009,F-011,2025-08-18,2025-08-18T08:27:00,B2,HIGH,38.4,ehr_2025-08-18_F-011.csv,2025-08-18T02:09:00Z
INC-20250818-F-011-010,F-011,2025-08-18,2025-08-18T08:30:00,A2,LOW,11.4,ehr_2025-08-18_F-011.csv,2025-08-18T02:10:00Z
INC-20250818-F-011-011,F-011,2025-08-18,2025-08-18T08:33:00,A3,LOW,34.0,ehr_2025-08-18_F-011.csv,2025-08-18T02:11:00Z
INC-20250818-F-012-000,F-012,2025-08-18,2025-08-18T08:00:00,A4,LOW,21.5,ehr_2025-08-18_F-012.csv,2025-08-18T02:00:00Z
INC-20250818-F-012-001,F-012,2025-08-18,2025-08-18T08:03:00,B1,MED,22.2,ehr_2025-08-18_F-012.csv,2025-08-18T02:01:00Z
INC-20250818-F-012-002,F-012,2025-08-18,2025-08-18T08:06:00,B2,LOW,6.4,ehr_2025-08-18_F-012.csv,2025-08-18T02:02:00Z
INC-20250818-F-012-003,F-012,2025-08-18,2025-08-18T08:09:00,A3,LOW,40.2,ehr_2025-08-18_F-012.csv,2025-08-18T02:03:00Z
INC-20250818-F-012-004,F-012,2025-08-18,2025-08-18T08:12:00,A3,HIGH,42.8,ehr_2025-08-18_F-012.csv,2025-08-18T02:04:00Z
INC-20250818-F-012-005,F-012,2025-08-18,2025-08-18T08:15:00,B1,LOW,25.5,ehr_2025-08-18_F-012.csv,2025-08-18T02:05:00Z
INC-20250818-F-012-006,F-012,2025-08-18,2025-08-18T08:18:00,A4,LOW,12.2,ehr_2025-08-18_F-012.csv,2025-08-18T02:06:00Z
INC-20250818-F-012-007,F-012,2025-08-18,2025-08-18T08:21:00,A1,MED,1.7,ehr_2025-08-18_F-012.csv,2025-08-18T02:07:00Z
INC-20250818-F-012-008,F-012,2025-08-18,2025-08-18T08:24:00,B2,LOW,19.2,ehr_2025-08-18_F-012.csv,2025-08-18T02:08:00Z
INC-20250818-F-012-009,F-012,2025-08-18,2025-08-18T08:27:00,A1,MED,7.8,ehr_2025-08-18_F-012.csv,2025-08-18T02:09:00Z
INC-20250818-F-012-010,F-012,2025-08-18,2025-08-18T08:30:00,B2,HIGH,23.3,ehr_2025-08-18_F-012.csv,2025-08-18T02:10:00Z
INC-20250818-F-012-011,F-012,2025-08-18,2025-08-18T08:33:00,A3,HIGH,31.8,ehr_2025-08-18_F-012.csv,2025-08-18T02:11:00Z
INC-20250818-F-012-012,F-012,2025-08-18,2025-08-18T08:36:00,A1,HIGH,30.1,ehr_2025-08-18_F-012.csv,2025-08-18T02:12:00Z
INC-20250818-F-012-013,F-012,2025-08-18,2025-08-18T08:39:00,B2,HIGH,43.6,ehr_2025-08-18_F-012.csv,2025-08-18T02:13:00Z
INC-20250818-F-013-000,F-013,2025-08-18,2025-08-18T08:00:00,A2,LOW,38.6,ehr_2025-08-18_F-013.csv,2025-08-18T02:00:00Z
INC-20250818-F-013-001,F-013,2025-08-18,2025-08-18T08:03:00,A1,HIGH,3.9,ehr_2025-08-18_F-013.csv,2025-08-18T02:01:00Z
INC-20250818-F-013-002,F-013,2025-08-18,2025-08-18T08:06:00,A4,LOW,19.4,ehr_2025-08-18_F-013.csv,2025-08-18T02:02:00Z
INC-20250818-F-013-003,F-013,2025-08-18,2025-08-18T08:09:00,A4,LOW,1.5,ehr_2025-08-18_F-013.csv,2025-08-18T02:03:00Z
INC-20250818-F-013-004,F-013,2025-08-18,2025-08-18T08:12:00,A4,MED,14.0,ehr_2025-08-18_F-013.csv,2025-08-18T02:04:00Z
INC-20250818-F-013-005,F-013,2025-08-18,2025-08-18T08:15:00,B2,LOW,6.2,ehr_2025-08-18_F-013.csv,2025-08-18T02:05:00Z
INC-20250818-F-013-006,F-013,2025-08-18,2025-08-18T08:18:00,A4,HIGH,38.8,ehr_2025-08-18_F-013.csv,2025-08-18T02:06:00Z
INC-20250818-F-013-007,F-013,2025-08-18,2025-08-18T08:21:00,B2,HIGH,6.7,ehr_2025-08-18_F-013.csv,2025-08-18T02:07:00Z
INC-20250818-F-013-008,F-013,2025-08-18,2025-08-18T08:24:00,A3,HIGH,10.0,ehr_2025-08-18_F-013.csv,2025-08-18T02:08:00Z
INC-20250818-F-013-009,F-013,2025-08-18,2025-08-18T08:27:00,A4,MED,13.3,ehr_2025-08-18_F-013.csv,2025-08-18T02:09:00Z
INC-20250818-F-013-010,F-013,2025-08-18,2025-08-18T08:30:00,A1,MED,39.0,ehr_2025-08-18_F-013.csv,2025-08-18T02:10:00Z
INC-20250818-F-013-011,F-013,2025-08-18,2025-08-18T08:33:00,A4,HIGH,20.7,ehr_2025-08-18_F-013.csv,2025-08-18T02:11:00Z
INC-20250818-F-013-012,F-013,2025-08-18,2025-08-18T08:36:00,A3,MED,32.6,ehr_2025-08-18_F-013.csv,2025-08-18T02:12:00Z
INC-20250818-F-013-013,F-013,2025-08-18,2025-08-18T08:39:00,B2,LOW,44.7,ehr_2025-08-18_F-013.csv,2025-08-18T02:13:00Z
INC-20250818-F-013-014,F-013,2025-08-18,2025-08-18T08:42:00,B2,HIGH,4.5,ehr_2025-08-18_F-013.csv,2025-08-18T02:14:00Z
INC-20250818-F-013-015,F-013,2025-08-18,2025-08-18T08:45:00,A1,MED,14.8,ehr_2025-08-18_F-013.csv,2025-08-18T02:15:00Z
INC-20250818-F-013-016,F-013,2025-08-18,2025-08-18T08:48:00,B2,MED,40.5,ehr_2025-08-18_F-013.csv,2025-08-18T02:16:00Z
INC-20250818-F-013-017,F-013,2025-08-18,2025-08-18T08:51:00,A3,HIGH,2.8,ehr_2025-08-18_F-013.csv,2025-08-18T02:17:00Z
INC-20250818-F-013-018,F-013,2025-08-18,2025-08-18T08:54:00,A1,HIGH,5.6,ehr_2025-08-18_F-013.csv,2025-08-18T02:18:00Z
INC-20250818-F-013-019,F-013,2025-08-18,2025-08-18T08:57:00,A1,MED,31.9,ehr_2025-08-18_F-013.csv,2025-08-18T02:19:00Z
INC-20250818-F-014-000,F-014,2025-08-18,2025-08-18T08:00:00,A3,MED,28.3,ehr_2025-08-18_F-014.csv,2025-08-18T02:00:00Z
INC-20250818-F-014-001,F-014,2025-08-18,2025-08-18T08:03:00,A1,LOW,35.7,ehr_2025-08-18_F-014.csv,2025-08-18T02:01:00Z
INC-20250818-F-014-002,F-014,2025-08-18,2025-08-18T08:06:00,A2,MED,2.6,ehr_2025-08-18_F-014.csv,2025-08-18T02:02:00Z
INC-20250818-F-014-003,F-014,2025-08-18,2025-08-18T08:09:00,B2,MED,15.4,ehr_2025-08-18_F-014.csv,2025-08-18T02:03:00Z
INC-20250818-F-014-004,F-014,2025-08-18,2025-08-18T08:12:00,B2,MED,30.1,ehr_2025-08-18_F-014.csv,2025-08-18T02:04:00Z
INC-20250818-F-014-005,F-014,2025-08-18,2025-08-18T08:15:00,A2,LOW,9.3,ehr_2025-08-18_F-014.csv,2025-08-18T02:05:00Z
INC-20250818-F-014-006,F-014,2025-08-18,2025-08-18T08:18:00,B1,MED,41.9,ehr_2025-08-18_F-014.csv,2025-08-18T02:06:00Z
INC-20250818-F-014-007,F-014,2025-08-18,2025-08-18T08:21:00,B1,LOW,0.8,ehr_2025-08-18_F-014.csv,2025-08-18T02:07:00Z
INC-20250818-F-014-008,F-014,2025-08-18,2025-08-18T08:24:00,A2,HIGH,23.2,ehr_2025-08-18_F-014.csv,2025-08-18T02:08:00Z
INC-20250818-F-014-009,F-014,2025-08-18,2025-08-18T08:27:00,B2,HIGH,29.1,ehr_2025-08-18_F-014.csv,2025-08-18T02:09:00Z
INC-20250818-F-014-010,F-014,2025-08-18,2025-08-18T08:30:00,B1,HIGH,17.6,ehr_2025-08-18_F-014.csv,2025-08-18T02:10:00Z
INC-20250818-F-014-011,F-014,2025-08-18,2025-08-18T08:33:00,B2,HIGH,19.3,ehr_2025-08-18_F-014.csv,2025-08-18T02:11:00Z
INC-20250818-F-014-012,F-014,2025-08-18,2025-08-18T08:36:00,A2,LOW,1.2,ehr_2025-08-18_F-014.csv,2025-08-18T02:12:00Z
INC-20250818-F-014-013,F-014,2025-08-18,2025-08-18T08:39:00,A1,HIGH,46.6,ehr_2025-08-18_F-014.csv,2025-08-18T02:13:00Z
INC-20250818-F-014-014,F-014,2025-08-18,2025-08-18T08:42:00,A2,MED,31.3,ehr_2025-08-18_F-014.csv,2025-08-18T02:14:00Z
INC-20250818-F-014-015,F-014,2025-08-18,2025-08-18T08:45:00,A4,HIGH,41.3,ehr_2025-08-18_F-014.csv,2025-08-18T02:15:00Z
INC-20250818-F-014-016,F-014,2025-08-18,2025-08-18T08:48:00,A1,MED,37.1,ehr_2025-08-18_F-014.csv,2025-08-18T02:16:00Z
INC-20250818-F-015-000,F-015,2025-08-18,2025-08-18T08:00:00,A1,LOW,8.4,ehr_2025-08-18_F-015.csv,2025-08-18T02:00:00Z
INC-20250818-F-015-001,F-015,2025-08-18,2025-08-18T08:03:00,B2,MED,46.3,ehr_2025-08-18_F-015.csv,2025-08-18T02:01:00Z
INC-20250818-F-015-002,F-015,2025-08-18,2025-08-18T08:06:00,A4,HIGH,12.0,ehr_2025-08-18_F-015.csv,2025-08-18T02:02:00Z
INC-20250818-F-015-003,F-015,2025-08-18,2025-08-18T08:09:00,A4,LOW,16.4,ehr_2025-08-18_F-015.csv,2025-08-18T02:03:00Z
INC-20250818-F-015-004,F-015,2025-08-18,2025-08-18T08:12:00,B2,MED,47.0,ehr_2025-08-18_F-015.csv,2025-08-18T02:04:00Z
INC-20250818-F-015-005,F-015,2025-08-18,2025-08-18T08:15:00,B2,HIGH,28.8,ehr_2025-08-18_F-015.csv,2025-08-18T02:05:00Z
INC-20250818-F-015-006,F-015,2025-08-18,2025-08-18T08:18:00,A3,LOW,23.7,ehr_2025-08-18_F-015.csv,2025-08-18T02:06:00Z
INC-20250818-F-015-007,F-015,2025-08-18,2025-08-18T08:21:00,B1,HIGH,29.5,ehr_2025-08-18_F-015.csv,2025-08-18T02:07:00Z
INC-20250818-F-015-008,F-015,2025-08-18,2025-08-18T08:24:00,A4,LOW,34.4,ehr_2025-08-18_F-015.csv,2025-08-18T02:08:00Z
INC-20250818-F-015-009,F-015,2025-08-18,2025-08-18T08:27:00,A4,HIGH,15.5,ehr_2025-08-18_F-015.csv,2025-08-18T02:09:00Z
INC-20250818-F-016-000,F-016,2025-08-18,2025-08-18T08:00:00,B2,MED,42.7,ehr_2025-08-18_F-016.csv,2025-08-18T02:00:00Z
INC-20250818-F-016-001,F-016,2025-08-18,2025-08-18T08:03:00,B1,HIGH,17.0,ehr_2025-08-18_F-016.csv,2025-08-18T02:01:00Z
INC-20250818-F-016-002,F-016,2025-08-18,2025-08-18T08:06:00,A1,LOW,14.2,ehr_2025-08-18_F-016.csv,2025-08-18T02:02:00Z
INC-20250818-F-016-003,F-016,2025-08-18,2025-08-18T08:09:00,A3,MED,11.5,ehr_2025-08-18_F-016.csv,2025-08-18T02:03:00Z
INC-20250818-F-016-004,F-016,2025-08-18,2025-08-18T08:12:00,B2,MED,44.3,ehr_2025-08-18_F-016.csv,2025-08-18T02:04:00Z
INC-20250818-F-016-005,F-016,2025-08-18,2025-08-18T08:15:00,B2,HIGH,22.8,ehr_2025-08-18_F-016.csv,2025-08-18T02:05:00Z
INC-20250818-F-016-006,F-016,2025-08-18,2025-08-18T08:18:00,B2,HIGH,19.0,ehr_2025-08-18_F-016.csv,2025-08-18T02:06:00Z
INC-20250818-F-016-007,F-016,2025-08-18,2025-08-18T08:21:00,B2,HIGH,35.4,ehr_2025-08-18_F-016.csv,2025-08-18T02:07:00Z
INC-20250818-F-016-008,F-016,2025-08-18,2025-08-18T08:24:00,A2,HIGH,10.3,ehr_2025-08-18_F-016.csv,2025-08-18T02:08:00Z
INC-20250818-F-017-000,F-017,2025-08-18,2025-08-18T08:00:00,B2,MED,6.6,ehr_2025-08-18_F-017.csv,2025-08-18T02:00:00Z
INC-20250818-F-017-001,F-017,2025-08-18,2025-08-18T08:03:00,B1,MED,5.3,ehr_2025-08-18_F-017.csv,2025-08-18T02:01:00Z
INC-20250818-F-017-002,F-017,2025-08-18,2025-08-18T08:06:00,A4,MED,11.6,ehr_2025-08-18_F-017.csv,2025-08-18T02:02:00Z
INC-20250818-F-017-003,F-017,2025-08-18,2025-08-18T08:09:00,A1,MED,42.3,ehr_2025-08-18_F-017.csv,2025-08-18T02:03:00Z
INC-20250818-F-017-004,F-017,2025-08-18,2025-08-18T08:12:00,A2,LOW,39.8,ehr_2025-08-18_F-017.csv,2025-08-18T02:04:00Z
INC-20250818-F-017-005,F-017,2025-08-18,2025-08-18T08:15:00,A1,LOW,16.5,ehr_2025-08-18_F-017.csv,2025-08-18T02:05:00Z
INC-20250818-F-017-006,F-017,2025-08-18,2025-08-18T08:18:00,A2,LOW,27.2,ehr_2025-08-18_F-017.csv,2025-08-18T02:06:00Z
INC-20250818-F-017-007,F-017,2025-08-18,2025-08-18T08:21:00,A3,MED,37.0,ehr_2025-08-18_F-017.csv,2025-08-18T02:07:00Z
INC-20250818-F-017-008,F-017,2025-08-18,2025-08-18T08:24:00,B1,MED,43.1,ehr_2025-08-18_F-017.csv,2025-08-18T02:08:00Z
INC-20250818-F-017-009,F-017,2025-08-18,2025-08-18T08:27:00,B1,HIGH,32.3,ehr_2025-08-18_F-017.csv,2025-08-18T02:09:00Z
INC-20250818-F-017-010,F-017,2025-08-18,2025-08-18T08:30:00,A4,MED,46.2,ehr_2025-08-18_F-017.csv,2025-08-18T02:10:00Z
INC-20250818-F-017-011,F-017,2025-08-18,2025-08-18T08:33:00,A1,HIGH,29.5,ehr_2025-08-18_F-017.csv,2025-08-18T02:11:00Z
INC-20250818-F-017-012,F-017,2025-08-18,2025-08-18T08:36:00,A1,HIGH,2.5,ehr_2025-08-18_F-017.csv,2025-08-18T02:12:00Z
INC-20250818-F-017-013,F-017,2025-08-18,2025-08-18T08:39:00,B2,LOW,41.9,ehr_2025-08-18_F-017.csv,2025-08-18T02:13:00Z
INC-20250818-F-017-014,F-017,2025-08-18,2025-08-18T08:42:00,A2,HIGH,14.4,ehr_2025-08-18_F-017.csv,2025-08-18T02:14:00Z
INC-20250818-F-017-015,F-017,2025-08-18,2025-08-18T08:45:00,B1,MED,35.3,ehr_2025-08-18_F-017.csv,2025-08-18T02:15:00Z
INC-20250818-F-017-016,F-017,2025-08-18,2025-08-18T08:48:00,B2,MED,16.4,ehr_2025-08-18_F-017.csv,2025-08-18T02:16:00Z
INC-20250818-F-017-017,F-017,2025-08-18,2025-08-18T08:51:00,A2,MED,46.6,ehr_2025-08-18_F-017.csv,2025-08-18T02:17:00Z
INC-20250818-F-017-018,F-017,2025-08-18,2025-08-18T08:54:00,A1,LOW,40.2,ehr_2025-08-18_F-017.csv,2025-08-18T02:18:00Z
INC-20250818-F-018-000,F-018,2025-08-18,2025-08-18T08:00:00,B1,LOW,4.5,ehr_2025-08-18_F-018.csv,2025-08-18T02:00:00Z
INC-20250818-F-018-001,F-018,2025-08-18,2025-08-18T08:03:00,A4,MED,30.4,ehr_2025-08-18_F-018.csv,2025-08-18T02:01:00Z
INC-20250818-F-018-002,F-018,2025-08-18,2025-08-18T08:06:00,B1,MED,37.9,ehr_2025-08-18_F-018.csv,2025-08-18T02:02:00Z
INC-20250818-F-018-003,F-018,2025-08-18,2025-08-18T08:09:00,A4,MED,44.1,ehr_2025-08-18_F-018.csv,2025-08-18T02:03:00Z
INC-20250818-F-018-004,F-018,2025-08-18,2025-08-18T08:12:00,B1,HIGH,17.7,ehr_2025-08-18_F-018.csv,2025-08-18T02:04:00Z
INC-20250818-F-018-005,F-018,2025-08-18,2025-08-18T08:15:00,XX,LOW,34.6,ehr_2025-08-18_F-018.csv,2025-08-18T02:05:00Z
INC-20250818-F-018-006,F-018,2025-08-18,2025-08-18T08:18:00,A1,LOW,16.6,ehr_2025-08-18_F-018.csv,2025-08-18T02:06:00Z
INC-20250818-F-018-007,F-018,2025-08-18,2025-08-18T08:21:00,A2,MED,3.4,ehr_2025-08-18_F-018.csv,2025-08-18T02:07:00Z
INC-20250818-F-018-008,F-018,2025-08-18,2025-08-18T08:24:00,B2,HIGH,7.7,ehr_2025-08-18_F-018.csv,2025-08-18T02:08:00Z
INC-20250818-F-018-009,F-018,2025-08-18,2025-08-18T08:27:00,B2,HIGH,38.5,ehr_2025-08-18_F-018.csv,2025-08-18T02:09:00Z
INC-20250818-F-018-010,F-018,2025-08-18,2025-08-18T08:30:00,A3,MED,19.6,ehr_2025-08-18_F-018.csv,2025-08-18T02:10:00Z
INC-20250818-F-018-011,F-018,2025-08-18,2025-08-18T08:33:00,B1,MED,34.8,ehr_2025-08-18_F-018.csv,2025-08-18T02:11:00Z
INC-20250818-F-018-012,F-018,2025-08-18,2025-08-18T08:36:00,A3,LOW,39.8,ehr_2025-08-18_F-018.csv,2025-08-18T02:12:00Z
INC-20250818-F-018-013,F-018,2025-08-18,2025-08-18T08:39:00,B1,LOW,33.8,ehr_2025-08-18_F-018.csv,2025-08-18T02:13:00Z
INC-20250818-F-018-014,F-018,2025-08-18,2025-08-18T08:42:00,A2,HIGH,30.2,ehr_2025-08-18_F-018.csv,2025-08-18T02:14:00Z
INC-20250818-F-019-000,F-019,2025-08-18,2025-08-18T08:00:00,B2,MED,42.7,ehr_2025-08-18_F-019.csv,2025-08-18T02:00:00Z
INC-20250818-F-019-001,F-019,2025-08-18,2025-08-18T08:03:00,A4,LOW,42.3,ehr_2025-08-18_F-019.csv,2025-08-18T02:01:00Z
INC-20250818-F-019-002,F-019,2025-08-18,2025-08-18T08:06:00,B1,MED,19.0,ehr_2025-08-18_F-019.csv,2025-08-18T02:02:00Z
INC-20250818-F-019-003,F-019,2025-08-18,2025-08-18T08:09:00,A2,HIGH,47.6,ehr_2025-08-18_F-019.csv,2025-08-18T02:03:00Z
INC-20250818-F-019-004,F-019,2025-08-18,2025-08-18T08:12:00,A1,HIGH,26.7,ehr_2025-08-18_F-019.csv,2025-08-18T02:04:00Z
INC-20250818-F-019-005,F-019,2025-08-18,2025-08-18T08:15:00,B2,LOW,1.6,ehr_2025-08-18_F-019.csv,2025-08-18T02:05:00Z
INC-20250818-F-019-006,F-019,2025-08-18,2025-08-18T08:18:00,B1,HIGH,12.8,ehr_2025-08-18_F-019.csv,2025-08-18T02:06:00Z
INC-20250818-F-019-007,F-019,2025-08-18,2025-08-18T08:21:00,A3,HIGH,20.6,ehr_2025-08-18_F-019.csv,2025-08-18T02:07:00Z
INC-20250818-F-019-008,F-019,2025-08-18,2025-08-18T08:24:00,B2,LOW,40.5,ehr_2025-08-18_F-019.csv,2025-08-18T02:08:00Z
INC-20250818-F-019-009,F-019,2025-08-18,2025-08-18T08:27:00,B1,MED,6.4,ehr_2025-08-18_F-019.csv,2025-08-18T02:09:00Z
INC-20250818-F-019-010,F-019,2025-08-18,2025-08-18T08:30:00,A1,MED,14.7,ehr_2025-08-18_F-019.csv,2025-08-18T02:10:00Z
INC-20250818-F-019-011,F-019,2025-08-18,2025-08-18T08:33:00,A4,MED,47.2,ehr_2025-08-18_F-019.csv,2025-08-18T02:11:00Z
INC-20250818-F-019-012,F-019,2025-08-18,2025-08-18T08:36:00,B1,HIGH,34.4,ehr_2025-08-18_F-019.csv,2025-08-18T02:12:00Z
INC-20250818-F-019-013,F-019,2025-08-18,2025-08-18T08:39:00,B2,HIGH,40.6,ehr_2025-08-18_F-019.csv,2025-08-18T02:13:00Z
INC-20250818-F-019-014,F-019,2025-08-18,2025-08-18T08:42:00,A3,MED,32.2,ehr_2025-08-18_F-019.csv,2025-08-18T02:14:00Z
INC-20250818-F-019-015,F-019,2025-08-18,2025-08-18T08:45:00,B1,HIGH,7.1,ehr_2025-08-18_F-019.csv,2025-08-18T02:15:00Z
INC-20250818-F-019-016,F-019,2025-08-18,2025-08-18T08:48:00,B2,LOW,5.5,ehr_2025-08-18_F-019.csv,2025-08-18T02:16:00Z
INC-20250818-F-020-000,F-020,2025-08-18,2025-08-18T08:00:00,A3,MED,5.2,ehr_2025-08-18_F-020.csv,2025-08-18T02:00:00Z
INC-20250818-F-020-001,F-020,2025-08-18,2025-08-18T08:03:00,A4,LOW,4.9,ehr_2025-08-18_F-020.csv,2025-08-18T02:01:00Z
INC-20250818-F-020-002,F-020,2025-08-18,2025-08-18T08:06:00,A2,MED,10.7,ehr_2025-08-18_F-020.csv,2025-08-18T02:02:00Z
INC-20250818-F-020-003,F-020,2025-08-18,2025-08-18T08:09:00,B2,HIGH,19.6,ehr_2025-08-18_F-020.csv,2025-08-18T02:03:00Z
INC-20250818-F-020-004,F-020,2025-08-18,2025-08-18T08:12:00,A4,MED,28.3,ehr_2025-08-18_F-020.csv,2025-08-18T02:04:00Z
INC-20250818-F-020-005,F-020,2025-08-18,2025-08-18T08:15:00,A4,HIGH,44.7,ehr_2025-08-18_F-020.csv,2025-08-18T02:05:00Z
INC-20250818-F-020-006,F-020,2025-08-18,2025-08-18T08:18:00,A4,LOW,7.4,ehr_2025-08-18_F-020.csv,2025-08-18T02:06:00Z
INC-20250818-F-020-007,F-020,2025-08-18,2025-08-18T08:21:00,B2,MED,6.6,ehr_2025-08-18_F-020.csv,2025-08-18T02:07:00Z
INC-20250818-F-020-008,F-020,2025-08-18,2025-08-18T08:24:00,B1,LOW,33.5,ehr_2025-08-18_F-020.csv,2025-08-18T02:08:00Z
INC-20250818-F-020-009,F-020,2025-08-18,2025-08-18T08:27:00,A1,HIGH,7.9,ehr_2025-08-18_F-020.csv,2025-08-18T02:09:00Z
INC-20250818-F-020-010,F-020,2025-08-18,2025-08-18T08:30:00,A1,HIGH,41.0,ehr_2025-08-18_F-020.csv,2025-08-18T02:10:00Z
INC-20250818-F-020-011,F-020,2025-08-18,2025-08-18T08:33:00,A3,HIGH,14.3,ehr_2025-08-18_F-020.csv,2025-08-18T02:11:00Z
INC-20250818-F-020-012,F-020,2025-08-18,2025-08-18T08:36:00,A1,MED,15.0,ehr_2025-08-18_F-020.csv,2025-08-18T02:12:00Z
INC-20250818-F-020-013,F-020,2025-08-18,2025-08-18T08:39:00,A3,MED,1.8,ehr_2025-08-18_F-020.csv,2025-08-18T02:13:00Z
INC-20250818-F-020-014,F-020,2025-08-18,2025-08-18T08:42:00,B1,MED,2.8,ehr_2025-08-18_F-020.csv,2025-08-18T02:14:00Z
INC-20250818-F-020-015,F-020,2025-08-18,2025-08-18T08:45:00,A3,LOW,9.2,ehr_2025-08-18_F-020.csv,2025-08-18T02:15:00Z
INC-20250818-F-021-000,F-021,2025-08-18,2025-08-18T08:00:00,A1,HIGH,17.1,ehr_2025-08-18_F-021.csv,2025-08-18T02:00:00Z
INC-20250818-F-021-001,F-021,2025-08-18,2025-08-18T08:03:00,A4,MED,27.7,ehr_2025-08-18_F-021.csv,2025-08-18T02:01:00Z
INC-20250818-F-021-002,F-021,2025-08-18,2025-08-18T08:06:00,A3,MED,23.1,ehr_2025-08-18_F-021.csv,2025-08-18T02:02:00Z
INC-20250818-F-021-003,F-021,2025-08-18,2025-08-18T08:09:00,B1,LOW,36.7,ehr_2025-08-18_F-021.csv,2025-08-18T02:03:00Z
INC-20250818-F-021-004,F-021,2025-08-18,2025-08-18T08:12:00,A4,MED,32.2,ehr_2025-08-18_F-021.csv,2025-08-18T02:04:00Z
INC-20250818-F-021-005,F-021,2025-08-18,2025-08-18T08:15:00,B2,MED,4.7,ehr_2025-08-18_F-021.csv,2025-08-18T02:05:00Z
INC-20250818-F-021-006,F-021,2025-08-18,2025-08-18T08:18:00,B1,MED,18.9,ehr_2025-08-18_F-021.csv,2025-08-18T02:06:00Z
INC-20250818-F-021-007,F-021,2025-08-18,2025-08-18T08:21:00,A3,HIGH,2.7,ehr_2025-08-18_F-021.csv,2025-08-18T02:07:00Z
INC-20250818-F-021-008,F-021,2025-08-18,2025-08-18T08:24:00,A4,HIGH,13.7,ehr_2025-08-18_F-021.csv,2025-08-18T02:08:00Z
INC-20250818-F-021-009,F-021,2025-08-18,2025-08-18T08:27:00,A2,HIGH,1.7,ehr_2025-08-18_F-021.csv,2025-08-18T02:09:00Z
INC-20250818-F-021-010,F-021,2025-08-18,2025-08-18T08:30:00,B2,MED,27.1,ehr_2025-08-18_F-021.csv,2025-08-18T02:10:00Z
INC-20250818-F-021-011,F-021,2025-08-18,2025-08-18T08:33:00,B1,LOW,9.6,ehr_2025-08-18_F-021.csv,2025-08-18T02:11:00Z
INC-20250818-F-021-012,F-021,2025-08-18,2025-08-18T08:36:00,B1,LOW,46.0,ehr_2025-08-18_F-021.csv,2025-08-18T02:12:00Z
INC-20250818-F-021-013,F-021,2025-08-18,2025-08-18T08:39:00,A4,HIGH,43.1,ehr_2025-08-18_F-021.csv,2025-08-18T02:13:00Z
INC-20250818-F-021-014,F-021,2025-08-18,2025-08-18T08:42:00,B1,LOW,46.2,ehr_2025-08-18_F-021.csv,2025-08-18T02:14:00Z
INC-20250818-F-021-015,F-021,2025-08-18,2025-08-18T08:45:00,A2,LOW,39.9,ehr_2025-08-18_F-021.csv,2025-08-18T02:15:00Z
INC-20250818-F-021-016,F-021,2025-08-18,2025-08-18T08:48:00,B1,MED,4.5,ehr_2025-08-18_F-021.csv,2025-08-18T02:16:00Z
INC-20250818-F-021-017,F-021,2025-08-18,2025-08-18T08:51:00,A3,MED,28.5,ehr_2025-08-18_F-021.csv,2025-08-18T02:17:00Z
INC-20250818-F-021-018,F-021,2025-08-18,2025-08-18T08:54:00,A1,MED,21.3,ehr_2025-08-18_F-021.csv,2025-08-18T02:18:00Z
INC-20250818-F-022-000,F-022,2025-08-18,2025-08-18T08:00:00,Z9,MED,18.6,ehr_2025-08-18_F-022.csv,2025-08-18T02:00:00Z
INC-20250818-F-022-001,F-022,2025-08-18,2025-08-18T08:03:00,A1,HIGH,8.5,ehr_2025-08-18_F-022.csv,2025-08-18T02:01:00Z
INC-20250818-F-022-002,F-022,2025-08-18,2025-08-18T08:06:00,A3,LOW,7.8,ehr_2025-08-18_F-022.csv,2025-08-18T02:02:00Z
INC-20250818-F-022-003,F-022,2025-08-18,2025-08-18T08:09:00,B2,LOW,3.3,ehr_2025-08-18_F-022.csv,2025-08-18T02:03:00Z
INC-20250818-F-022-004,F-022,2025-08-18,2025-08-18T08:12:00,A2,LOW,34.4,ehr_2025-08-18_F-022.csv,2025-08-18T02:04:00Z
INC-20250818-F-022-005,F-022,2025-08-18,2025-08-18T08:15:00,A1,MED,7.3,ehr_2025-08-18_F-022.csv,2025-08-18T02:05:00Z
INC-20250818-F-022-006,F-022,2025-08-18,2025-08-18T08:18:00,A3,MED,45.2,ehr_2025-08-18_F-022.csv,2025-08-18T02:06:00Z
INC-20250818-F-022-007,F-022,2025-08-18,2025-08-18T08:21:00,A1,LOW,11.9,ehr_2025-08-18_F-022.csv,2025-08-18T02:07:00Z
INC-20250818-F-022-008,F-022,2025-08-18,2025-08-18T08:24:00,A2,MED,24.7,ehr_2025-08-18_F-022.csv,2025-08-18T02:08:00Z
INC-20250818-F-022-009,F-022,2025-08-18,2025-08-18T08:27:00,A1,MED,3.4,ehr_2025-08-18_F-022.csv,2025-08-18T02:09:00Z
INC-20250818-F-022-010,F-022,2025-08-18,2025-08-18T08:30:00,A4,LOW,23.5,ehr_2025-08-18_F-022.csv,2025-08-18T02:10:00Z
INC-20250818-F-022-011,F-022,2025-08-18,2025-08-18T08:33:00,A2,LOW,13.3,ehr_2025-08-18_F-022.csv,2025-08-18T02:11:00Z
INC-20250818-F-022-012,F-022,2025-08-18,2025-08-18T08:36:00,B2,LOW,12.2,ehr_2025-08-18_F-022.csv,2025-08-18T02:12:00Z
INC-20250818-F-022-013,F-022,2025-08-18,2025-08-18T08:39:00,A2,MED,27.5,ehr_2025-08-18_F-022.csv,2025-08-18T02:13:00Z
INC-20250818-F-023-000,F-023,2025-08-18,2025-08-18T08:00:00,B2,HIGH,10.2,ehr_2025-08-18_F-023.csv,2025-08-18T02:00:00Z
INC-20250818-F-023-001,F-023,2025-08-18,2025-08-18T08:03:00,A3,HIGH,47.3,ehr_2025-08-18_F-023.csv,2025-08-18T02:01:00Z
INC-20250818-F-023-002,F-023,2025-08-18,2025-08-18T08:06:00,B1,MED,46.2,ehr_2025-08-18_F-023.csv,2025-08-18T02:02:00Z
INC-20250818-F-023-003,F-023,2025-08-18,2025-08-18T08:09:00,A1,LOW,39.1,ehr_2025-08-18_F-023.csv,2025-08-18T02:03:00Z
INC-20250818-F-023-004,F-023,2025-08-18,2025-08-18T08:12:00,B1,MED,31.5,ehr_2025-08-18_F-023.csv,2025-08-18T02:04:00Z
INC-20250818-F-023-005,F-023,2025-08-18,2025-08-18T08:15:00,A1,MED,13.5,ehr_2025-08-18_F-023.csv,2025-08-18T02:05:00Z
INC-20250818-F-023-006,F-023,2025-08-18,2025-08-18T08:18:00,B2,MED,48.0,ehr_2025-08-18_F-023.csv,2025-08-18T02:06:00Z
INC-20250818-F-023-007,F-023,2025-08-18,2025-08-18T08:21:00,A2,HIGH,40.4,ehr_2025-08-18_F-023.csv,2025-08-18T02:07:00Z
INC-20250818-F-023-008,F-023,2025-08-18,2025-08-18T08:24:00,A2,HIGH,25.9,ehr_2025-08-18_F-023.csv,2025-08-18T02:08:00Z
INC-20250818-F-023-009,F-023,2025-08-18,2025-08-18T08:27:00,A1,MED,33.7,ehr_2025-08-18_F-023.csv,2025-08-18T02:09:00Z
INC-20250818-F-023-010,F-023,2025-08-18,2025-08-18T08:30:00,B2,HIGH,47.9,ehr_2025-08-18_F-023.csv,2025-08-18T02:10:00Z
INC-20250818-F-023-011,F-023,2025-08-18,2025-08-18T08:33:00,A2,HIGH,24.5,ehr_2025-08-18_F-023.csv,2025-08-18T02:11:00Z
INC-20250818-F-023-012,F-023,2025-08-18,2025-08-18T08:36:00,B2,MED,30.7,ehr_2025-08-18_F-023.csv,2025-08-18T02:12:00Z
INC-20250818-F-023-013,F-023,2025-08-18,2025-08-18T08:39:00,B2,MED,13.5,ehr_2025-08-18_F-023.csv,2025-08-18T02:13:00Z
INC-20250818-F-023-014,F-023,2025-08-18,2025-08-18T08:42:00,A3,MED,10.5,ehr_2025-08-18_F-023.csv,2025-08-18T02:14:00Z
INC-20250818-F-024-000,F-024,2025-08-18,2025-08-18T08:00:00,B2,LOW,31.2,ehr_2025-08-18_F-024.csv,2025-08-18T02:00:00Z
INC-20250818-F-024-001,F-024,2025-08-18,2025-08-18T08:03:00,??,LOW,43.3,ehr_2025-08-18_F-024.csv,2025-08-18T02:01:00Z
INC-20250818-F-024-002,F-024,2025-08-18,2025-08-18T08:06:00,A4,HIGH,43.0,ehr_2025-08-18_F-024.csv,2025-08-18T02:02:00Z
INC-20250818-F-024-003,F-024,2025-08-18,2025-08-18T08:09:00,A4,HIGH,4.4,ehr_2025-08-18_F-024.csv,2025-08-18T02:03:00Z
INC-20250818-F-024-004,F-024,2025-08-18,2025-08-18T08:12:00,B2,LOW,26.1,ehr_2025-08-18_F-024.csv,2025-08-18T02:04:00Z
INC-20250818-F-024-005,F-024,2025-08-18,2025-08-18T08:15:00,B2,MED,32.4,ehr_2025-08-18_F-024.csv,2025-08-18T02:05:00Z
INC-20250818-F-024-006,F-024,2025-08-18,2025-08-18T08:18:00,A4,HIGH,17.5,ehr_2025-08-18_F-024.csv,2025-08-18T02:06:00Z
INC-20250818-F-024-007,F-024,2025-08-18,2025-08-18T08:21:00,B2,LOW,6.4,ehr_2025-08-18_F-024.csv,2025-08-18T02:07:00Z
INC-20250818-F-024-008,F-024,2025-08-18,2025-08-18T08:24:00,A2,MED,0.9,ehr_2025-08-18_F-024.csv,2025-08-18T02:08:00Z
INC-20250818-F-024-009,F-024,2025-08-18,2025-08-18T08:27:00,A3,HIGH,44.3,ehr_2025-08-18_F-024.csv,2025-08-18T02:09:00Z
INC-20250818-F-024-010,F-024,2025-08-18,2025-08-18T08:30:00,A1,HIGH,30.2,ehr_2025-08-18_F-024.csv,2025-08-18T02:10:00Z
INC-20250818-F-024-011,F-024,2025-08-18,2025-08-18T08:33:00,A2,LOW,47.1,ehr_2025-08-18_F-024.csv,2025-08-18T02:11:00Z
INC-20250818-F-024-012,F-024,2025-08-18,2025-08-18T08:36:00,A1,MED,23.9,ehr_2025-08-18_F-024.csv,2025-08-18T02:12:00Z
INC-20250818-F-024-013,F-024,2025-08-18,2025-08-18T08:39:00,B1,LOW,0.8,ehr_2025-08-18_F-024.csv,2025-08-18T02:13:00Z
INC-20250818-F-024-014,F-024,2025-08-18,2025-08-18T08:42:00,B2,MED,5.8,ehr_2025-08-18_F-024.csv,2025-08-18T02:14:00Z
INC-20250818-F-024-015,F-024,2025-08-18,2025-08-18T08:45:00,B1,MED,8.6,ehr_2025-08-18_F-024.csv,2025-08-18T02:15:00Z
INC-20250818-F-024-016,F-024,2025-08-18,2025-08-18T08:48:00,B2,HIGH,32.4,ehr_2025-08-18_F-024.csv,2025-08-18T02:16:00Z
INC-20250818-F-025-000,F-025,2025-08-18,2025-08-18T08:00:00,A1,HIGH,6.6,ehr_2025-08-18_F-025.csv,2025-08-18T02:00:00Z
INC-20250818-F-025-001,F-025,2025-08-18,2025-08-18T08:03:00,A3,HIGH,41.1,ehr_2025-08-18_F-025.csv,2025-08-18T02:01:00Z
INC-20250818-F-025-002,F-025,2025-08-18,2025-08-18T08:06:00,B2,MED,9.6,ehr_2025-08-18_F-025.csv,2025-08-18T02:02:00Z
INC-20250818-F-025-003,F-025,2025-08-18,2025-08-18T08:09:00,B2,HIGH,25.8,ehr_2025-08-18_F-025.csv,2025-08-18T02:03:00Z
INC-20250818-F-025-004,F-025,2025-08-18,2025-08-18T08:12:00,B1,MED,0.6,ehr_2025-08-18_F-025.csv,2025-08-18T02:04:00Z
INC-20250818-F-025-005,F-025,2025-08-18,2025-08-18T08:15:00,B2,HIGH,3.0,ehr_2025-08-18_F-025.csv,2025-08-18T02:05:00Z
INC-20250818-F-025-006,F-025,2025-08-18,2025-08-18T08:18:00,A4,MED,13.5,ehr_2025-08-18_F-025.csv,2025-08-18T02:06:00Z
INC-20250818-F-025-007,F-025,2025-08-18,2025-08-18T08:21:00,A4,MED,17.7,ehr_2025-08-18_F-025.csv,2025-08-18T02:07:00Z
INC-20250818-F-025-008,F-025,2025-08-18,2025-08-18T08:24:00,B2,LOW,2.7,ehr_2025-08-18_F-025.csv,2025-08-18T02:08:00Z
INC-20250818-F-025-009,F-025,2025-08-18,2025-08-18T08:27:00,B1,MED,15.5,ehr_2025-08-18_F-025.csv,2025-08-18T02:09:00Z
INC-20250818-F-025-010,F-025,2025-08-18,2025-08-18T08:30:00,A3,LOW,42.3,ehr_2025-08-18_F-025.csv,2025-08-18T02:10:00Z
INC-20250818-F-025-011,F-025,2025-08-18,2025-08-18T08:33:00,B2,LOW,47.0,ehr_2025-08-18_F-025.csv,2025-08-18T02:11:00Z
INC-20250818-F-025-012,F-025,2025-08-18,2025-08-18T08:36:00,A1,LOW,9.9,ehr_2025-08-18_F-025.csv,2025-08-18T02:12:00Z
INC-20250818-F-025-013,F-025,2025-08-18,2025-08-18T08:39:00,A1,HIGH,30.2,ehr_2025-08-18_F-025.csv,2025-08-18T02:13:00Z
INC-20250818-F-025-014,F-025,2025-08-18,2025-08-18T08:42:00,??,LOW,28.6,ehr_2025-08-18_F-025.csv,2025-08-18T02:14:00Z
INC-20250818-F-025-015,F-025,2025-08-18,2025-08-18T08:45:00,A3,MED,12.2,ehr_2025-08-18_F-025.csv,2025-08-18T02:15:00Z
INC-20250818-F-025-016,F-025,2025-08-18,2025-08-18T08:48:00,A3,LOW,39.5,ehr_2025-08-18_F-025.csv,2025-08-18T02:16:00Z
INC-20250818-F-026-000,F-026,2025-08-18,2025-08-18T08:00:00,A1,HIGH,29.9,ehr_2025-08-18_F-026.csv,2025-08-18T02:00:00Z
INC-20250818-F-026-001,F-026,2025-08-18,2025-08-18T08:03:00,B2,MED,28.0,ehr_2025-08-18_F-026.csv,2025-08-18T02:01:00Z
INC-20250818-F-026-002,F-026,2025-08-18,2025-08-18T08:06:00,A1,LOW,18.4,ehr_2025-08-18_F-026.csv,2025-08-18T02:02:00Z
INC-20250818-F-026-003,F-026,2025-08-18,2025-08-18T08:09:00,B2,LOW,37.7,ehr_2025-08-18_F-026.csv,2025-08-18T02:03:00Z
INC-20250818-F-026-004,F-026,2025-08-18,2025-08-18T08:12:00,A4,LOW,14.8,ehr_2025-08-18_F-026.csv,2025-08-18T02:04:00Z
INC-20250818-F-026-005,F-026,2025-08-18,2025-08-18T08:15:00,A1,LOW,32.7,ehr_2025-08-18_F-026.csv,2025-08-18T02:05:00Z
INC-20250818-F-026-006,F-026,2025-08-18,2025-08-18T08:18:00,A3,MED,19.6,ehr_2025-08-18_F-026.csv,2025-08-18T02:06:00Z
INC-20250818-F-026-007,F-026,2025-08-18,2025-08-18T08:21:00,A4,LOW,41.6,ehr_2025-08-18_F-026.csv,2025-08-18T02:07:00Z
INC-20250818-F-026-008,F-026,2025-08-18,2025-08-18T08:24:00,B1,LOW,22.0,ehr_2025-08-18_F-026.csv,2025-08-18T02:08:00Z
INC-20250818-F-026-009,F-026,2025-08-18,2025-08-18T08:27:00,A4,HIGH,29.9,ehr_2025-08-18_F-026.csv,2025-08-18T02:09:00Z
INC-20250818-F-026-010,F-026,2025-08-18,2025-08-18T08:30:00,B2,LOW,22.1,ehr_2025-08-18_F-026.csv,2025-08-18T02:10:00Z
INC-20250818-F-026-011,F-026,2025-08-18,2025-08-18T08:33:00,A2,LOW,5.4,ehr_2025-08-18_F-026.csv,2025-08-18T02:11:00Z
INC-20250818-F-026-012,F-026,2025-08-18,2025-08-18T08:36:00,A1,HIGH,38.0,ehr_2025-08-18_F-026.csv,2025-08-18T02:12:00Z
INC-20250818-F-026-013,F-026,2025-08-18,2025-08-18T08:39:00,B1,LOW,30.8,ehr_2025-08-18_F-026.csv,2025-08-18T02:13:00Z
INC-20250818-F-026-014,F-026,2025-08-18,2025-08-18T08:42:00,A4,MED,34.9,ehr_2025-08-18_F-026.csv,2025-08-18T02:14:00Z
INC-20250818-F-026-015,F-026,2025-08-18,2025-08-18T08:45:00,A2,LOW,38.4,ehr_2025-08-18_F-026.csv,2025-08-18T02:15:00Z
INC-20250818-F-027-000,F-027,2025-08-18,2025-08-18T08:00:00,B1,MED,24.9,ehr_2025-08-18_F-027.csv,2025-08-18T02:00:00Z
INC-20250818-F-027-001,F-027,2025-08-18,2025-08-18T08:03:00,A3,MED,28.2,ehr_2025-08-18_F-027.csv,2025-08-18T02:01:00Z
INC-20250818-F-027-002,F-027,2025-08-18,2025-08-18T08:06:00,A2,LOW,22.8,ehr_2025-08-18_F-027.csv,2025-08-18T02:02:00Z
INC-20250818-F-027-003,F-027,2025-08-18,2025-08-18T08:09:00,A3,MED,46.6,ehr_2025-08-18_F-027.csv,2025-08-18T02:03:00Z
INC-20250818-F-027-004,F-027,2025-08-18,2025-08-18T08:12:00,B2,HIGH,7.4,ehr_2025-08-18_F-027.csv,2025-08-18T02:04:00Z
INC-20250818-F-027-005,F-027,2025-08-18,2025-08-18T08:15:00,B1,LOW,20.5,ehr_2025-08-18_F-027.csv,2025-08-18T02:05:00Z
INC-20250818-F-027-006,F-027,2025-08-18,2025-08-18T08:18:00,A2,HIGH,43.7,ehr_2025-08-18_F-027.csv,2025-08-18T02:06:00Z
INC-20250818-F-027-007,F-027,2025-08-18,2025-08-18T08:21:00,A3,LOW,32.2,ehr_2025-08-18_F-027.csv,2025-08-18T02:07:00Z
INC-20250818-F-028-000,F-028,2025-08-18,2025-08-18T08:00:00,A4,HIGH,33.4,ehr_2025-08-18_F-028.csv,2025-08-18T02:00:00Z
INC-20250818-F-028-001,F-028,2025-08-18,2025-08-18T08:03:00,B1,MED,29.8,ehr_2025-08-18_F-028.csv,2025-08-18T02:01:00Z
INC-20250818-F-028-002,F-028,2025-08-18,2025-08-18T08:06:00,A2,LOW,22.1,ehr_2025-08-18_F-028.csv,2025-08-18T02:02:00Z
INC-20250818-F-028-003,F-028,2025-08-18,2025-08-18T08:09:00,A1,MED,10.9,ehr_2025-08-18_F-028.csv,2025-08-18T02:03:00Z
INC-20250818-F-028-004,F-028,2025-08-18,2025-08-18T08:12:00,XX,HIGH,11.4,ehr_2025-08-18_F-028.csv,2025-08-18T02:04:00Z
INC-20250818-F-028-005,F-028,2025-08-18,2025-08-18T08:15:00,A2,MED,35.4,ehr_2025-08-18_F-028.csv,2025-08-18T02:05:00Z
INC-20250818-F-028-006,F-028,2025-08-18,2025-08-18T08:18:00,A3,HIGH,18.4,ehr_2025-08-18_F-028.csv,2025-08-18T02:06:00Z
INC-20250818-F-028-007,F-028,2025-08-18,2025-08-18T08:21:00,A1,MED,1.0,ehr_2025-08-18_F-028.csv,2025-08-18T02:07:00Z
INC-20250818-F-028-008,F-028,2025-08-18,2025-08-18T08:24:00,B1,LOW,7.3,ehr_2025-08-18_F-028.csv,2025-08-18T02:08:00Z
INC-20250818-F-028-009,F-028,2025-08-18,2025-08-18T08:27:00,B2,HIGH,43.9,ehr_2025-08-18_F-028.csv,2025-08-18T02:09:00Z
INC-20250818-F-028-010,F-028,2025-08-18,2025-08-18T08:30:00,A1,LOW,9.9,ehr_2025-08-18_F-028.csv,2025-08-18T02:10:00Z
INC-20250818-F-028-011,F-028,2025-08-18,2025-08-18T08:33:00,A3,HIGH,8.8,ehr_2025-08-18_F-028.csv,2025-08-18T02:11:00Z
INC-20250818-F-028-012,F-028,2025-08-18,2025-08-18T08:36:00,A2,LOW,9.8,ehr_2025-08-18_F-028.csv,2025-08-18T02:12:00Z
INC-20250818-F-028-013,F-028,2025-08-18,2025-08-18T08:39:00,A3,LOW,1.5,ehr_2025-08-18_F-028.csv,2025-08-18T02:13:00Z
INC-20250818-F-028-014,F-028,2025-08-18,2025-08-18T08:42:00,A4,HIGH,37.9,ehr_2025-08-18_F-028.csv,2025-08-18T02:14:00Z
INC-20250818-F-028-015,F-028,2025-08-18,2025-08-18T08:45:00,A2,MED,22.2,ehr_2025-08-18_F-028.csv,2025-08-18T02:15:00Z
INC-20250818-F-028-016,F-028,2025-08-18,2025-08-18T08:48:00,A3,HIGH,8.6,ehr_2025-08-18_F-028.csv,2025-08-18T02:16:00Z
INC-20250818-F-028-017,F-028,2025-08-18,2025-08-18T08:51:00,B1,MED,42.2,ehr_2025-08-18_F-028.csv,2025-08-18T02:17:00Z
INC-20250818-F-028-018,F-028,2025-08-18,2025-08-18T08:54:00,A2,LOW,38.3,ehr_2025-08-18_F-028.csv,2025-08-18T02:18:00Z
INC-20250818-F-029-000,F-029,2025-08-18,2025-08-18T08:00:00,B2,MED,15.6,ehr_2025-08-18_F-029.csv,2025-08-18T02:00:00Z
INC-20250818-F-029-001,F-029,2025-08-18,2025-08-18T08:03:00,B2,LOW,44.2,ehr_2025-08-18_F-029.csv,2025-08-18T02:01:00Z
INC-20250818-F-029-002,F-029,2025-08-18,2025-08-18T08:06:00,B1,LOW,41.1,ehr_2025-08-18_F-029.csv,2025-08-18T02:02:00Z
INC-20250818-F-029-003,F-029,2025-08-18,2025-08-18T08:09:00,A2,MED,12.2,ehr_2025-08-18_F-029.csv,2025-08-18T02:03:00Z
INC-20250818-F-029-004,F-029,2025-08-18,2025-08-18T08:12:00,A3,LOW,40.9,ehr_2025-08-18_F-029.csv,2025-08-18T02:04:00Z
INC-20250818-F-029-005,F-029,2025-08-18,2025-08-18T08:15:00,A4,LOW,35.0,ehr_2025-08-18_F-029.csv,2025-08-18T02:05:00Z
INC-20250818-F-029-006,F-029,2025-08-18,2025-08-18T08:18:00,B2,HIGH,3.6,ehr_2025-08-18_F-029.csv,2025-08-18T02:06:00Z
INC-20250818-F-029-007,F-029,2025-08-18,2025-08-18T08:21:00,B2,HIGH,18.3,ehr_2025-08-18_F-029.csv,2025-08-18T02:07:00Z
INC-20250818-F-029-008,F-029,2025-08-18,2025-08-18T08:24:00,A2,MED,34.3,ehr_2025-08-18_F-029.csv,2025-08-18T02:08:00Z
INC-20250818-F-029-009,F-029,2025-08-18,2025-08-18T08:27:00,A4,HIGH,45.9,ehr_2025-08-18_F-029.csv,2025-08-18T02:09:00Z
INC-20250818-F-029-010,F-029,2025-08-18,2025-08-18T08:30:00,B1,MED,30.8,ehr_2025-08-18_F-029.csv,2025-08-18T02:10:00Z
INC-20250818-F-030-000,F-030,2025-08-18,2025-08-18T08:00:00,A1,LOW,10.9,ehr_2025-08-18_F-030.csv,2025-08-18T02:00:00Z
INC-20250818-F-030-001,F-030,2025-08-18,2025-08-18T08:03:00,A2,MED,10.9,ehr_2025-08-18_F-030.csv,2025-08-18T02:01:00Z
INC-20250818-F-030-002,F-030,2025-08-18,2025-08-18T08:06:00,A4,HIGH,8.0,ehr_2025-08-18_F-030.csv,2025-08-18T02:02:00Z
INC-20250818-F-030-003,F-030,2025-08-18,2025-08-18T08:09:00,A3,HIGH,4.5,ehr_2025-08-18_F-030.csv,2025-08-18T02:03:00Z
INC-20250818-F-030-004,F-030,2025-08-18,2025-08-18T08:12:00,A3,MED,25.1,ehr_2025-08-18_F-030.csv,2025-08-18T02:04:00Z
INC-20250818-F-030-005,F-030,2025-08-18,2025-08-18T08:15:00,A1,MED,24.8,ehr_2025-08-18_F-030.csv,2025-08-18T02:05:00Z
INC-20250818-F-030-006,F-030,2025-08-18,2025-08-18T08:18:00,A4,MED,21.0,ehr_2025-08-18_F-030.csv,2025-08-18T02:06:00Z
INC-20250818-F-030-007,F-030,2025-08-18,2025-08-18T08:21:00,A4,MED,13.5,ehr_2025-08-18_F-030.csv,2025-08-18T02:07:00Z
INC-20250818-F-030-008,F-030,2025-08-18,2025-08-18T08:24:00,??,LOW,13.1,ehr_2025-08-18_F-030.csv,2025-08-18T02:08:00Z
INC-20250818-F-030-009,F-030,2025-08-18,2025-08-18T08:27:00,A1,MED,40.5,ehr_2025-08-18_F-030.csv,2025-08-18T02:09:00Z
INC-20250818-F-030-010,F-030,2025-08-18,2025-08-18T08:30:00,B2,LOW,37.8,ehr_2025-08-18_F-030.csv,2025-08-18T02:10:00Z
INC-20250818-F-030-011,F-030,2025-08-18,2025-08-18T08:33:00,A1,LOW,3.9,ehr_2025-08-18_F-030.csv,2025-08-18T02:11:00Z
INC-20250818-F-030-012,F-030,2025-08-18,2025-08-18T08:36:00,A2,MED,9.8,ehr_2025-08-18_F-030.csv,2025-08-18T02:12:00Z
INC-20250818-F-030-013,F-030,2025-08-18,2025-08-18T08:39:00,A3,HIGH,39.2,ehr_2025-08-18_F-030.csv,2025-08-18T02:13:00Z
INC-20250818-F-030-014,F-030,2025-08-18,2025-08-18T08:42:00,A3,LOW,34.0,ehr_2025-08-18_F-030.csv,2025-08-18T02:14:00Z
INC-20250818-F-030-015,F-030,2025-08-18,2025-08-18T08:45:00,B2,HIGH,26.3,ehr_2025-08-18_F-030.csv,2025-08-18T02:15:00Z
INC-20250818-F-030-016,F-030,2025-08-18,2025-08-18T08:48:00,A3,MED,39.6,ehr_2025-08-18_F-030.csv,2025-08-18T02:16:00Z
INC-20250818-F-030-017,F-030,2025-08-18,2025-08-18T08:51:00,A4,MED,39.5,ehr_2025-08-18_F-030.csv,2025-08-18T02:17:00Z
INC-20250818-F-030-018,F-030,2025-08-18,2025-08-18T08:54:00,A1,MED,31.6,ehr_2025-08-18_F-030.csv,2025-08-18T02:18:00Z
INC-20250818-F-030-019,F-030,2025-08-18,2025-08-18T08:57:00,A2,MED,11.3,ehr_2025-08-18_F-030.csv,2025-08-18T02:19:00Z
